user_id,date,device,visits,button_clicks_monthly,button_clicks_yearly
U2501,2026-01-15,PC,1,0,1
U2501,2026-01-16,PC,2,0,0
U2501,2026-01-17,PC,3,0,1
U2501,2026-01-18,PC,5,1,4
U2501,2026-01-20,PC,4,0,2
U2501,2026-01-21,PC,5,0,5
U2501,2026-01-22,Mobile,4,1,2
U2501,2026-01-23,Mobile,4,0,0
U2501,2026-01-24,Mobile,2,0,0
U2501,2026-01-25,Mobile,3,0,2
U2501,2026-01-26,Mobile,2,0,1
U2501,2026-01-27,PC,1,0,1
U2501,2026-01-28,Mobile,3,0,1
U2502,2026-01-15,Mobile,5,2,1
U2502,2026-01-16,Mobile,5,0,0
U2502,2026-01-17,Mobile,5,0,0
U2502,2026-01-18,Mobile,4,3,0
U2502,2026-01-20,Mobile,5,0,0
U2502,2026-01-21,Mobile,5,4,0
U2502,2026-01-22,Mobile,2,0,2
U2502,2026-01-23,PC,4,0,0
U2502,2026-01-24,Mobile,2,0,1
U2502,2026-01-25,Mobile,3,1,0
U2502,2026-01-26,Mobile,1,0,1
U2502,2026-01-27,Mobile,4,2,1
U2503,2026-01-15,Mobile,2,0,1
U2503,2026-01-16,Mobile,5,1,3
U2503,2026-01-17,PC,2,0,0
U2503,2026-01-18,PC,2,1,1
U2503,2026-01-19,PC,3,0,1
U2503,2026-01-21,PC,4,1,2
U2503,2026-01-22,Mobile,1,0,1
U2503,2026-01-23,Mobile,2,0,2
U2503,2026-01-24,PC,3,0,1
U2503,2026-01-25,PC,4,0,4
U2503,2026-01-26,Mobile,2,0,0
U2503,2026-01-27,Mobile,4,0,1
U2503,2026-01-28,Mobile,5,2,1
U2504,2026-01-15,PC,1,1,0
U2504,2026-01-16,Mobile,1,0,1
U2504,2026-01-17,Mobile,1,0,1
U2504,2026-01-18,PC,5,1,0
U2504,2026-01-19,PC,4,2,1
U2504,2026-01-20,PC,1,1,0
U2504,2026-01-21,Mobile,5,3,2
U2504,2026-01-22,Mobile,3,0,0
U2504,2026-01-23,PC,3,0,1
U2504,2026-01-24,PC,2,1,1
U2504,2026-01-25,Mobile,5,1,0
U2504,2026-01-26,Mobile,1,0,1
U2504,2026-01-27,Mobile,4,0,0
U2504,2026-01-28,Mobile,4,2,1
U2505,2026-01-15,Mobile,3,0,1
U2505,2026-01-16,Mobile,1,0,0
U2505,2026-01-18,Mobile,4,1,0
U2505,2026-01-19,PC,1,1,0
U2505,2026-01-20,Mobile,1,1,0
U2505,2026-01-21,Mobile,1,0,0
U2505,2026-01-22,PC,1,0,0
U2505,2026-01-23,PC,3,0,0
U2505,2026-01-24,PC,2,0,0
U2505,2026-01-25,Mobile,2,1,0
U2505,2026-01-27,Mobile,5,1,0
U2505,2026-01-28,PC,3,1,1
U2506,2026-01-15,Mobile,5,2,1
U2506,2026-01-17,Mobile,4,2,1
U2506,2026-01-18,Mobile,1,0,0
U2506,2026-01-20,Mobile,4,1,0
U2506,2026-01-21,PC,5,0,0
U2506,2026-01-22,PC,3,2,1
U2506,2026-01-23,PC,1,0,1
U2506,2026-01-25,PC,5,2,0
U2506,2026-01-28,PC,4,1,0
U2507,2026-01-15,Mobile,2,2,0
U2507,2026-01-16,Mobile,3,0,0
U2507,2026-01-17,PC,2,0,0
U2507,2026-01-18,Mobile,5,1,1
U2507,2026-01-19,PC,4,0,0
U2507,2026-01-20,PC,5,0,0
U2507,2026-01-21,PC,3,2,0
U2507,2026-01-22,PC,5,1,1
U2507,2026-01-23,Mobile,3,1,1
U2507,2026-01-24,Mobile,3,0,3
U2507,2026-01-25,Mobile,5,4,0
U2507,2026-01-26,Mobile,1,0,0
U2507,2026-01-27,Mobile,4,1,3
U2507,2026-01-28,Mobile,2,0,0
U2508,2026-01-15,PC,5,0,0
U2508,2026-01-16,PC,2,1,1
U2508,2026-01-17,Mobile,2,0,0
U2508,2026-01-18,PC,3,1,0
U2508,2026-01-19,Mobile,2,1,1
U2508,2026-01-20,PC,4,0,0
U2508,2026-01-21,PC,5,4,0
U2508,2026-01-22,PC,5,2,2
U2508,2026-01-23,Mobile,4,0,0
U2508,2026-01-24,PC,4,0,0
U2508,2026-01-25,PC,4,1,2
U2508,2026-01-26,Mobile,2,1,0
U2508,2026-01-28,Mobile,4,2,1
U2509,2026-01-15,Mobile,3,0,0
U2509,2026-01-16,PC,1,0,0
U2509,2026-01-17,Mobile,2,2,0
U2509,2026-01-18,Mobile,2,0,0
U2509,2026-01-19,Mobile,3,0,0
U2509,2026-01-20,Mobile,1,0,0
U2509,2026-01-21,Mobile,2,1,0
U2509,2026-01-23,PC,1,0,0
U2509,2026-01-24,Mobile,5,2,1
U2509,2026-01-25,Mobile,5,0,1
U2509,2026-01-26,PC,3,0,1
U2509,2026-01-27,PC,5,3,1
U2509,2026-01-28,Mobile,2,0,0
U2510,2026-01-15,Mobile,3,1,0
U2510,2026-01-16,PC,5,1,0
U2510,2026-01-17,Mobile,2,1,0
U2510,2026-01-18,PC,4,0,0
U2510,2026-01-19,Mobile,3,0,0
U2510,2026-01-20,Mobile,5,2,0
U2510,2026-01-21,PC,2,0,0
U2510,2026-01-22,PC,2,0,2
U2510,2026-01-23,Mobile,3,1,0
U2510,2026-01-24,PC,4,2,1
U2510,2026-01-25,PC,2,1,1
U2510,2026-01-26,Mobile,5,3,2
U2510,2026-01-27,Mobile,3,1,2
U2510,2026-01-28,Mobile,3,0,0
U2511,2026-01-15,Mobile,3,1,1
U2511,2026-01-16,Mobile,2,0,1
U2511,2026-01-17,PC,5,1,3
U2511,2026-01-18,Mobile,3,0,0
U2511,2026-01-19,Mobile,3,0,1
U2511,2026-01-20,PC,2,0,0
U2511,2026-01-21,Mobile,3,1,0
U2511,2026-01-22,PC,5,1,2
U2511,2026-01-23,PC,3,0,1
U2511,2026-01-24,Mobile,2,0,0
U2511,2026-01-25,Mobile,5,2,2
U2511,2026-01-26,PC,4,0,0
U2511,2026-01-28,Mobile,2,1,1
U2512,2026-01-16,Mobile,4,1,0
U2512,2026-01-17,Mobile,3,1,0
U2512,2026-01-18,Mobile,1,1,0
U2512,2026-01-19,PC,2,1,0
U2512,2026-01-20,PC,1,1,0
U2512,2026-01-21,PC,2,2,0
U2512,2026-01-23,Mobile,2,0,1
U2512,2026-01-24,PC,4,0,0
U2512,2026-01-26,Mobile,4,1,0
U2512,2026-01-27,PC,4,1,3
U2512,2026-01-28,PC,1,0,0
U2513,2026-01-16,PC,3,2,1
U2513,2026-01-17,PC,2,2,0
U2513,2026-01-18,Mobile,5,0,1
U2513,2026-01-20,PC,3,0,0
U2513,2026-01-21,Mobile,4,0,0
U2513,2026-01-22,Mobile,3,0,1
U2513,2026-01-23,PC,2,0,0
U2513,2026-01-25,PC,5,0,0
U2513,2026-01-26,PC,1,0,1
U2513,2026-01-27,PC,2,0,0
U2513,2026-01-28,Mobile,5,3,2
U2514,2026-01-16,PC,3,0,0
U2514,2026-01-17,PC,2,0,0
U2514,2026-01-18,Mobile,5,2,3
U2514,2026-01-19,Mobile,1,0,1
U2514,2026-01-20,Mobile,3,0,1
U2514,2026-01-21,Mobile,4,1,2
U2514,2026-01-22,Mobile,2,0,1
U2514,2026-01-23,Mobile,5,1,3
U2514,2026-01-25,Mobile,2,2,0
U2514,2026-01-26,PC,3,0,0
U2514,2026-01-27,PC,2,0,2
U2514,2026-01-28,Mobile,1,0,0
U2515,2026-01-15,PC,1,1,0
U2515,2026-01-17,PC,2,0,0
U2515,2026-01-18,Mobile,5,1,4
U2515,2026-01-19,Mobile,3,1,2
U2515,2026-01-20,PC,1,0,0
U2515,2026-01-21,PC,1,0,0
U2515,2026-01-23,Mobile,3,1,0
U2515,2026-01-24,PC,4,1,0
U2515,2026-01-25,Mobile,3,0,1
U2515,2026-01-26,PC,4,1,1
U2515,2026-01-27,Mobile,4,0,0
U2515,2026-01-28,Mobile,3,0,0
U2516,2026-01-18,Mobile,2,0,0
U2516,2026-01-19,Mobile,1,0,0
U2516,2026-01-20,PC,3,2,0
U2516,2026-01-21,Mobile,5,0,1
U2516,2026-01-22,Mobile,5,3,1
U2516,2026-01-24,Mobile,5,0,0
U2516,2026-01-25,PC,2,0,1
U2516,2026-01-26,Mobile,4,2,1
U2516,2026-01-27,Mobile,3,0,2
U2516,2026-01-28,Mobile,1,0,0
U2517,2026-01-15,PC,4,1,1
U2517,2026-01-16,Mobile,3,1,0
U2517,2026-01-18,Mobile,2,0,0
U2517,2026-01-19,PC,4,0,4
U2517,2026-01-20,PC,5,0,0
U2517,2026-01-21,Mobile,4,0,0
U2517,2026-01-22,Mobile,2,0,0
U2517,2026-01-23,Mobile,4,1,1
U2517,2026-01-24,PC,1,0,0
U2517,2026-01-26,Mobile,5,4,0
U2517,2026-01-27,PC,1,1,0
U2517,2026-01-28,PC,3,0,3
U2518,2026-01-15,PC,1,0,0
U2518,2026-01-16,Mobile,3,1,2
U2518,2026-01-17,PC,4,0,1
U2518,2026-01-18,PC,1,0,1
U2518,2026-01-19,Mobile,2,1,0
U2518,2026-01-20,PC,2,1,1
U2518,2026-01-21,Mobile,4,1,2
U2518,2026-01-22,PC,3,1,2
U2518,2026-01-23,Mobile,1,0,1
U2518,2026-01-24,Mobile,5,0,1
U2518,2026-01-25,PC,1,0,1
U2518,2026-01-26,Mobile,3,2,0
U2518,2026-01-27,Mobile,3,2,1
U2518,2026-01-28,PC,1,0,0
U2519,2026-01-15,Mobile,3,1,1
U2519,2026-01-17,PC,5,4,1
U2519,2026-01-18,PC,4,3,1
U2519,2026-01-19,PC,1,0,0
U2519,2026-01-20,PC,5,0,0
U2519,2026-01-21,PC,1,0,1
U2519,2026-01-22,PC,2,0,0
U2519,2026-01-23,Mobile,3,0,0
U2519,2026-01-24,Mobile,1,1,0
U2519,2026-01-25,Mobile,5,0,0
U2519,2026-01-26,Mobile,4,1,0
U2519,2026-01-27,Mobile,3,0,0
U2519,2026-01-28,PC,4,3,1
U2520,2026-01-16,Mobile,5,0,5
U2520,2026-01-17,Mobile,3,1,2
U2520,2026-01-18,PC,4,0,0
U2520,2026-01-19,Mobile,5,0,2
U2520,2026-01-20,Mobile,5,0,0
U2520,2026-01-21,PC,2,1,0
U2520,2026-01-22,Mobile,2,0,0
U2520,2026-01-23,Mobile,2,0,0
U2520,2026-01-24,Mobile,2,1,1
U2520,2026-01-25,PC,1,0,1
U2520,2026-01-26,PC,4,1,1
U2520,2026-01-27,PC,1,0,1
U2520,2026-01-28,PC,1,0,1
U2521,2026-01-15,Mobile,4,0,4
U2521,2026-01-16,Mobile,1,0,0
U2521,2026-01-17,Mobile,5,3,2
U2521,2026-01-18,Mobile,3,1,0
U2521,2026-01-19,Mobile,1,0,0
U2521,2026-01-20,Mobile,5,0,5
U2521,2026-01-21,PC,2,0,0
U2521,2026-01-22,PC,5,0,2
U2521,2026-01-23,PC,5,1,2
U2521,2026-01-25,PC,5,0,0
U2521,2026-01-26,PC,5,2,3
U2521,2026-01-27,Mobile,3,0,2
U2521,2026-01-28,Mobile,5,1,1
U2522,2026-01-16,PC,1,0,0
U2522,2026-01-17,PC,4,2,0
U2522,2026-01-18,PC,2,1,0
U2522,2026-01-19,Mobile,3,0,2
U2522,2026-01-20,PC,1,0,1
U2522,2026-01-21,Mobile,3,2,1
U2522,2026-01-22,PC,5,1,1
U2522,2026-01-23,PC,5,1,0
U2522,2026-01-24,PC,3,1,2
U2522,2026-01-25,PC,4,0,0
U2522,2026-01-26,Mobile,2,0,2
U2522,2026-01-27,Mobile,3,0,2
U2522,2026-01-28,Mobile,1,0,0
U2523,2026-01-15,PC,3,0,0
U2523,2026-01-16,Mobile,4,1,1
U2523,2026-01-17,Mobile,4,1,3
U2523,2026-01-19,Mobile,1,1,0
U2523,2026-01-20,Mobile,2,0,1
U2523,2026-01-21,Mobile,1,1,0
U2523,2026-01-22,PC,5,2,1
U2523,2026-01-23,Mobile,5,0,0
U2523,2026-01-24,PC,5,0,4
U2523,2026-01-25,PC,5,4,1
U2523,2026-01-26,Mobile,2,1,0
U2523,2026-01-27,PC,1,0,1
U2523,2026-01-28,Mobile,2,0,0
U2524,2026-01-15,PC,3,0,2
U2524,2026-01-16,Mobile,2,0,2
U2524,2026-01-17,Mobile,3,0,0
U2524,2026-01-18,PC,2,0,2
U2524,2026-01-20,Mobile,3,0,1
U2524,2026-01-21,PC,5,3,2
U2524,2026-01-22,PC,1,0,1
U2524,2026-01-24,PC,5,0,0
U2524,2026-01-25,Mobile,2,0,0
U2524,2026-01-26,Mobile,3,2,1
U2524,2026-01-27,Mobile,2,0,0
U2525,2026-01-15,Mobile,1,0,0
U2525,2026-01-16,Mobile,5,1,4
U2525,2026-01-17,Mobile,5,1,4
U2525,2026-01-18,PC,5,1,2
U2525,2026-01-19,PC,1,0,1
U2525,2026-01-20,PC,3,0,0
U2525,2026-01-21,Mobile,4,1,2
U2525,2026-01-22,Mobile,3,1,1
U2525,2026-01-23,Mobile,3,0,0
U2525,2026-01-24,PC,5,3,2
U2525,2026-01-26,PC,3,1,2
U2525,2026-01-27,Mobile,4,1,1
U2525,2026-01-28,Mobile,4,1,1
U2526,2026-01-15,PC,3,1,1
U2526,2026-01-16,PC,5,0,0
U2526,2026-01-17,Mobile,3,0,2
U2526,2026-01-18,PC,5,0,1
U2526,2026-01-19,Mobile,1,0,1
U2526,2026-01-20,PC,4,3,0
U2526,2026-01-21,Mobile,1,0,0
U2526,2026-01-22,Mobile,1,0,0
U2526,2026-01-23,PC,1,1,0
U2526,2026-01-24,Mobile,5,2,1
U2526,2026-01-25,PC,4,1,1
U2526,2026-01-26,PC,4,0,0
U2526,2026-01-28,Mobile,5,3,0
U2527,2026-01-17,Mobile,4,0,0
U2527,2026-01-18,PC,3,1,0
U2527,2026-01-19,Mobile,5,3,2
U2527,2026-01-20,PC,5,3,1
U2527,2026-01-21,PC,3,1,0
U2527,2026-01-22,Mobile,2,1,0
U2527,2026-01-23,Mobile,3,1,0
U2527,2026-01-24,PC,5,0,2
U2527,2026-01-25,Mobile,5,3,2
U2527,2026-01-26,Mobile,5,3,2
U2527,2026-01-27,Mobile,4,0,2
U2527,2026-01-28,Mobile,3,1,2
U2528,2026-01-15,PC,2,0,0
U2528,2026-01-16,Mobile,3,0,0
U2528,2026-01-17,PC,3,3,0
U2528,2026-01-19,Mobile,5,1,3
U2528,2026-01-20,Mobile,5,1,4
U2528,2026-01-21,Mobile,3,1,1
U2528,2026-01-22,Mobile,4,0,2
U2528,2026-01-23,Mobile,4,0,3
U2528,2026-01-24,PC,2,0,2
U2528,2026-01-25,Mobile,5,3,2
U2528,2026-01-26,Mobile,3,0,0
U2528,2026-01-27,PC,5,1,1
U2528,2026-01-28,Mobile,2,1,0
U2529,2026-01-15,PC,2,2,0
U2529,2026-01-16,PC,2,0,1
U2529,2026-01-17,Mobile,2,0,0
U2529,2026-01-18,Mobile,3,2,0
U2529,2026-01-19,Mobile,5,2,2
U2529,2026-01-20,Mobile,3,0,2
U2529,2026-01-21,PC,1,0,0
U2529,2026-01-23,Mobile,5,0,0
U2529,2026-01-24,Mobile,3,0,0
U2529,2026-01-26,Mobile,1,0,1
U2529,2026-01-27,PC,1,0,1
U2530,2026-01-15,Mobile,5,0,1
U2530,2026-01-18,Mobile,1,1,0
U2530,2026-01-19,PC,3,1,2
U2530,2026-01-20,Mobile,1,0,0
U2530,2026-01-21,PC,1,1,0
U2530,2026-01-22,PC,1,0,0
U2530,2026-01-23,Mobile,3,0,0
U2530,2026-01-24,Mobile,2,0,1
U2530,2026-01-25,Mobile,3,1,1
U2530,2026-01-26,PC,5,0,5
U2530,2026-01-27,Mobile,4,0,2
U2530,2026-01-28,PC,3,1,0
U2531,2026-01-15,PC,5,1,1
U2531,2026-01-16,PC,4,0,0
U2531,2026-01-17,Mobile,5,1,4
U2531,2026-01-18,Mobile,3,2,0
U2531,2026-01-19,Mobile,3,1,2
U2531,2026-01-20,PC,5,0,1
U2531,2026-01-21,Mobile,1,0,0
U2531,2026-01-22,PC,2,0,1
U2531,2026-01-24,PC,4,0,3
U2531,2026-01-25,Mobile,1,0,0
U2531,2026-01-26,Mobile,2,0,2
U2531,2026-01-27,Mobile,2,0,1
U2531,2026-01-28,Mobile,5,0,4
U2532,2026-01-15,Mobile,3,0,0
U2532,2026-01-16,Mobile,5,2,1
U2532,2026-01-17,Mobile,5,2,1
U2532,2026-01-18,PC,1,0,0
U2532,2026-01-19,Mobile,2,0,2
U2532,2026-01-20,PC,1,1,0
U2532,2026-01-21,Mobile,5,2,3
U2532,2026-01-22,Mobile,4,1,2
U2532,2026-01-23,Mobile,4,0,0
U2532,2026-01-24,PC,5,1,2
U2532,2026-01-25,PC,2,0,1
U2532,2026-01-26,PC,3,1,1
U2532,2026-01-27,Mobile,1,1,0
U2532,2026-01-28,Mobile,1,0,0
U2533,2026-01-15,PC,5,0,2
U2533,2026-01-16,Mobile,4,0,0
U2533,2026-01-17,Mobile,5,0,1
U2533,2026-01-18,PC,5,0,3
U2533,2026-01-19,Mobile,1,0,0
U2533,2026-01-21,PC,3,0,1
U2533,2026-01-22,Mobile,1,0,0
U2533,2026-01-24,PC,3,1,2
U2533,2026-01-25,PC,5,0,1
U2533,2026-01-26,PC,5,1,3
U2533,2026-01-27,Mobile,5,2,0
U2533,2026-01-28,PC,1,0,1
U2534,2026-01-15,Mobile,1,0,0
U2534,2026-01-16,Mobile,5,2,1
U2534,2026-01-17,Mobile,4,0,1
U2534,2026-01-18,PC,4,0,2
U2534,2026-01-19,PC,5,2,3
U2534,2026-01-20,PC,3,0,1
U2534,2026-01-21,Mobile,5,0,2
U2534,2026-01-22,PC,2,1,0
U2534,2026-01-23,Mobile,3,0,0
U2534,2026-01-24,PC,4,0,0
U2534,2026-01-25,Mobile,1,0,1
U2534,2026-01-26,PC,5,0,1
U2534,2026-01-28,Mobile,5,3,2
U2535,2026-01-15,Mobile,2,0,0
U2535,2026-01-16,Mobile,4,1,2
U2535,2026-01-17,Mobile,4,0,2
U2535,2026-01-18,PC,1,0,0
U2535,2026-01-19,Mobile,4,0,2
U2535,2026-01-20,PC,3,0,0
U2535,2026-01-21,Mobile,2,1,1
U2535,2026-01-22,Mobile,4,1,2
U2535,2026-01-23,PC,4,2,1
U2535,2026-01-24,Mobile,5,2,3
U2535,2026-01-25,PC,5,2,1
U2535,2026-01-27,Mobile,3,2,1
U2535,2026-01-28,PC,2,0,0
U2536,2026-01-15,Mobile,3,1,2
U2536,2026-01-16,Mobile,2,0,2
U2536,2026-01-17,Mobile,4,2,1
U2536,2026-01-18,Mobile,3,0,0
U2536,2026-01-19,Mobile,4,0,0
U2536,2026-01-20,PC,2,1,1
U2536,2026-01-22,PC,5,1,2
U2536,2026-01-23,Mobile,1,0,0
U2536,2026-01-24,PC,2,0,0
U2536,2026-01-25,PC,3,0,1
U2536,2026-01-26,Mobile,2,2,0
U2536,2026-01-27,PC,1,0,0
U2536,2026-01-28,Mobile,1,0,0
U2537,2026-01-15,Mobile,4,1,2
U2537,2026-01-16,PC,5,1,1
U2537,2026-01-17,Mobile,2,0,2
U2537,2026-01-18,Mobile,5,0,0
U2537,2026-01-19,PC,4,0,0
U2537,2026-01-20,PC,5,0,0
U2537,2026-01-21,PC,5,0,0
U2537,2026-01-22,PC,5,1,1
U2537,2026-01-23,Mobile,5,1,2
U2537,2026-01-25,Mobile,2,0,1
U2537,2026-01-26,PC,4,3,1
U2537,2026-01-27,PC,3,0,1
U2537,2026-01-28,Mobile,3,1,1
U2538,2026-01-15,PC,4,0,0
U2538,2026-01-16,Mobile,2,0,1
U2538,2026-01-17,Mobile,3,0,0
U2538,2026-01-18,Mobile,4,0,0
U2538,2026-01-19,Mobile,2,0,0
U2538,2026-01-20,PC,1,0,0
U2538,2026-01-21,Mobile,2,1,1
U2538,2026-01-22,PC,1,0,0
U2538,2026-01-23,PC,3,1,2
U2538,2026-01-24,PC,5,2,1
U2538,2026-01-25,PC,4,1,2
U2538,2026-01-26,PC,3,2,1
U2538,2026-01-27,Mobile,2,0,0
U2538,2026-01-28,Mobile,5,1,1
U2539,2026-01-15,PC,5,3,1
U2539,2026-01-18,PC,1,0,1
U2539,2026-01-19,Mobile,1,1,0
U2539,2026-01-20,Mobile,2,0,2
U2539,2026-01-21,Mobile,4,1,1
U2539,2026-01-22,Mobile,5,1,1
U2539,2026-01-23,Mobile,2,0,0
U2539,2026-01-24,Mobile,1,0,1
U2539,2026-01-25,PC,3,0,1
U2540,2026-01-15,Mobile,5,1,1
U2540,2026-01-16,Mobile,4,1,0
U2540,2026-01-17,Mobile,1,1,0
U2540,2026-01-18,Mobile,3,1,1
U2540,2026-01-20,PC,1,1,0
U2540,2026-01-21,Mobile,1,1,0
U2540,2026-01-23,Mobile,4,0,1
U2540,2026-01-25,PC,1,0,0
U2540,2026-01-26,Mobile,5,3,1
U2540,2026-01-27,Mobile,1,0,0
U2540,2026-01-28,Mobile,1,1,0
U2541,2026-01-15,Mobile,4,1,2
U2541,2026-01-17,Mobile,3,2,0
U2541,2026-01-18,Mobile,1,0,0
U2541,2026-01-19,PC,1,0,0
U2541,2026-01-21,PC,1,0,1
U2541,2026-01-22,Mobile,3,2,1
U2541,2026-01-23,Mobile,3,0,0
U2541,2026-01-24,PC,1,1,0
U2541,2026-01-25,PC,1,0,0
U2541,2026-01-26,Mobile,5,1,2
U2541,2026-01-27,Mobile,1,0,1
U2541,2026-01-28,PC,2,0,1
U2542,2026-01-15,PC,2,1,1
U2542,2026-01-16,PC,4,1,2
U2542,2026-01-17,Mobile,4,2,2
U2542,2026-01-18,Mobile,1,1,0
U2542,2026-01-19,Mobile,5,1,3
U2542,2026-01-20,Mobile,5,0,4
U2542,2026-01-21,Mobile,5,0,2
U2542,2026-01-22,PC,5,3,2
U2542,2026-01-23,Mobile,1,0,1
U2542,2026-01-24,PC,2,0,1
U2542,2026-01-25,PC,1,0,0
U2542,2026-01-26,Mobile,2,1,1
U2542,2026-01-27,PC,4,1,3
U2542,2026-01-28,PC,5,3,2
U2543,2026-01-15,PC,3,0,3
U2543,2026-01-16,Mobile,2,0,1
U2543,2026-01-18,Mobile,4,0,3
U2543,2026-01-20,PC,5,1,2
U2543,2026-01-21,PC,3,1,2
U2543,2026-01-22,Mobile,4,0,0
U2543,2026-01-23,PC,2,0,0
U2543,2026-01-24,Mobile,5,2,3
U2543,2026-01-25,Mobile,3,0,2
U2543,2026-01-27,Mobile,5,0,0
U2543,2026-01-28,PC,3,0,1
U2544,2026-01-16,Mobile,4,1,1
U2544,2026-01-18,PC,3,1,0
U2544,2026-01-19,Mobile,5,1,1
U2544,2026-01-20,Mobile,5,0,2
U2544,2026-01-21,PC,3,1,0
U2544,2026-01-22,Mobile,3,1,2
U2544,2026-01-23,PC,5,3,2
U2544,2026-01-24,Mobile,1,0,0
U2544,2026-01-25,Mobile,4,1,2
U2544,2026-01-27,Mobile,3,0,0
U2544,2026-01-28,PC,4,1,3
U2545,2026-01-15,Mobile,1,1,0
U2545,2026-01-16,PC,2,1,1
U2545,2026-01-17,PC,1,1,0
U2545,2026-01-18,PC,5,1,0
U2545,2026-01-19,Mobile,4,1,2
U2545,2026-01-20,Mobile,3,0,0
U2545,2026-01-21,Mobile,4,1,2
U2545,2026-01-22,Mobile,1,0,1
U2545,2026-01-23,PC,1,0,0
U2545,2026-01-24,Mobile,3,0,1
U2545,2026-01-25,PC,2,1,1
U2545,2026-01-26,Mobile,5,2,0
U2545,2026-01-27,Mobile,3,1,0
U2546,2026-01-16,Mobile,4,2,1
U2546,2026-01-17,Mobile,4,0,0
U2546,2026-01-18,Mobile,4,2,0
U2546,2026-01-19,PC,2,2,0
U2546,2026-01-20,Mobile,5,3,0
U2546,2026-01-21,Mobile,4,2,2
U2546,2026-01-22,Mobile,2,1,0
U2546,2026-01-23,Mobile,3,1,0
U2546,2026-01-25,Mobile,1,1,0
U2546,2026-01-26,PC,1,0,1
U2547,2026-01-15,PC,2,1,0
U2547,2026-01-16,PC,1,0,0
U2547,2026-01-17,Mobile,4,2,1
U2547,2026-01-18,PC,3,1,2
U2547,2026-01-19,PC,1,0,0
U2547,2026-01-21,PC,2,1,1
U2547,2026-01-22,Mobile,5,0,0
U2547,2026-01-24,PC,2,1,0
U2547,2026-01-25,Mobile,3,0,1
U2547,2026-01-26,Mobile,4,1,1
U2547,2026-01-27,Mobile,4,2,0
U2547,2026-01-28,PC,3,2,1
U2548,2026-01-15,PC,1,0,0
U2548,2026-01-16,Mobile,2,1,1
U2548,2026-01-17,Mobile,1,0,1
U2548,2026-01-18,Mobile,4,0,0
U2548,2026-01-19,Mobile,1,0,0
U2548,2026-01-20,PC,2,0,2
U2548,2026-01-22,PC,3,1,1
U2548,2026-01-23,Mobile,1,0,0
U2548,2026-01-25,PC,3,0,0
U2548,2026-01-26,PC,4,0,2
U2548,2026-01-27,Mobile,5,0,0
U2548,2026-01-28,Mobile,5,1,3
U2549,2026-01-15,PC,4,2,1
U2549,2026-01-16,Mobile,1,0,0
U2549,2026-01-18,Mobile,3,1,0
U2549,2026-01-19,PC,4,1,1
U2549,2026-01-20,PC,4,1,3
U2549,2026-01-22,Mobile,1,0,1
U2549,2026-01-23,PC,4,1,1
U2549,2026-01-25,Mobile,5,0,0
U2549,2026-01-26,PC,4,0,0
U2549,2026-01-27,Mobile,2,0,0
U2549,2026-01-28,Mobile,3,2,1
U2550,2026-01-15,Mobile,5,0,0
U2550,2026-01-16,Mobile,5,0,1
U2550,2026-01-17,PC,2,0,2
U2550,2026-01-18,Mobile,1,0,0
U2550,2026-01-21,Mobile,5,0,1
U2550,2026-01-22,Mobile,1,0,0
U2550,2026-01-23,Mobile,2,1,0
U2550,2026-01-24,Mobile,2,1,0
U2550,2026-01-25,Mobile,1,0,0
U2550,2026-01-26,Mobile,2,0,0
U2550,2026-01-27,Mobile,5,0,4
U2550,2026-01-28,Mobile,1,1,0
U2551,2026-01-15,PC,5,2,3
U2551,2026-01-16,Mobile,5,1,2
U2551,2026-01-17,PC,1,0,0
U2551,2026-01-18,PC,5,0,0
U2551,2026-01-19,Mobile,1,0,1
U2551,2026-01-20,PC,2,0,2
U2551,2026-01-21,PC,5,1,4
U2551,2026-01-22,Mobile,5,1,3
U2551,2026-01-23,PC,5,0,0
U2551,2026-01-24,Mobile,3,0,0
U2551,2026-01-25,PC,4,0,1
U2551,2026-01-27,Mobile,5,3,2
U2552,2026-01-15,Mobile,3,2,1
U2552,2026-01-17,Mobile,2,1,1
U2552,2026-01-18,PC,2,0,0
U2552,2026-01-19,PC,2,0,0
U2552,2026-01-21,Mobile,4,0,0
U2552,2026-01-22,Mobile,2,0,2
U2552,2026-01-23,Mobile,3,0,0
U2552,2026-01-24,Mobile,3,0,3
U2552,2026-01-25,Mobile,1,0,0
U2552,2026-01-26,Mobile,2,0,0
U2552,2026-01-27,Mobile,4,0,4
U2552,2026-01-28,PC,2,1,0
U2553,2026-01-15,Mobile,1,0,0
U2553,2026-01-16,Mobile,2,0,0
U2553,2026-01-17,Mobile,2,0,1
U2553,2026-01-18,Mobile,2,0,0
U2553,2026-01-19,Mobile,3,0,0
U2553,2026-01-20,Mobile,5,0,3
U2553,2026-01-21,Mobile,5,0,4
U2553,2026-01-22,Mobile,5,1,2
U2553,2026-01-23,Mobile,5,0,0
U2553,2026-01-24,PC,1,0,0
U2553,2026-01-25,PC,2,0,0
U2553,2026-01-26,Mobile,1,0,0
U2553,2026-01-27,Mobile,4,1,1
U2553,2026-01-28,PC,2,0,1
U2554,2026-01-15,PC,3,0,1
U2554,2026-01-16,PC,1,1,0
U2554,2026-01-17,Mobile,4,0,1
U2554,2026-01-18,Mobile,2,0,0
U2554,2026-01-19,PC,4,2,2
U2554,2026-01-20,PC,4,0,0
U2554,2026-01-21,Mobile,5,0,2
U2554,2026-01-22,Mobile,5,0,1
U2554,2026-01-23,Mobile,3,1,1
U2554,2026-01-24,Mobile,1,0,0
U2554,2026-01-25,Mobile,4,1,2
U2554,2026-01-26,Mobile,5,0,4
U2554,2026-01-28,Mobile,1,0,0
U2555,2026-01-16,PC,3,2,0
U2555,2026-01-17,Mobile,1,1,0
U2555,2026-01-18,PC,4,0,1
U2555,2026-01-19,Mobile,1,0,0
U2555,2026-01-20,Mobile,1,0,0
U2555,2026-01-21,Mobile,3,0,0
U2555,2026-01-22,PC,5,1,1
U2555,2026-01-23,Mobile,4,0,0
U2555,2026-01-24,Mobile,3,0,3
U2555,2026-01-25,Mobile,1,1,0
U2555,2026-01-26,Mobile,5,2,1
U2555,2026-01-27,Mobile,1,1,0
U2555,2026-01-28,Mobile,5,1,0
U2556,2026-01-15,PC,1,0,0
U2556,2026-01-16,PC,5,0,4
U2556,2026-01-17,Mobile,2,0,1
U2556,2026-01-18,Mobile,5,1,2
U2556,2026-01-20,PC,5,0,1
U2556,2026-01-21,Mobile,5,1,1
U2556,2026-01-22,Mobile,5,1,0
U2556,2026-01-23,Mobile,3,0,0
U2556,2026-01-24,Mobile,1,0,0
U2556,2026-01-25,Mobile,3,0,2
U2556,2026-01-26,PC,1,0,1
U2556,2026-01-27,PC,3,0,0
U2556,2026-01-28,PC,5,0,3
U2557,2026-01-15,Mobile,3,1,1
U2557,2026-01-16,Mobile,4,0,0
U2557,2026-01-17,PC,1,0,0
U2557,2026-01-18,Mobile,3,2,1
U2557,2026-01-19,Mobile,5,0,2
U2557,2026-01-21,Mobile,2,1,1
U2557,2026-01-22,Mobile,3,0,0
U2557,2026-01-23,Mobile,1,0,0
U2557,2026-01-24,PC,2,0,1
U2557,2026-01-25,PC,1,0,0
U2557,2026-01-26,PC,1,0,0
U2557,2026-01-27,PC,5,1,3
U2557,2026-01-28,PC,3,1,2
U2558,2026-01-15,Mobile,1,0,1
U2558,2026-01-16,Mobile,3,0,0
U2558,2026-01-18,PC,3,0,3
U2558,2026-01-19,PC,3,1,1
U2558,2026-01-21,Mobile,4,1,3
U2558,2026-01-22,Mobile,3,0,1
U2558,2026-01-23,PC,2,1,1
U2558,2026-01-24,PC,5,0,1
U2558,2026-01-25,Mobile,3,1,1
U2558,2026-01-26,Mobile,5,0,0
U2558,2026-01-27,Mobile,2,1,1
U2558,2026-01-28,Mobile,4,1,3
U2559,2026-01-15,Mobile,3,1,1
U2559,2026-01-16,PC,4,0,0
U2559,2026-01-17,PC,2,0,1
U2559,2026-01-19,Mobile,5,0,0
U2559,2026-01-20,Mobile,1,0,1
U2559,2026-01-21,Mobile,3,1,2
U2559,2026-01-22,PC,4,1,0
U2559,2026-01-24,Mobile,3,0,1
U2559,2026-01-26,PC,1,0,1
U2559,2026-01-27,PC,3,1,2
U2559,2026-01-28,PC,1,0,0
U2560,2026-01-15,Mobile,3,1,2
U2560,2026-01-16,PC,1,0,1
U2560,2026-01-17,Mobile,3,0,1
U2560,2026-01-19,Mobile,3,0,1
U2560,2026-01-20,PC,1,0,1
U2560,2026-01-21,PC,4,1,1
U2560,2026-01-22,Mobile,3,1,0
U2560,2026-01-23,Mobile,2,0,0
U2560,2026-01-24,PC,1,0,0
U2560,2026-01-25,PC,2,1,1
U2560,2026-01-26,Mobile,2,0,1
U2560,2026-01-27,Mobile,2,0,2
U2560,2026-01-28,PC,4,0,1
U2561,2026-01-15,Mobile,2,1,0
U2561,2026-01-16,Mobile,4,0,0
U2561,2026-01-17,Mobile,5,0,2
U2561,2026-01-18,Mobile,5,0,1
U2561,2026-01-19,Mobile,1,0,1
U2561,2026-01-20,Mobile,1,0,0
U2561,2026-01-21,Mobile,3,1,0
U2561,2026-01-22,PC,2,1,1
U2561,2026-01-23,Mobile,1,1,0
U2561,2026-01-24,Mobile,5,1,0
U2561,2026-01-25,Mobile,4,2,2
U2561,2026-01-27,Mobile,3,1,2
U2561,2026-01-28,Mobile,5,3,1
U2562,2026-01-15,Mobile,1,0,0
U2562,2026-01-16,PC,5,0,1
U2562,2026-01-17,Mobile,1,0,1
U2562,2026-01-18,Mobile,2,0,0
U2562,2026-01-19,Mobile,3,0,0
U2562,2026-01-20,PC,4,2,2
U2562,2026-01-21,PC,3,0,1
U2562,2026-01-22,PC,5,0,2
U2562,2026-01-24,Mobile,1,0,0
U2562,2026-01-25,PC,3,0,0
U2562,2026-01-26,Mobile,5,0,2
U2562,2026-01-27,Mobile,4,0,1
U2562,2026-01-28,PC,4,1,1
U2563,2026-01-15,Mobile,2,2,0
U2563,2026-01-16,PC,5,1,0
U2563,2026-01-17,Mobile,5,1,2
U2563,2026-01-18,Mobile,3,1,0
U2563,2026-01-19,Mobile,4,0,0
U2563,2026-01-21,Mobile,2,1,0
U2563,2026-01-22,PC,1,0,0
U2563,2026-01-23,Mobile,1,0,0
U2563,2026-01-24,Mobile,4,0,0
U2563,2026-01-25,Mobile,4,2,2
U2563,2026-01-26,PC,2,1,1
U2563,2026-01-27,PC,5,1,0
U2563,2026-01-28,PC,4,1,2
U2564,2026-01-15,PC,3,0,3
U2564,2026-01-16,PC,4,0,0
U2564,2026-01-17,Mobile,2,1,1
U2564,2026-01-18,PC,4,2,1
U2564,2026-01-19,PC,3,1,0
U2564,2026-01-20,Mobile,4,0,0
U2564,2026-01-21,PC,3,1,1
U2564,2026-01-22,Mobile,5,0,0
U2564,2026-01-23,Mobile,2,0,0
U2564,2026-01-24,Mobile,4,0,0
U2564,2026-01-25,Mobile,1,1,0
U2564,2026-01-26,Mobile,3,0,1
U2564,2026-01-27,Mobile,1,0,0
U2564,2026-01-28,PC,4,3,1
U2565,2026-01-15,Mobile,2,1,1
U2565,2026-01-16,PC,2,0,0
U2565,2026-01-17,Mobile,5,0,0
U2565,2026-01-18,Mobile,4,0,0
U2565,2026-01-19,Mobile,2,0,1
U2565,2026-01-21,PC,4,0,1
U2565,2026-01-22,Mobile,5,1,4
U2565,2026-01-23,PC,4,0,1
U2565,2026-01-24,Mobile,4,0,3
U2565,2026-01-25,PC,2,0,0
U2565,2026-01-26,Mobile,2,0,0
U2565,2026-01-27,PC,3,0,0
U2566,2026-01-15,PC,2,1,1
U2566,2026-01-16,Mobile,1,0,1
U2566,2026-01-17,PC,1,1,0
U2566,2026-01-18,Mobile,2,0,1
U2566,2026-01-19,PC,3,0,3
U2566,2026-01-20,PC,1,0,0
U2566,2026-01-21,PC,4,1,3
U2566,2026-01-22,PC,2,1,0
U2566,2026-01-23,PC,4,0,0
U2566,2026-01-24,PC,2,1,0
U2566,2026-01-25,Mobile,3,0,2
U2566,2026-01-26,PC,5,0,0
U2566,2026-01-27,Mobile,1,1,0
U2566,2026-01-28,Mobile,2,0,1
U2567,2026-01-15,Mobile,1,0,0
U2567,2026-01-16,Mobile,1,0,0
U2567,2026-01-17,PC,5,1,1
U2567,2026-01-18,Mobile,2,0,1
U2567,2026-01-19,Mobile,4,0,0
U2567,2026-01-20,Mobile,5,1,1
U2567,2026-01-21,Mobile,4,1,1
U2567,2026-01-22,Mobile,5,0,5
U2567,2026-01-23,Mobile,4,0,0
U2567,2026-01-24,PC,1,0,0
U2567,2026-01-25,PC,4,2,1
U2567,2026-01-26,Mobile,1,1,0
U2567,2026-01-27,PC,5,5,0
U2568,2026-01-15,Mobile,2,0,1
U2568,2026-01-16,PC,1,0,0
U2568,2026-01-17,Mobile,5,0,2
U2568,2026-01-18,Mobile,1,0,0
U2568,2026-01-19,PC,3,0,1
U2568,2026-01-20,Mobile,4,0,1
U2568,2026-01-21,PC,4,1,3
U2568,2026-01-22,Mobile,1,0,1
U2568,2026-01-23,Mobile,3,1,0
U2568,2026-01-24,Mobile,5,0,0
U2568,2026-01-25,Mobile,2,0,1
U2568,2026-01-26,Mobile,3,1,1
U2568,2026-01-27,PC,1,0,1
U2568,2026-01-28,PC,3,0,1
U2569,2026-01-15,PC,1,1,0
U2569,2026-01-16,Mobile,4,0,0
U2569,2026-01-17,Mobile,3,0,0
U2569,2026-01-18,Mobile,1,1,0
U2569,2026-01-19,PC,2,0,0
U2569,2026-01-21,PC,2,0,0
U2569,2026-01-22,Mobile,2,1,1
U2569,2026-01-23,Mobile,3,1,0
U2569,2026-01-24,PC,2,2,0
U2569,2026-01-25,PC,4,3,0
U2569,2026-01-26,PC,2,0,2
U2569,2026-01-27,Mobile,1,0,0
U2569,2026-01-28,Mobile,3,0,1
U2570,2026-01-15,PC,4,0,0
U2570,2026-01-17,PC,3,0,0
U2570,2026-01-18,Mobile,2,0,1
U2570,2026-01-19,PC,2,2,0
U2570,2026-01-20,PC,4,2,0
U2570,2026-01-21,PC,2,0,0
U2570,2026-01-22,Mobile,4,1,0
U2570,2026-01-23,Mobile,1,0,0
U2570,2026-01-24,PC,3,2,1
U2570,2026-01-25,PC,3,0,0
U2570,2026-01-26,Mobile,3,2,0
U2570,2026-01-27,Mobile,1,1,0
U2570,2026-01-28,PC,4,1,0
U2571,2026-01-15,Mobile,1,0,0
U2571,2026-01-16,PC,1,0,0
U2571,2026-01-17,Mobile,2,1,1
U2571,2026-01-18,PC,2,0,0
U2571,2026-01-19,PC,5,0,0
U2571,2026-01-20,PC,4,2,1
U2571,2026-01-21,Mobile,1,1,0
U2571,2026-01-22,Mobile,4,0,1
U2571,2026-01-23,Mobile,4,3,1
U2571,2026-01-24,PC,1,0,0
U2571,2026-01-25,PC,2,0,0
U2571,2026-01-26,Mobile,4,2,0
U2571,2026-01-27,PC,1,0,0
U2571,2026-01-28,Mobile,4,1,1
U2572,2026-01-15,PC,2,0,0
U2572,2026-01-17,PC,2,0,1
U2572,2026-01-18,Mobile,3,0,0
U2572,2026-01-19,PC,4,1,0
U2572,2026-01-20,Mobile,3,1,1
U2572,2026-01-21,Mobile,1,0,0
U2572,2026-01-22,Mobile,1,0,0
U2572,2026-01-23,Mobile,5,0,0
U2572,2026-01-24,Mobile,2,1,0
U2572,2026-01-25,PC,4,3,1
U2572,2026-01-26,Mobile,5,2,2
U2572,2026-01-27,Mobile,3,0,0
U2572,2026-01-28,Mobile,1,0,0
U2573,2026-01-15,Mobile,4,1,2
U2573,2026-01-16,Mobile,3,0,0
U2573,2026-01-17,Mobile,3,0,1
U2573,2026-01-18,Mobile,3,0,2
U2573,2026-01-21,Mobile,2,0,0
U2573,2026-01-22,Mobile,2,0,2
U2573,2026-01-23,Mobile,1,0,1
U2573,2026-01-25,Mobile,5,2,2
U2573,2026-01-26,Mobile,1,0,1
U2573,2026-01-27,PC,2,1,1
U2573,2026-01-28,PC,1,0,0
U2574,2026-01-16,Mobile,3,1,1
U2574,2026-01-17,Mobile,4,1,0
U2574,2026-01-18,Mobile,4,1,3
U2574,2026-01-19,Mobile,3,0,0
U2574,2026-01-20,Mobile,4,0,3
U2574,2026-01-21,Mobile,4,1,0
U2574,2026-01-22,PC,2,0,0
U2574,2026-01-23,Mobile,3,0,0
U2574,2026-01-24,PC,5,1,1
U2574,2026-01-25,Mobile,2,1,1
U2574,2026-01-26,Mobile,1,0,0
U2574,2026-01-27,Mobile,1,0,0
U2575,2026-01-15,Mobile,2,0,0
U2575,2026-01-17,PC,1,0,1
U2575,2026-01-18,Mobile,3,3,0
U2575,2026-01-19,PC,3,1,1
U2575,2026-01-21,Mobile,3,1,0
U2575,2026-01-22,PC,5,2,1
U2575,2026-01-23,Mobile,1,1,0
U2575,2026-01-24,Mobile,2,0,0
U2575,2026-01-26,Mobile,4,0,0
U2575,2026-01-27,Mobile,2,0,0
U2576,2026-01-15,Mobile,1,1,0
U2576,2026-01-16,Mobile,1,0,0
U2576,2026-01-17,Mobile,3,0,1
U2576,2026-01-18,Mobile,3,1,1
U2576,2026-01-19,Mobile,3,1,2
U2576,2026-01-20,Mobile,2,1,0
U2576,2026-01-21,Mobile,4,1,1
U2576,2026-01-22,PC,4,1,2
U2576,2026-01-23,Mobile,3,1,0
U2576,2026-01-24,PC,5,0,1
U2576,2026-01-25,Mobile,5,2,1
U2576,2026-01-26,PC,3,2,0
U2576,2026-01-27,PC,3,2,1
U2576,2026-01-28,Mobile,2,1,0
U2577,2026-01-15,Mobile,2,1,1
U2577,2026-01-16,PC,4,1,0
U2577,2026-01-17,Mobile,1,0,1
U2577,2026-01-18,PC,4,0,3
U2577,2026-01-19,Mobile,5,2,0
U2577,2026-01-20,Mobile,3,1,1
U2577,2026-01-21,PC,4,2,1
U2577,2026-01-22,Mobile,4,1,0
U2577,2026-01-23,PC,4,1,0
U2577,2026-01-25,Mobile,5,2,1
U2577,2026-01-26,Mobile,4,0,0
U2577,2026-01-27,Mobile,1,0,0
U2577,2026-01-28,Mobile,2,2,0
U2578,2026-01-15,Mobile,1,0,1
U2578,2026-01-16,PC,1,0,1
U2578,2026-01-17,PC,3,0,3
U2578,2026-01-18,Mobile,3,0,1
U2578,2026-01-19,Mobile,1,0,0
U2578,2026-01-20,Mobile,5,0,0
U2578,2026-01-21,Mobile,4,0,0
U2578,2026-01-22,Mobile,1,0,0
U2578,2026-01-23,PC,2,0,0
U2578,2026-01-24,Mobile,3,0,3
U2578,2026-01-25,PC,1,0,1
U2578,2026-01-26,Mobile,1,1,0
U2578,2026-01-27,PC,4,3,1
U2578,2026-01-28,Mobile,2,0,0
U2579,2026-01-15,Mobile,5,0,0
U2579,2026-01-16,PC,5,0,3
U2579,2026-01-17,PC,3,0,0
U2579,2026-01-18,Mobile,4,0,4
U2579,2026-01-20,Mobile,5,1,2
U2579,2026-01-22,Mobile,4,0,3
U2579,2026-01-23,PC,1,0,0
U2579,2026-01-24,Mobile,5,3,2
U2579,2026-01-25,Mobile,3,0,2
U2579,2026-01-26,Mobile,1,0,0
U2579,2026-01-27,Mobile,2,0,1
U2579,2026-01-28,PC,2,0,1
U2580,2026-01-15,Mobile,4,0,2
U2580,2026-01-16,PC,1,0,0
U2580,2026-01-17,Mobile,3,1,1
U2580,2026-01-18,PC,3,1,1
U2580,2026-01-19,PC,1,0,0
U2580,2026-01-20,Mobile,5,1,2
U2580,2026-01-22,PC,4,1,0
U2580,2026-01-23,PC,3,0,1
U2580,2026-01-24,Mobile,1,1,0
U2580,2026-01-25,Mobile,5,0,0
U2580,2026-01-26,Mobile,5,0,0
U2580,2026-01-27,PC,2,1,1
U2580,2026-01-28,Mobile,1,1,0
U2581,2026-01-15,Mobile,4,2,2
U2581,2026-01-16,Mobile,3,0,0
U2581,2026-01-17,Mobile,1,0,1
U2581,2026-01-18,Mobile,5,3,1
U2581,2026-01-19,Mobile,5,0,3
U2581,2026-01-20,PC,1,1,0
U2581,2026-01-21,Mobile,2,2,0
U2581,2026-01-22,PC,1,0,0
U2581,2026-01-23,PC,3,1,2
U2581,2026-01-24,PC,3,1,2
U2581,2026-01-25,Mobile,2,0,0
U2581,2026-01-26,Mobile,2,0,2
U2581,2026-01-27,Mobile,3,0,0
U2581,2026-01-28,Mobile,2,0,0
U2582,2026-01-15,PC,2,0,0
U2582,2026-01-16,Mobile,1,1,0
U2582,2026-01-18,Mobile,1,0,0
U2582,2026-01-19,PC,5,1,1
U2582,2026-01-20,Mobile,1,0,1
U2582,2026-01-21,Mobile,2,0,2
U2582,2026-01-22,Mobile,1,0,0
U2582,2026-01-25,PC,3,0,2
U2582,2026-01-26,Mobile,3,0,1
U2582,2026-01-27,Mobile,1,1,0
U2582,2026-01-28,Mobile,2,0,1
U2583,2026-01-15,PC,3,0,0
U2583,2026-01-16,Mobile,1,1,0
U2583,2026-01-17,Mobile,2,1,1
U2583,2026-01-18,Mobile,5,5,0
U2583,2026-01-19,Mobile,5,1,0
U2583,2026-01-20,Mobile,4,1,3
U2583,2026-01-21,Mobile,4,0,0
U2583,2026-01-22,Mobile,4,2,2
U2583,2026-01-23,PC,2,0,1
U2583,2026-01-24,PC,5,3,1
U2583,2026-01-26,Mobile,5,1,2
U2583,2026-01-28,Mobile,3,0,0
U2584,2026-01-15,Mobile,3,0,0
U2584,2026-01-16,PC,2,1,1
U2584,2026-01-17,Mobile,5,3,1
U2584,2026-01-18,PC,2,0,0
U2584,2026-01-19,Mobile,2,0,0
U2584,2026-01-20,Mobile,1,0,1
U2584,2026-01-21,Mobile,2,1,1
U2584,2026-01-22,Mobile,3,2,1
U2584,2026-01-24,Mobile,3,3,0
U2584,2026-01-25,PC,3,0,2
U2584,2026-01-26,Mobile,3,0,0
U2584,2026-01-27,Mobile,5,2,1
U2584,2026-01-28,PC,2,0,0
U2585,2026-01-15,PC,5,2,1
U2585,2026-01-18,PC,2,1,1
U2585,2026-01-19,Mobile,5,0,0
U2585,2026-01-20,Mobile,2,0,0
U2585,2026-01-21,PC,2,1,1
U2585,2026-01-22,Mobile,2,1,1
U2585,2026-01-23,PC,4,0,0
U2585,2026-01-24,PC,1,0,0
U2585,2026-01-25,Mobile,4,0,0
U2585,2026-01-26,PC,3,0,1
U2585,2026-01-27,PC,5,0,0
U2585,2026-01-28,Mobile,5,0,0
U2586,2026-01-15,PC,1,0,0
U2586,2026-01-16,Mobile,5,2,2
U2586,2026-01-17,PC,1,0,0
U2586,2026-01-18,Mobile,2,0,1
U2586,2026-01-19,Mobile,2,0,1
U2586,2026-01-20,Mobile,4,0,0
U2586,2026-01-21,PC,1,1,0
U2586,2026-01-22,Mobile,1,1,0
U2586,2026-01-23,PC,3,1,2
U2586,2026-01-24,PC,4,2,1
U2586,2026-01-25,Mobile,3,0,1
U2586,2026-01-26,PC,4,1,2
U2586,2026-01-27,Mobile,2,0,0
U2586,2026-01-28,Mobile,2,1,0
U2587,2026-01-15,Mobile,5,0,0
U2587,2026-01-16,PC,3,0,1
U2587,2026-01-17,PC,4,0,0
U2587,2026-01-18,Mobile,1,0,0
U2587,2026-01-19,PC,3,2,1
U2587,2026-01-20,Mobile,4,1,0
U2587,2026-01-22,PC,5,4,1
U2587,2026-01-23,Mobile,2,1,1
U2587,2026-01-26,PC,3,0,0
U2587,2026-01-27,Mobile,1,0,0
U2587,2026-01-28,Mobile,2,1,0
U2588,2026-01-15,PC,1,0,0
U2588,2026-01-16,Mobile,3,1,0
U2588,2026-01-18,Mobile,2,0,0
U2588,2026-01-19,PC,1,0,0
U2588,2026-01-20,PC,1,0,0
U2588,2026-01-21,Mobile,1,1,0
U2588,2026-01-22,Mobile,2,0,0
U2588,2026-01-23,PC,2,2,0
U2588,2026-01-24,Mobile,5,2,1
U2588,2026-01-25,PC,4,0,0
U2588,2026-01-26,Mobile,3,1,2
U2588,2026-01-27,PC,1,0,1
U2588,2026-01-28,PC,4,1,0
U2589,2026-01-15,Mobile,2,1,0
U2589,2026-01-16,Mobile,5,1,0
U2589,2026-01-17,Mobile,2,2,0
U2589,2026-01-18,Mobile,5,1,0
U2589,2026-01-19,Mobile,1,1,0
U2589,2026-01-20,Mobile,2,2,0
U2589,2026-01-21,Mobile,5,4,0
U2589,2026-01-22,Mobile,5,3,1
U2589,2026-01-23,Mobile,2,1,0
U2589,2026-01-24,Mobile,4,1,0
U2589,2026-01-25,PC,2,1,0
U2589,2026-01-26,Mobile,5,0,3
U2589,2026-01-27,PC,1,0,0
U2589,2026-01-28,PC,3,0,0
U2590,2026-01-15,PC,1,0,0
U2590,2026-01-16,Mobile,2,0,1
U2590,2026-01-17,Mobile,3,1,0
U2590,2026-01-18,PC,5,1,3
U2590,2026-01-19,Mobile,3,0,0
U2590,2026-01-20,Mobile,4,0,0
U2590,2026-01-22,Mobile,2,1,1
U2590,2026-01-23,Mobile,1,0,0
U2590,2026-01-24,PC,5,0,4
U2590,2026-01-25,Mobile,3,0,3
U2590,2026-01-26,PC,2,1,1
U2590,2026-01-28,Mobile,4,0,2
U2591,2026-01-15,Mobile,4,1,0
U2591,2026-01-16,Mobile,2,0,0
U2591,2026-01-18,Mobile,4,0,0
U2591,2026-01-19,Mobile,5,0,0
U2591,2026-01-21,PC,4,0,1
U2591,2026-01-22,Mobile,1,0,0
U2591,2026-01-23,Mobile,1,0,0
U2591,2026-01-24,PC,1,1,0
U2591,2026-01-26,PC,5,0,1
U2591,2026-01-27,Mobile,5,2,1
U2591,2026-01-28,Mobile,5,2,1
U2592,2026-01-15,Mobile,2,0,2
U2592,2026-01-16,PC,1,1,0
U2592,2026-01-17,Mobile,5,0,0
U2592,2026-01-18,PC,3,1,1
U2592,2026-01-19,Mobile,4,0,2
U2592,2026-01-20,Mobile,4,0,1
U2592,2026-01-21,Mobile,2,0,1
U2592,2026-01-22,PC,5,0,2
U2592,2026-01-23,Mobile,1,0,1
U2592,2026-01-24,PC,1,0,0
U2592,2026-01-25,Mobile,5,1,0
U2592,2026-01-26,PC,2,0,2
U2592,2026-01-27,Mobile,5,3,2
U2592,2026-01-28,PC,1,0,0
U2593,2026-01-15,Mobile,4,0,1
U2593,2026-01-16,PC,4,0,1
U2593,2026-01-17,PC,3,0,0
U2593,2026-01-18,Mobile,2,0,0
U2593,2026-01-19,Mobile,2,1,0
U2593,2026-01-20,PC,4,0,2
U2593,2026-01-22,Mobile,5,0,2
U2593,2026-01-23,PC,3,0,0
U2593,2026-01-24,Mobile,1,0,1
U2593,2026-01-25,Mobile,3,0,2
U2593,2026-01-26,Mobile,4,0,2
U2593,2026-01-27,PC,2,0,1
U2593,2026-01-28,Mobile,1,0,1
U2594,2026-01-15,Mobile,4,2,1
U2594,2026-01-16,Mobile,4,1,0
U2594,2026-01-17,Mobile,2,0,2
U2594,2026-01-18,Mobile,1,0,1
U2594,2026-01-19,Mobile,1,0,1
U2594,2026-01-20,Mobile,4,2,1
U2594,2026-01-21,Mobile,3,2,0
U2594,2026-01-23,Mobile,4,1,2
U2594,2026-01-24,PC,3,2,1
U2594,2026-01-25,Mobile,2,0,1
U2594,2026-01-26,Mobile,1,0,1
U2594,2026-01-27,Mobile,4,2,2
U2594,2026-01-28,PC,2,0,2
U2595,2026-01-15,PC,2,1,1
U2595,2026-01-16,Mobile,5,2,3
U2595,2026-01-17,PC,4,0,0
U2595,2026-01-18,Mobile,1,0,1
U2595,2026-01-19,Mobile,1,0,1
U2595,2026-01-20,Mobile,1,1,0
U2595,2026-01-21,PC,1,0,0
U2595,2026-01-22,Mobile,5,0,3
U2595,2026-01-23,Mobile,3,1,0
U2595,2026-01-24,Mobile,1,1,0
U2595,2026-01-25,PC,2,0,1
U2595,2026-01-26,PC,1,0,0
U2595,2026-01-27,Mobile,1,0,1
U2595,2026-01-28,PC,4,1,0
U2596,2026-01-15,Mobile,2,2,0
U2596,2026-01-16,Mobile,5,2,2
U2596,2026-01-17,Mobile,4,2,1
U2596,2026-01-18,Mobile,3,1,1
U2596,2026-01-19,Mobile,2,0,0
U2596,2026-01-20,Mobile,4,0,1
U2596,2026-01-21,Mobile,3,0,1
U2596,2026-01-22,Mobile,3,0,0
U2596,2026-01-23,PC,4,1,1
U2596,2026-01-24,Mobile,5,4,0
U2596,2026-01-25,Mobile,4,4,0
U2596,2026-01-26,Mobile,4,3,1
U2596,2026-01-27,PC,4,1,0
U2596,2026-01-28,Mobile,2,0,0
U2597,2026-01-15,PC,4,0,1
U2597,2026-01-17,Mobile,2,0,2
U2597,2026-01-18,Mobile,5,0,2
U2597,2026-01-19,PC,5,1,4
U2597,2026-01-20,PC,2,0,2
U2597,2026-01-21,Mobile,2,0,1
U2597,2026-01-22,Mobile,4,1,0
U2597,2026-01-23,Mobile,2,0,1
U2597,2026-01-24,Mobile,4,0,4
U2597,2026-01-25,PC,5,0,1
U2597,2026-01-26,PC,5,0,4
U2597,2026-01-27,Mobile,4,0,2
U2597,2026-01-28,Mobile,1,0,0
U2598,2026-01-15,Mobile,4,3,0
U2598,2026-01-16,PC,2,1,1
U2598,2026-01-18,PC,2,1,0
U2598,2026-01-19,Mobile,3,2,1
U2598,2026-01-20,Mobile,2,0,0
U2598,2026-01-21,Mobile,4,2,2
U2598,2026-01-22,PC,2,0,1
U2598,2026-01-23,PC,4,0,0
U2598,2026-01-25,Mobile,5,1,2
U2598,2026-01-26,Mobile,3,1,0
U2598,2026-01-27,Mobile,3,0,0
U2598,2026-01-28,Mobile,4,2,2
U2599,2026-01-15,PC,2,0,1
U2599,2026-01-16,Mobile,2,1,1
U2599,2026-01-17,Mobile,4,0,0
U2599,2026-01-18,Mobile,4,2,2
U2599,2026-01-19,PC,2,0,2
U2599,2026-01-20,PC,3,2,0
U2599,2026-01-21,Mobile,5,1,0
U2599,2026-01-22,PC,3,3,0
U2599,2026-01-23,Mobile,3,0,2
U2599,2026-01-24,Mobile,3,0,1
U2599,2026-01-25,Mobile,1,0,0
U2599,2026-01-26,Mobile,3,0,0
U2599,2026-01-28,PC,5,2,3
U2600,2026-01-16,PC,3,1,0
U2600,2026-01-18,Mobile,2,0,0
U2600,2026-01-19,Mobile,3,1,2
U2600,2026-01-20,Mobile,5,0,2
U2600,2026-01-21,Mobile,3,0,0
U2600,2026-01-22,Mobile,3,1,1
U2600,2026-01-23,PC,5,0,0
U2600,2026-01-24,Mobile,2,0,1
U2600,2026-01-25,Mobile,2,0,0
U2600,2026-01-26,PC,4,0,2
U2600,2026-01-27,PC,3,1,2
U2600,2026-01-28,PC,2,0,0
U2601,2026-01-15,Mobile,4,3,0
U2601,2026-01-17,Mobile,4,0,0
U2601,2026-01-18,Mobile,3,2,0
U2601,2026-01-19,Mobile,2,0,1
U2601,2026-01-20,Mobile,4,2,1
U2601,2026-01-21,PC,3,1,0
U2601,2026-01-22,PC,2,0,0
U2601,2026-01-24,Mobile,4,0,1
U2601,2026-01-25,Mobile,4,3,1
U2601,2026-01-26,Mobile,4,1,1
U2601,2026-01-27,PC,5,0,0
U2601,2026-01-28,PC,3,1,0
U2602,2026-01-15,PC,2,1,0
U2602,2026-01-16,PC,4,0,2
U2602,2026-01-17,Mobile,4,0,4
U2602,2026-01-18,Mobile,1,0,1
U2602,2026-01-19,Mobile,1,1,0
U2602,2026-01-20,PC,3,1,1
U2602,2026-01-21,PC,5,0,1
U2602,2026-01-22,PC,2,0,1
U2602,2026-01-23,PC,5,1,4
U2602,2026-01-24,Mobile,5,0,0
U2602,2026-01-25,Mobile,1,0,1
U2602,2026-01-26,PC,3,0,0
U2602,2026-01-27,Mobile,4,1,2
U2603,2026-01-15,PC,1,0,0
U2603,2026-01-16,Mobile,1,0,1
U2603,2026-01-17,PC,4,0,0
U2603,2026-01-18,Mobile,3,0,2
U2603,2026-01-19,Mobile,1,1,0
U2603,2026-01-20,Mobile,2,0,0
U2603,2026-01-21,Mobile,2,1,1
U2603,2026-01-22,Mobile,2,0,2
U2603,2026-01-23,PC,2,0,0
U2603,2026-01-24,Mobile,4,2,0
U2603,2026-01-25,PC,1,0,1
U2603,2026-01-26,PC,2,0,0
U2603,2026-01-27,Mobile,2,0,1
U2603,2026-01-28,PC,1,0,1
U2604,2026-01-15,Mobile,3,1,1
U2604,2026-01-16,Mobile,4,1,3
U2604,2026-01-18,Mobile,5,0,0
U2604,2026-01-19,Mobile,1,0,0
U2604,2026-01-20,Mobile,2,1,1
U2604,2026-01-21,PC,3,2,1
U2604,2026-01-23,PC,3,1,0
U2604,2026-01-24,PC,5,0,1
U2604,2026-01-25,PC,1,0,0
U2604,2026-01-26,Mobile,4,2,0
U2604,2026-01-27,Mobile,3,0,1
U2604,2026-01-28,PC,1,0,0
U2605,2026-01-15,Mobile,2,0,0
U2605,2026-01-17,PC,3,0,0
U2605,2026-01-18,Mobile,5,0,1
U2605,2026-01-19,PC,5,0,3
U2605,2026-01-20,PC,4,0,0
U2605,2026-01-21,PC,3,2,1
U2605,2026-01-22,Mobile,4,0,2
U2605,2026-01-23,Mobile,1,1,0
U2605,2026-01-24,Mobile,2,0,1
U2605,2026-01-25,PC,3,0,3
U2605,2026-01-26,PC,4,1,3
U2605,2026-01-27,PC,2,0,2
U2605,2026-01-28,Mobile,4,2,1
U2606,2026-01-15,PC,2,1,0
U2606,2026-01-16,Mobile,3,1,0
U2606,2026-01-17,PC,2,0,0
U2606,2026-01-18,Mobile,5,0,1
U2606,2026-01-19,Mobile,5,1,1
U2606,2026-01-20,PC,3,0,1
U2606,2026-01-21,Mobile,5,1,1
U2606,2026-01-22,Mobile,3,1,0
U2606,2026-01-23,Mobile,1,1,0
U2606,2026-01-24,PC,5,0,0
U2606,2026-01-25,Mobile,1,0,0
U2606,2026-01-26,Mobile,1,1,0
U2606,2026-01-27,PC,2,0,2
U2606,2026-01-28,Mobile,1,0,1
U2607,2026-01-15,Mobile,5,0,2
U2607,2026-01-17,Mobile,4,2,1
U2607,2026-01-18,Mobile,3,0,0
U2607,2026-01-19,PC,5,0,1
U2607,2026-01-20,PC,4,1,2
U2607,2026-01-21,Mobile,2,0,1
U2607,2026-01-22,Mobile,5,0,1
U2607,2026-01-23,Mobile,4,1,3
U2607,2026-01-24,Mobile,4,1,0
U2607,2026-01-25,PC,2,1,1
U2607,2026-01-26,PC,4,1,1
U2607,2026-01-27,Mobile,1,0,0
U2607,2026-01-28,PC,2,0,0
U2608,2026-01-15,Mobile,3,0,1
U2608,2026-01-16,PC,2,1,0
U2608,2026-01-17,Mobile,5,1,4
U2608,2026-01-18,PC,1,0,0
U2608,2026-01-19,Mobile,3,0,0
U2608,2026-01-20,Mobile,4,1,3
U2608,2026-01-21,Mobile,1,0,1
U2608,2026-01-22,PC,3,1,0
U2608,2026-01-23,PC,3,0,0
U2608,2026-01-24,PC,5,1,0
U2608,2026-01-25,Mobile,3,0,1
U2608,2026-01-26,PC,4,0,0
U2608,2026-01-27,Mobile,1,0,0
U2608,2026-01-28,Mobile,3,2,1
U2609,2026-01-15,Mobile,5,3,0
U2609,2026-01-16,PC,1,0,0
U2609,2026-01-17,Mobile,3,2,0
U2609,2026-01-18,Mobile,3,0,0
U2609,2026-01-19,PC,4,0,0
U2609,2026-01-20,Mobile,1,0,0
U2609,2026-01-21,Mobile,5,1,3
U2609,2026-01-22,Mobile,1,0,0
U2609,2026-01-23,Mobile,5,2,2
U2609,2026-01-25,Mobile,3,1,2
U2609,2026-01-26,PC,4,2,2
U2609,2026-01-27,PC,4,1,1
U2609,2026-01-28,PC,5,1,2
U2610,2026-01-16,Mobile,1,0,1
U2610,2026-01-17,PC,3,1,2
U2610,2026-01-18,Mobile,1,0,1
U2610,2026-01-19,PC,4,0,0
U2610,2026-01-20,Mobile,1,0,0
U2610,2026-01-21,Mobile,1,1,0
U2610,2026-01-22,Mobile,2,0,2
U2610,2026-01-23,Mobile,5,0,0
U2610,2026-01-24,Mobile,3,1,2
U2610,2026-01-25,Mobile,5,0,3
U2610,2026-01-26,PC,2,0,1
U2610,2026-01-27,Mobile,3,0,1
U2610,2026-01-28,PC,2,0,0
U2611,2026-01-15,Mobile,5,1,4
U2611,2026-01-16,Mobile,2,1,1
U2611,2026-01-17,Mobile,1,0,0
U2611,2026-01-18,Mobile,4,0,3
U2611,2026-01-20,PC,3,1,0
U2611,2026-01-21,Mobile,2,0,0
U2611,2026-01-22,Mobile,3,0,1
U2611,2026-01-23,Mobile,4,0,0
U2611,2026-01-25,Mobile,4,1,3
U2611,2026-01-26,PC,2,0,0
U2611,2026-01-27,Mobile,3,0,2
U2611,2026-01-28,Mobile,4,2,2
U2612,2026-01-15,Mobile,3,2,1
U2612,2026-01-16,Mobile,3,0,0
U2612,2026-01-17,Mobile,2,0,0
U2612,2026-01-19,Mobile,2,1,1
U2612,2026-01-20,Mobile,4,0,2
U2612,2026-01-21,Mobile,3,0,3
U2612,2026-01-22,PC,4,3,1
U2612,2026-01-23,Mobile,3,0,0
U2612,2026-01-24,PC,2,0,0
U2612,2026-01-25,Mobile,5,2,1
U2612,2026-01-26,Mobile,1,0,1
U2612,2026-01-27,PC,2,1,0
U2612,2026-01-28,PC,4,0,0
U2613,2026-01-15,Mobile,1,0,0
U2613,2026-01-16,Mobile,1,1,0
U2613,2026-01-17,Mobile,5,1,0
U2613,2026-01-18,PC,3,3,0
U2613,2026-01-19,Mobile,5,2,3
U2613,2026-01-20,PC,1,0,1
U2613,2026-01-21,PC,5,1,0
U2613,2026-01-22,Mobile,5,1,4
U2613,2026-01-23,Mobile,3,0,1
U2613,2026-01-24,PC,2,0,1
U2613,2026-01-25,PC,1,0,1
U2613,2026-01-27,Mobile,3,1,0
U2613,2026-01-28,PC,2,0,1
U2614,2026-01-15,Mobile,4,2,1
U2614,2026-01-16,Mobile,2,0,0
U2614,2026-01-17,PC,4,3,1
U2614,2026-01-18,Mobile,2,1,1
U2614,2026-01-19,PC,1,1,0
U2614,2026-01-20,Mobile,5,3,2
U2614,2026-01-21,Mobile,4,1,1
U2614,2026-01-22,Mobile,3,3,0
U2614,2026-01-23,PC,2,1,0
U2614,2026-01-24,Mobile,1,0,0
U2614,2026-01-25,Mobile,3,0,0
U2614,2026-01-26,Mobile,2,1,0
U2614,2026-01-27,Mobile,5,4,0
U2614,2026-01-28,Mobile,1,0,0
U2615,2026-01-15,Mobile,2,0,2
U2615,2026-01-16,Mobile,1,0,0
U2615,2026-01-17,PC,3,0,1
U2615,2026-01-18,Mobile,1,0,0
U2615,2026-01-19,Mobile,4,1,2
U2615,2026-01-20,PC,5,0,2
U2615,2026-01-21,Mobile,1,0,0
U2615,2026-01-22,Mobile,1,0,0
U2615,2026-01-23,Mobile,3,0,3
U2615,2026-01-24,PC,3,0,3
U2615,2026-01-25,Mobile,4,1,3
U2615,2026-01-26,Mobile,2,0,0
U2615,2026-01-27,Mobile,3,1,2
U2615,2026-01-28,Mobile,3,0,1
U2616,2026-01-15,PC,4,2,0
U2616,2026-01-16,Mobile,3,2,1
U2616,2026-01-18,Mobile,5,0,0
U2616,2026-01-19,Mobile,1,0,0
U2616,2026-01-20,PC,1,0,0
U2616,2026-01-21,Mobile,5,0,0
U2616,2026-01-22,PC,3,1,2
U2616,2026-01-23,PC,1,0,1
U2616,2026-01-24,Mobile,1,0,0
U2616,2026-01-25,Mobile,2,0,0
U2616,2026-01-26,PC,3,0,2
U2616,2026-01-27,PC,3,0,0
U2616,2026-01-28,PC,1,0,0
U2617,2026-01-15,PC,1,0,0
U2617,2026-01-16,Mobile,4,0,1
U2617,2026-01-17,Mobile,5,1,2
U2617,2026-01-18,Mobile,3,1,2
U2617,2026-01-19,Mobile,4,0,1
U2617,2026-01-20,Mobile,5,2,1
U2617,2026-01-21,Mobile,2,1,1
U2617,2026-01-22,PC,2,0,0
U2617,2026-01-23,Mobile,2,2,0
U2617,2026-01-24,Mobile,5,0,0
U2617,2026-01-25,Mobile,5,0,0
U2617,2026-01-26,Mobile,4,1,2
U2617,2026-01-28,PC,1,1,0
U2618,2026-01-15,Mobile,5,2,1
U2618,2026-01-16,Mobile,1,0,0
U2618,2026-01-17,Mobile,5,0,2
U2618,2026-01-18,PC,1,0,0
U2618,2026-01-19,Mobile,3,0,2
U2618,2026-01-20,PC,1,0,0
U2618,2026-01-21,Mobile,4,3,1
U2618,2026-01-22,PC,1,1,0
U2618,2026-01-23,PC,2,2,0
U2618,2026-01-24,Mobile,4,0,0
U2618,2026-01-25,Mobile,2,0,0
U2618,2026-01-26,Mobile,2,0,2
U2618,2026-01-28,Mobile,3,0,1
U2619,2026-01-15,PC,5,2,1
U2619,2026-01-16,Mobile,3,3,0
U2619,2026-01-17,Mobile,2,1,1
U2619,2026-01-18,Mobile,1,1,0
U2619,2026-01-19,Mobile,1,0,0
U2619,2026-01-20,PC,1,1,0
U2619,2026-01-21,Mobile,5,3,1
U2619,2026-01-22,Mobile,2,1,0
U2619,2026-01-23,Mobile,1,0,1
U2619,2026-01-24,Mobile,3,0,1
U2619,2026-01-26,PC,4,1,0
U2619,2026-01-27,Mobile,2,1,0
U2619,2026-01-28,Mobile,4,2,0
U2620,2026-01-15,Mobile,4,0,0
U2620,2026-01-16,Mobile,1,0,1
U2620,2026-01-17,PC,1,0,1
U2620,2026-01-18,PC,5,1,2
U2620,2026-01-19,PC,4,0,1
U2620,2026-01-20,Mobile,3,0,3
U2620,2026-01-21,Mobile,2,1,0
U2620,2026-01-22,Mobile,1,0,1
U2620,2026-01-23,Mobile,3,0,1
U2620,2026-01-24,PC,2,0,1
U2620,2026-01-25,Mobile,4,1,3
U2620,2026-01-26,PC,2,0,0
U2620,2026-01-28,Mobile,4,0,0
U2621,2026-01-15,Mobile,2,1,1
U2621,2026-01-16,Mobile,2,0,2
U2621,2026-01-17,Mobile,3,0,1
U2621,2026-01-19,Mobile,4,1,2
U2621,2026-01-20,PC,3,0,1
U2621,2026-01-21,PC,2,0,0
U2621,2026-01-22,PC,5,2,1
U2621,2026-01-23,Mobile,1,1,0
U2621,2026-01-24,Mobile,5,0,0
U2621,2026-01-25,Mobile,3,0,1
U2621,2026-01-26,Mobile,1,1,0
U2621,2026-01-27,Mobile,2,0,2
U2621,2026-01-28,Mobile,1,1,0
U2622,2026-01-15,Mobile,5,3,1
U2622,2026-01-17,Mobile,1,0,0
U2622,2026-01-19,PC,1,1,0
U2622,2026-01-20,PC,4,0,0
U2622,2026-01-21,Mobile,5,0,0
U2622,2026-01-22,Mobile,4,0,3
U2622,2026-01-23,Mobile,4,0,0
U2622,2026-01-24,Mobile,1,0,0
U2622,2026-01-25,PC,4,0,0
U2622,2026-01-26,PC,2,1,0
U2622,2026-01-27,PC,5,4,0
U2622,2026-01-28,Mobile,3,0,0
U2623,2026-01-15,Mobile,1,0,0
U2623,2026-01-16,Mobile,3,1,2
U2623,2026-01-17,Mobile,3,0,2
U2623,2026-01-18,Mobile,1,0,0
U2623,2026-01-19,Mobile,2,0,1
U2623,2026-01-21,Mobile,4,1,1
U2623,2026-01-22,Mobile,1,0,0
U2623,2026-01-23,Mobile,5,1,1
U2623,2026-01-25,Mobile,1,0,0
U2623,2026-01-26,PC,1,1,0
U2623,2026-01-27,Mobile,2,0,0
U2624,2026-01-15,Mobile,3,0,0
U2624,2026-01-16,PC,5,1,1
U2624,2026-01-17,PC,2,1,1
U2624,2026-01-18,Mobile,4,3,0
U2624,2026-01-19,Mobile,3,0,1
U2624,2026-01-20,Mobile,1,0,0
U2624,2026-01-21,PC,1,0,0
U2624,2026-01-22,Mobile,5,1,0
U2624,2026-01-23,Mobile,3,0,0
U2624,2026-01-25,Mobile,3,0,0
U2624,2026-01-26,Mobile,5,1,2
U2624,2026-01-27,Mobile,3,2,0
U2624,2026-01-28,PC,2,1,1
U2625,2026-01-15,Mobile,5,4,1
U2625,2026-01-16,Mobile,5,1,3
U2625,2026-01-17,PC,5,2,3
U2625,2026-01-18,Mobile,3,0,0
U2625,2026-01-19,Mobile,3,2,1
U2625,2026-01-20,Mobile,1,1,0
U2625,2026-01-21,Mobile,5,0,0
U2625,2026-01-22,Mobile,2,0,1
U2625,2026-01-23,Mobile,5,3,2
U2625,2026-01-24,PC,5,1,1
U2625,2026-01-25,Mobile,5,3,0
U2625,2026-01-26,Mobile,1,1,0
U2625,2026-01-27,Mobile,1,0,1
U2625,2026-01-28,PC,4,0,3
U2626,2026-01-15,Mobile,1,0,0
U2626,2026-01-16,Mobile,1,0,0
U2626,2026-01-17,PC,4,0,3
U2626,2026-01-18,Mobile,1,0,1
U2626,2026-01-19,Mobile,1,0,1
U2626,2026-01-20,Mobile,2,0,1
U2626,2026-01-21,PC,2,1,0
U2626,2026-01-22,Mobile,1,0,1
U2626,2026-01-23,PC,5,0,3
U2626,2026-01-25,Mobile,3,0,3
U2626,2026-01-26,PC,1,0,0
U2626,2026-01-27,PC,3,0,0
U2627,2026-01-15,PC,3,0,1
U2627,2026-01-16,PC,4,0,1
U2627,2026-01-17,Mobile,5,2,3
U2627,2026-01-18,Mobile,5,1,0
U2627,2026-01-19,Mobile,1,0,1
U2627,2026-01-21,Mobile,2,2,0
U2627,2026-01-22,PC,4,1,1
U2627,2026-01-23,Mobile,4,0,4
U2627,2026-01-25,Mobile,5,3,2
U2627,2026-01-26,Mobile,3,1,1
U2627,2026-01-27,Mobile,4,0,1
U2627,2026-01-28,PC,5,2,3
U2628,2026-01-15,PC,3,0,2
U2628,2026-01-16,PC,2,0,1
U2628,2026-01-17,PC,3,0,1
U2628,2026-01-18,Mobile,5,0,3
U2628,2026-01-19,PC,1,0,0
U2628,2026-01-20,PC,3,0,0
U2628,2026-01-21,PC,5,1,4
U2628,2026-01-22,Mobile,3,1,1
U2628,2026-01-23,Mobile,4,2,0
U2628,2026-01-24,PC,1,0,0
U2628,2026-01-25,Mobile,1,0,0
U2628,2026-01-26,PC,5,2,0
U2628,2026-01-27,Mobile,3,0,1
U2628,2026-01-28,PC,5,0,1
U2629,2026-01-15,PC,4,0,4
U2629,2026-01-16,Mobile,4,0,0
U2629,2026-01-17,PC,2,0,0
U2629,2026-01-19,Mobile,1,0,0
U2629,2026-01-20,Mobile,3,0,3
U2629,2026-01-21,Mobile,4,2,2
U2629,2026-01-22,PC,5,0,3
U2629,2026-01-23,Mobile,5,0,1
U2629,2026-01-24,PC,3,0,0
U2629,2026-01-25,PC,3,0,0
U2629,2026-01-26,PC,5,1,3
U2629,2026-01-27,PC,1,0,0
U2629,2026-01-28,Mobile,2,0,0
U2630,2026-01-15,Mobile,2,1,0
U2630,2026-01-16,Mobile,1,0,0
U2630,2026-01-17,PC,2,0,0
U2630,2026-01-18,Mobile,2,0,1
U2630,2026-01-19,Mobile,3,1,2
U2630,2026-01-20,Mobile,4,0,3
U2630,2026-01-21,PC,1,0,1
U2630,2026-01-22,PC,1,0,0
U2630,2026-01-23,Mobile,5,1,4
U2630,2026-01-24,PC,1,0,1
U2630,2026-01-25,Mobile,4,0,0
U2630,2026-01-26,PC,1,0,0
U2630,2026-01-27,Mobile,5,0,1
U2630,2026-01-28,Mobile,4,0,2
U2631,2026-01-15,PC,1,0,0
U2631,2026-01-16,Mobile,5,0,0
U2631,2026-01-18,Mobile,4,3,1
U2631,2026-01-19,Mobile,1,0,0
U2631,2026-01-20,Mobile,1,1,0
U2631,2026-01-21,Mobile,5,0,3
U2631,2026-01-22,Mobile,5,0,0
U2631,2026-01-23,Mobile,1,0,1
U2631,2026-01-24,PC,3,1,0
U2631,2026-01-25,Mobile,4,2,0
U2631,2026-01-26,PC,2,1,1
U2631,2026-01-27,Mobile,4,1,3
U2631,2026-01-28,PC,5,2,3
U2632,2026-01-15,PC,1,0,1
U2632,2026-01-16,Mobile,4,0,0
U2632,2026-01-17,Mobile,4,0,0
U2632,2026-01-18,PC,5,1,2
U2632,2026-01-19,Mobile,1,0,0
U2632,2026-01-20,PC,2,0,1
U2632,2026-01-21,PC,5,0,2
U2632,2026-01-22,Mobile,4,0,0
U2632,2026-01-24,Mobile,4,0,0
U2632,2026-01-25,Mobile,1,0,0
U2632,2026-01-26,PC,3,0,3
U2632,2026-01-27,Mobile,5,1,0
U2632,2026-01-28,PC,5,0,0
U2633,2026-01-15,Mobile,5,2,2
U2633,2026-01-16,Mobile,1,0,1
U2633,2026-01-17,Mobile,5,3,1
U2633,2026-01-18,PC,4,2,0
U2633,2026-01-19,Mobile,2,0,1
U2633,2026-01-20,Mobile,4,1,1
U2633,2026-01-21,Mobile,4,1,0
U2633,2026-01-22,PC,2,0,0
U2633,2026-01-23,Mobile,2,1,0
U2633,2026-01-24,Mobile,4,1,1
U2633,2026-01-25,Mobile,4,3,1
U2633,2026-01-26,PC,4,1,1
U2633,2026-01-27,Mobile,2,1,1
U2633,2026-01-28,Mobile,3,1,2
U2634,2026-01-15,PC,3,0,1
U2634,2026-01-16,PC,1,0,1
U2634,2026-01-18,PC,5,1,2
U2634,2026-01-19,PC,5,1,3
U2634,2026-01-20,Mobile,1,0,1
U2634,2026-01-21,Mobile,3,1,2
U2634,2026-01-22,PC,3,0,0
U2634,2026-01-23,Mobile,4,0,1
U2634,2026-01-24,PC,2,1,1
U2634,2026-01-25,Mobile,4,0,0
U2634,2026-01-26,PC,4,0,2
U2634,2026-01-27,Mobile,1,0,0
U2634,2026-01-28,Mobile,4,2,2
U2635,2026-01-15,PC,5,1,2
U2635,2026-01-16,Mobile,2,0,1
U2635,2026-01-17,PC,3,0,0
U2635,2026-01-18,PC,1,0,0
U2635,2026-01-19,Mobile,3,1,0
U2635,2026-01-20,Mobile,3,0,2
U2635,2026-01-21,Mobile,4,0,1
U2635,2026-01-22,Mobile,4,0,0
U2635,2026-01-23,PC,5,1,2
U2635,2026-01-24,Mobile,1,0,0
U2635,2026-01-25,Mobile,4,0,4
U2635,2026-01-26,Mobile,3,0,2
U2635,2026-01-27,Mobile,1,0,0
U2635,2026-01-28,Mobile,1,0,0
U2636,2026-01-15,Mobile,2,0,1
U2636,2026-01-16,Mobile,3,1,1
U2636,2026-01-17,PC,2,0,0
U2636,2026-01-18,Mobile,3,1,2
U2636,2026-01-19,PC,3,0,0
U2636,2026-01-20,Mobile,4,1,3
U2636,2026-01-21,Mobile,2,1,1
U2636,2026-01-22,PC,4,1,2
U2636,2026-01-23,Mobile,5,0,0
U2636,2026-01-25,Mobile,5,0,0
U2636,2026-01-26,Mobile,4,0,0
U2636,2026-01-27,Mobile,3,0,0
U2636,2026-01-28,Mobile,2,0,0
U2637,2026-01-15,Mobile,4,0,0
U2637,2026-01-16,Mobile,1,1,0
U2637,2026-01-17,Mobile,5,2,3
U2637,2026-01-18,Mobile,2,0,0
U2637,2026-01-20,Mobile,2,1,0
U2637,2026-01-21,Mobile,5,0,0
U2637,2026-01-22,PC,1,0,1
U2637,2026-01-23,Mobile,1,1,0
U2637,2026-01-24,Mobile,3,0,0
U2637,2026-01-25,Mobile,2,2,0
U2637,2026-01-26,Mobile,5,0,0
U2637,2026-01-27,PC,3,2,1
U2637,2026-01-28,Mobile,1,0,1
U2638,2026-01-16,Mobile,1,0,0
U2638,2026-01-17,Mobile,4,0,0
U2638,2026-01-18,PC,2,0,1
U2638,2026-01-19,PC,5,1,1
U2638,2026-01-20,Mobile,2,1,0
U2638,2026-01-21,PC,5,0,4
U2638,2026-01-22,Mobile,4,0,3
U2638,2026-01-23,Mobile,4,0,0
U2638,2026-01-24,Mobile,4,2,2
U2638,2026-01-25,PC,1,0,0
U2638,2026-01-26,Mobile,1,0,0
U2638,2026-01-27,Mobile,5,1,2
U2638,2026-01-28,Mobile,5,0,2
U2639,2026-01-15,PC,4,0,1
U2639,2026-01-17,Mobile,4,0,2
U2639,2026-01-18,Mobile,3,2,1
U2639,2026-01-19,Mobile,1,0,0
U2639,2026-01-20,PC,5,1,0
U2639,2026-01-21,PC,4,1,0
U2639,2026-01-23,Mobile,4,3,1
U2639,2026-01-24,Mobile,4,0,1
U2639,2026-01-25,PC,2,0,0
U2639,2026-01-26,Mobile,5,1,0
U2639,2026-01-27,Mobile,2,1,1
U2639,2026-01-28,Mobile,3,0,0
U2640,2026-01-15,Mobile,2,0,1
U2640,2026-01-16,PC,2,0,1
U2640,2026-01-17,PC,1,0,0
U2640,2026-01-18,Mobile,3,1,1
U2640,2026-01-19,Mobile,3,0,1
U2640,2026-01-20,Mobile,3,0,1
U2640,2026-01-21,PC,3,0,0
U2640,2026-01-22,PC,4,0,2
U2640,2026-01-23,Mobile,1,0,1
U2640,2026-01-24,PC,4,1,2
U2640,2026-01-25,PC,1,0,1
U2640,2026-01-26,PC,4,0,2
U2640,2026-01-27,Mobile,2,2,0
U2640,2026-01-28,Mobile,5,0,5
U2641,2026-01-15,Mobile,3,2,1
U2641,2026-01-16,Mobile,3,0,3
U2641,2026-01-18,Mobile,3,2,1
U2641,2026-01-19,Mobile,2,1,0
U2641,2026-01-20,Mobile,5,3,2
U2641,2026-01-21,Mobile,5,0,0
U2641,2026-01-22,Mobile,1,1,0
U2641,2026-01-23,Mobile,5,4,1
U2641,2026-01-24,PC,5,4,1
U2641,2026-01-25,Mobile,5,2,1
U2641,2026-01-27,Mobile,5,0,0
U2642,2026-01-15,Mobile,1,0,1
U2642,2026-01-16,PC,2,0,2
U2642,2026-01-17,Mobile,5,0,2
U2642,2026-01-18,Mobile,1,0,0
U2642,2026-01-19,PC,5,2,2
U2642,2026-01-22,PC,5,0,0
U2642,2026-01-23,Mobile,5,0,1
U2642,2026-01-24,PC,5,0,3
U2642,2026-01-25,PC,2,0,2
U2642,2026-01-26,Mobile,4,1,3
U2642,2026-01-27,PC,4,0,0
U2642,2026-01-28,PC,5,1,4
U2643,2026-01-15,PC,3,2,1
U2643,2026-01-16,PC,5,0,0
U2643,2026-01-17,PC,2,0,1
U2643,2026-01-19,PC,5,1,3
U2643,2026-01-20,Mobile,2,0,0
U2643,2026-01-21,PC,5,2,1
U2643,2026-01-22,PC,5,0,0
U2643,2026-01-23,Mobile,3,1,0
U2643,2026-01-25,Mobile,4,0,0
U2643,2026-01-26,Mobile,5,1,2
U2643,2026-01-27,Mobile,4,1,2
U2643,2026-01-28,PC,5,0,0
U2644,2026-01-15,Mobile,4,0,1
U2644,2026-01-16,Mobile,3,0,1
U2644,2026-01-17,Mobile,4,1,0
U2644,2026-01-18,PC,1,0,1
U2644,2026-01-19,Mobile,5,0,5
U2644,2026-01-20,Mobile,3,1,1
U2644,2026-01-21,Mobile,4,1,3
U2644,2026-01-22,PC,4,1,0
U2644,2026-01-23,PC,1,0,0
U2644,2026-01-24,PC,3,2,1
U2644,2026-01-25,PC,4,2,2
U2644,2026-01-26,PC,1,0,1
U2644,2026-01-27,Mobile,1,0,1
U2644,2026-01-28,PC,1,0,0
U2645,2026-01-15,PC,2,0,1
U2645,2026-01-16,Mobile,5,0,5
U2645,2026-01-17,PC,1,0,0
U2645,2026-01-18,Mobile,5,0,3
U2645,2026-01-19,PC,4,2,2
U2645,2026-01-22,PC,4,0,2
U2645,2026-01-23,Mobile,2,0,0
U2645,2026-01-24,PC,1,0,1
U2645,2026-01-25,PC,4,1,2
U2645,2026-01-26,Mobile,2,0,1
U2645,2026-01-28,PC,2,0,1
U2646,2026-01-15,PC,5,0,2
U2646,2026-01-16,Mobile,4,0,1
U2646,2026-01-17,Mobile,3,1,2
U2646,2026-01-18,Mobile,1,0,1
U2646,2026-01-19,PC,4,1,2
U2646,2026-01-20,Mobile,4,0,2
U2646,2026-01-21,Mobile,1,0,0
U2646,2026-01-22,Mobile,5,1,2
U2646,2026-01-23,Mobile,1,0,0
U2646,2026-01-25,Mobile,3,0,1
U2646,2026-01-26,PC,3,1,1
U2646,2026-01-27,PC,4,1,2
U2646,2026-01-28,Mobile,2,0,2
U2647,2026-01-15,Mobile,3,0,1
U2647,2026-01-16,PC,3,2,0
U2647,2026-01-17,Mobile,4,2,1
U2647,2026-01-18,PC,5,0,2
U2647,2026-01-19,Mobile,4,1,2
U2647,2026-01-20,Mobile,5,1,0
U2647,2026-01-22,Mobile,2,0,0
U2647,2026-01-23,Mobile,5,0,0
U2647,2026-01-24,Mobile,4,0,2
U2647,2026-01-25,Mobile,2,0,0
U2647,2026-01-26,Mobile,3,1,0
U2647,2026-01-27,PC,1,1,0
U2647,2026-01-28,PC,4,4,0
U2648,2026-01-15,Mobile,4,0,0
U2648,2026-01-16,Mobile,4,1,2
U2648,2026-01-17,Mobile,4,1,2
U2648,2026-01-18,Mobile,1,0,1
U2648,2026-01-19,Mobile,3,1,2
U2648,2026-01-20,PC,3,0,1
U2648,2026-01-21,PC,3,1,1
U2648,2026-01-22,Mobile,5,1,2
U2648,2026-01-23,PC,2,0,0
U2648,2026-01-24,PC,3,0,2
U2648,2026-01-25,PC,3,0,2
U2648,2026-01-26,PC,4,1,1
U2648,2026-01-27,PC,1,0,0
U2648,2026-01-28,PC,4,0,0
U2649,2026-01-15,PC,5,1,4
U2649,2026-01-16,Mobile,3,1,0
U2649,2026-01-17,Mobile,1,0,0
U2649,2026-01-18,Mobile,3,0,3
U2649,2026-01-19,PC,2,1,0
U2649,2026-01-20,Mobile,4,1,0
U2649,2026-01-21,Mobile,3,1,2
U2649,2026-01-22,Mobile,5,2,3
U2649,2026-01-23,PC,3,0,0
U2649,2026-01-24,PC,5,0,0
U2649,2026-01-25,Mobile,2,0,0
U2649,2026-01-26,Mobile,3,0,2
U2649,2026-01-27,Mobile,5,0,5
U2650,2026-01-15,PC,2,0,0
U2650,2026-01-16,Mobile,5,0,0
U2650,2026-01-17,Mobile,2,0,1
U2650,2026-01-18,Mobile,5,3,0
U2650,2026-01-20,PC,5,3,2
U2650,2026-01-21,PC,4,0,1
U2650,2026-01-22,PC,4,0,0
U2650,2026-01-24,PC,5,3,1
U2650,2026-01-27,PC,2,0,0
U2650,2026-01-28,Mobile,4,3,0
U2651,2026-01-15,Mobile,2,1,0
U2651,2026-01-16,Mobile,5,0,1
U2651,2026-01-17,Mobile,4,2,2
U2651,2026-01-18,Mobile,5,0,2
U2651,2026-01-19,PC,3,0,0
U2651,2026-01-20,Mobile,2,0,2
U2651,2026-01-21,Mobile,1,0,1
U2651,2026-01-22,Mobile,4,0,4
U2651,2026-01-23,PC,4,1,0
U2651,2026-01-24,PC,2,0,2
U2651,2026-01-25,Mobile,1,1,0
U2651,2026-01-26,Mobile,5,1,2
U2651,2026-01-28,Mobile,3,0,2
U2652,2026-01-15,Mobile,2,0,2
U2652,2026-01-16,PC,1,0,0
U2652,2026-01-17,PC,1,0,1
U2652,2026-01-18,PC,3,1,1
U2652,2026-01-19,PC,3,0,2
U2652,2026-01-20,Mobile,3,0,3
U2652,2026-01-21,Mobile,4,0,2
U2652,2026-01-22,Mobile,3,1,0
U2652,2026-01-23,PC,4,0,0
U2652,2026-01-24,Mobile,5,1,3
U2652,2026-01-25,PC,4,0,1
U2652,2026-01-26,PC,4,1,3
U2652,2026-01-27,Mobile,5,1,4
U2652,2026-01-28,Mobile,5,0,1
U2653,2026-01-15,Mobile,5,0,0
U2653,2026-01-16,PC,2,1,1
U2653,2026-01-17,Mobile,1,0,1
U2653,2026-01-19,Mobile,3,1,1
U2653,2026-01-20,PC,4,0,0
U2653,2026-01-22,PC,4,0,3
U2653,2026-01-23,Mobile,1,0,0
U2653,2026-01-24,Mobile,1,1,0
U2653,2026-01-25,Mobile,5,0,0
U2653,2026-01-26,Mobile,1,1,0
U2654,2026-01-15,PC,1,1,0
U2654,2026-01-16,PC,4,1,3
U2654,2026-01-17,Mobile,5,0,0
U2654,2026-01-18,PC,1,0,1
U2654,2026-01-19,PC,1,0,0
U2654,2026-01-20,Mobile,4,2,2
U2654,2026-01-21,Mobile,3,0,0
U2654,2026-01-22,Mobile,2,0,1
U2654,2026-01-23,Mobile,1,0,0
U2654,2026-01-24,Mobile,1,1,0
U2654,2026-01-25,PC,5,0,0
U2654,2026-01-26,Mobile,2,0,0
U2654,2026-01-27,Mobile,5,1,2
U2654,2026-01-28,Mobile,3,1,1
U2655,2026-01-16,PC,1,0,0
U2655,2026-01-17,Mobile,4,2,0
U2655,2026-01-18,PC,3,0,1
U2655,2026-01-19,PC,4,2,2
U2655,2026-01-20,PC,4,1,2
U2655,2026-01-21,PC,2,2,0
U2655,2026-01-22,PC,4,2,0
U2655,2026-01-23,Mobile,1,1,0
U2655,2026-01-25,Mobile,2,1,1
U2655,2026-01-26,PC,5,0,0
U2655,2026-01-27,PC,2,1,1
U2655,2026-01-28,PC,4,1,0
U2656,2026-01-15,Mobile,2,0,0
U2656,2026-01-16,PC,5,0,1
U2656,2026-01-17,PC,1,0,0
U2656,2026-01-18,PC,5,2,2
U2656,2026-01-19,PC,1,0,0
U2656,2026-01-20,Mobile,1,0,0
U2656,2026-01-21,PC,4,0,4
U2656,2026-01-22,Mobile,3,0,2
U2656,2026-01-23,PC,3,0,3
U2656,2026-01-24,Mobile,1,0,1
U2656,2026-01-25,PC,4,0,2
U2656,2026-01-26,Mobile,5,0,0
U2656,2026-01-27,PC,2,0,0
U2656,2026-01-28,PC,5,1,3
U2657,2026-01-15,PC,3,1,0
U2657,2026-01-16,PC,4,1,3
U2657,2026-01-17,PC,4,0,0
U2657,2026-01-18,Mobile,5,2,2
U2657,2026-01-19,PC,1,0,1
U2657,2026-01-20,PC,5,0,0
U2657,2026-01-22,Mobile,3,0,0
U2657,2026-01-23,PC,4,2,2
U2657,2026-01-24,PC,3,0,1
U2657,2026-01-25,Mobile,4,0,2
U2657,2026-01-26,Mobile,4,1,1
U2657,2026-01-27,PC,2,0,2
U2657,2026-01-28,PC,3,2,1
U2658,2026-01-15,PC,5,0,0
U2658,2026-01-16,Mobile,2,0,0
U2658,2026-01-17,Mobile,5,1,4
U2658,2026-01-18,Mobile,2,0,1
U2658,2026-01-19,Mobile,4,0,1
U2658,2026-01-20,Mobile,1,0,1
U2658,2026-01-21,Mobile,4,0,0
U2658,2026-01-22,Mobile,1,0,1
U2658,2026-01-23,PC,2,0,1
U2658,2026-01-24,PC,4,0,4
U2658,2026-01-25,Mobile,3,0,0
U2658,2026-01-26,Mobile,5,0,0
U2658,2026-01-27,Mobile,5,0,4
U2658,2026-01-28,PC,1,0,1
U2659,2026-01-15,PC,5,2,3
U2659,2026-01-16,PC,5,0,1
U2659,2026-01-17,Mobile,5,0,2
U2659,2026-01-18,PC,3,2,1
U2659,2026-01-19,Mobile,3,0,1
U2659,2026-01-20,Mobile,5,0,2
U2659,2026-01-22,PC,1,0,0
U2659,2026-01-23,Mobile,5,2,1
U2659,2026-01-24,PC,5,0,0
U2659,2026-01-25,PC,4,0,0
U2659,2026-01-26,PC,5,1,1
U2659,2026-01-27,Mobile,3,0,2
U2660,2026-01-15,Mobile,5,1,0
U2660,2026-01-16,PC,5,1,3
U2660,2026-01-17,Mobile,3,0,0
U2660,2026-01-18,Mobile,1,0,0
U2660,2026-01-19,PC,5,1,1
U2660,2026-01-20,Mobile,2,0,0
U2660,2026-01-21,Mobile,3,2,1
U2660,2026-01-22,PC,4,1,3
U2660,2026-01-23,PC,1,1,0
U2660,2026-01-24,Mobile,2,0,2
U2660,2026-01-25,Mobile,2,0,0
U2660,2026-01-27,PC,2,0,1
U2660,2026-01-28,PC,1,0,0
U2661,2026-01-15,PC,2,1,0
U2661,2026-01-16,PC,1,0,1
U2661,2026-01-17,Mobile,1,1,0
U2661,2026-01-18,PC,2,2,0
U2661,2026-01-19,Mobile,5,1,1
U2661,2026-01-20,Mobile,2,1,0
U2661,2026-01-21,Mobile,3,0,0
U2661,2026-01-22,PC,5,1,0
U2661,2026-01-23,PC,1,0,1
U2661,2026-01-24,PC,4,1,2
U2661,2026-01-26,Mobile,4,4,0
U2661,2026-01-27,PC,3,3,0
U2661,2026-01-28,Mobile,5,3,2
U2662,2026-01-15,PC,3,0,0
U2662,2026-01-16,Mobile,4,0,2
U2662,2026-01-17,Mobile,1,0,0
U2662,2026-01-19,PC,4,3,1
U2662,2026-01-20,PC,4,1,3
U2662,2026-01-21,Mobile,3,2,1
U2662,2026-01-22,Mobile,5,4,1
U2662,2026-01-23,PC,1,0,1
U2662,2026-01-24,Mobile,2,0,0
U2662,2026-01-25,Mobile,1,0,0
U2662,2026-01-26,Mobile,2,0,0
U2662,2026-01-27,Mobile,4,2,1
U2662,2026-01-28,PC,1,0,1
U2663,2026-01-15,Mobile,1,0,0
U2663,2026-01-16,Mobile,1,0,0
U2663,2026-01-17,PC,2,0,2
U2663,2026-01-18,Mobile,1,0,0
U2663,2026-01-19,Mobile,3,0,0
U2663,2026-01-20,PC,3,1,1
U2663,2026-01-21,Mobile,5,2,1
U2663,2026-01-22,Mobile,3,0,1
U2663,2026-01-23,Mobile,3,0,0
U2663,2026-01-24,Mobile,1,1,0
U2663,2026-01-25,Mobile,1,0,0
U2663,2026-01-26,Mobile,1,1,0
U2663,2026-01-27,Mobile,2,1,0
U2664,2026-01-15,Mobile,2,0,1
U2664,2026-01-16,PC,5,4,0
U2664,2026-01-17,Mobile,5,0,3
U2664,2026-01-18,Mobile,2,1,0
U2664,2026-01-20,Mobile,4,0,3
U2664,2026-01-21,Mobile,2,1,1
U2664,2026-01-22,Mobile,2,0,1
U2664,2026-01-23,Mobile,3,0,0
U2664,2026-01-25,Mobile,2,2,0
U2664,2026-01-26,PC,1,0,0
U2664,2026-01-28,Mobile,3,0,1
U2665,2026-01-15,Mobile,4,0,0
U2665,2026-01-16,Mobile,3,1,1
U2665,2026-01-17,Mobile,1,0,0
U2665,2026-01-18,Mobile,3,0,0
U2665,2026-01-19,Mobile,4,1,1
U2665,2026-01-20,PC,5,1,0
U2665,2026-01-21,Mobile,1,0,0
U2665,2026-01-22,PC,1,0,0
U2665,2026-01-23,PC,3,0,1
U2665,2026-01-24,Mobile,5,2,2
U2665,2026-01-25,Mobile,3,0,3
U2665,2026-01-26,Mobile,2,0,1
U2665,2026-01-28,Mobile,5,0,0
U2666,2026-01-17,PC,3,0,2
U2666,2026-01-18,PC,4,1,0
U2666,2026-01-19,PC,3,1,0
U2666,2026-01-21,PC,4,0,2
U2666,2026-01-22,PC,3,2,1
U2666,2026-01-23,PC,5,0,0
U2666,2026-01-24,PC,4,1,3
U2666,2026-01-25,Mobile,2,0,2
U2666,2026-01-26,Mobile,1,0,0
U2666,2026-01-27,Mobile,2,0,1
U2666,2026-01-28,PC,2,0,2
U2667,2026-01-15,Mobile,1,1,0
U2667,2026-01-16,PC,4,0,1
U2667,2026-01-17,Mobile,5,1,4
U2667,2026-01-18,Mobile,3,0,1
U2667,2026-01-19,Mobile,3,0,1
U2667,2026-01-20,Mobile,3,0,0
U2667,2026-01-22,Mobile,2,0,1
U2667,2026-01-23,PC,4,0,0
U2667,2026-01-24,PC,1,0,0
U2667,2026-01-25,Mobile,2,0,1
U2667,2026-01-27,Mobile,3,0,3
U2668,2026-01-15,Mobile,4,1,2
U2668,2026-01-16,Mobile,5,0,2
U2668,2026-01-17,PC,2,0,0
U2668,2026-01-18,Mobile,1,0,1
U2668,2026-01-20,PC,1,0,0
U2668,2026-01-21,PC,3,0,0
U2668,2026-01-22,Mobile,3,0,0
U2668,2026-01-23,Mobile,4,1,1
U2668,2026-01-24,Mobile,5,1,2
U2668,2026-01-25,Mobile,5,2,3
U2668,2026-01-26,Mobile,1,0,0
U2668,2026-01-27,Mobile,5,1,0
U2668,2026-01-28,Mobile,2,1,1
U2669,2026-01-15,PC,2,0,1
U2669,2026-01-16,PC,5,1,3
U2669,2026-01-18,Mobile,2,0,0
U2669,2026-01-19,Mobile,5,0,1
U2669,2026-01-21,Mobile,2,0,1
U2669,2026-01-22,Mobile,5,0,2
U2669,2026-01-23,Mobile,5,1,2
U2669,2026-01-24,PC,2,0,0
U2669,2026-01-25,Mobile,2,0,2
U2669,2026-01-26,PC,2,0,0
U2669,2026-01-27,Mobile,4,0,1
U2669,2026-01-28,PC,4,0,2
U2670,2026-01-15,Mobile,3,0,1
U2670,2026-01-16,Mobile,2,0,0
U2670,2026-01-17,PC,4,0,2
U2670,2026-01-18,PC,3,0,0
U2670,2026-01-19,PC,4,1,3
U2670,2026-01-20,PC,4,0,1
U2670,2026-01-22,Mobile,3,2,1
U2670,2026-01-23,Mobile,3,0,2
U2670,2026-01-24,Mobile,5,0,5
U2670,2026-01-25,Mobile,5,0,3
U2670,2026-01-27,PC,4,0,4
U2670,2026-01-28,Mobile,3,1,2
U2671,2026-01-15,Mobile,2,1,0
U2671,2026-01-16,Mobile,3,1,0
U2671,2026-01-17,PC,3,0,0
U2671,2026-01-18,Mobile,2,1,1
U2671,2026-01-19,PC,3,2,0
U2671,2026-01-20,Mobile,1,1,0
U2671,2026-01-22,PC,3,0,0
U2671,2026-01-23,PC,3,0,1
U2671,2026-01-24,Mobile,5,0,1
U2671,2026-01-25,Mobile,4,1,2
U2671,2026-01-26,Mobile,3,1,2
U2671,2026-01-27,Mobile,4,0,0
U2671,2026-01-28,Mobile,1,0,0
U2672,2026-01-15,Mobile,4,0,0
U2672,2026-01-16,PC,1,0,0
U2672,2026-01-17,PC,1,1,0
U2672,2026-01-18,PC,4,1,0
U2672,2026-01-19,PC,4,0,4
U2672,2026-01-20,PC,4,3,1
U2672,2026-01-21,Mobile,1,0,1
U2672,2026-01-23,Mobile,2,0,1
U2672,2026-01-24,Mobile,5,0,1
U2672,2026-01-25,PC,3,0,0
U2672,2026-01-27,PC,5,3,1
U2672,2026-01-28,PC,2,1,1
U2673,2026-01-15,Mobile,4,0,1
U2673,2026-01-16,PC,2,0,0
U2673,2026-01-17,PC,4,0,1
U2673,2026-01-18,Mobile,3,1,2
U2673,2026-01-19,Mobile,1,0,1
U2673,2026-01-20,Mobile,1,0,1
U2673,2026-01-21,Mobile,1,0,0
U2673,2026-01-22,Mobile,1,1,0
U2673,2026-01-23,PC,2,0,0
U2673,2026-01-24,Mobile,1,0,0
U2673,2026-01-25,PC,4,1,1
U2673,2026-01-26,PC,1,0,0
U2673,2026-01-27,Mobile,4,0,2
U2674,2026-01-15,Mobile,4,0,3
U2674,2026-01-16,PC,3,1,1
U2674,2026-01-17,PC,2,0,1
U2674,2026-01-18,Mobile,3,0,0
U2674,2026-01-20,PC,1,0,0
U2674,2026-01-21,Mobile,4,0,0
U2674,2026-01-22,PC,1,0,1
U2674,2026-01-23,PC,1,0,0
U2674,2026-01-24,Mobile,2,0,0
U2674,2026-01-25,PC,3,0,0
U2674,2026-01-26,PC,2,0,0
U2674,2026-01-27,PC,4,0,1
U2674,2026-01-28,Mobile,3,0,1
U2675,2026-01-15,Mobile,2,1,0
U2675,2026-01-16,Mobile,1,0,0
U2675,2026-01-17,Mobile,3,1,0
U2675,2026-01-18,Mobile,5,1,0
U2675,2026-01-19,Mobile,4,1,1
U2675,2026-01-20,Mobile,5,0,0
U2675,2026-01-21,PC,3,2,1
U2675,2026-01-22,Mobile,1,0,0
U2675,2026-01-23,Mobile,4,0,1
U2675,2026-01-24,PC,5,2,1
U2675,2026-01-25,PC,3,2,0
U2675,2026-01-26,PC,5,0,0
U2675,2026-01-27,PC,4,0,0
U2675,2026-01-28,Mobile,4,2,1
U2676,2026-01-15,Mobile,1,0,0
U2676,2026-01-16,Mobile,4,1,1
U2676,2026-01-17,Mobile,3,1,0
U2676,2026-01-18,PC,2,0,0
U2676,2026-01-19,Mobile,5,0,0
U2676,2026-01-20,Mobile,3,0,0
U2676,2026-01-22,Mobile,2,1,0
U2676,2026-01-23,PC,5,1,3
U2676,2026-01-24,Mobile,2,0,1
U2676,2026-01-25,Mobile,2,0,0
U2676,2026-01-26,PC,2,0,2
U2676,2026-01-27,PC,1,0,0
U2676,2026-01-28,Mobile,4,0,1
U2677,2026-01-15,Mobile,4,2,2
U2677,2026-01-16,PC,1,0,1
U2677,2026-01-17,Mobile,4,1,2
U2677,2026-01-18,PC,5,0,2
U2677,2026-01-19,PC,1,0,1
U2677,2026-01-20,Mobile,4,0,0
U2677,2026-01-21,Mobile,5,0,1
U2677,2026-01-22,PC,2,0,1
U2677,2026-01-23,Mobile,2,0,2
U2677,2026-01-24,PC,3,1,2
U2677,2026-01-25,PC,4,0,1
U2677,2026-01-27,Mobile,2,0,1
U2677,2026-01-28,Mobile,2,1,0
U2678,2026-01-15,PC,3,0,1
U2678,2026-01-16,Mobile,2,0,2
U2678,2026-01-17,PC,5,1,0
U2678,2026-01-18,PC,3,0,2
U2678,2026-01-19,PC,3,1,2
U2678,2026-01-20,PC,5,1,2
U2678,2026-01-21,Mobile,1,0,0
U2678,2026-01-22,PC,5,1,0
U2678,2026-01-23,Mobile,5,0,2
U2678,2026-01-25,PC,1,0,0
U2678,2026-01-26,Mobile,4,0,0
U2678,2026-01-27,PC,4,0,2
U2678,2026-01-28,PC,4,1,1
U2679,2026-01-17,Mobile,2,0,1
U2679,2026-01-18,PC,4,1,2
U2679,2026-01-19,PC,2,0,0
U2679,2026-01-21,PC,4,1,2
U2679,2026-01-22,Mobile,3,1,0
U2679,2026-01-23,PC,3,1,0
U2679,2026-01-24,Mobile,5,1,2
U2679,2026-01-25,Mobile,4,0,0
U2679,2026-01-26,PC,5,0,1
U2679,2026-01-27,Mobile,4,2,2
U2679,2026-01-28,PC,2,0,2
U2680,2026-01-15,PC,4,0,3
U2680,2026-01-16,PC,5,0,2
U2680,2026-01-17,PC,2,0,2
U2680,2026-01-18,Mobile,2,0,2
U2680,2026-01-20,Mobile,4,0,0
U2680,2026-01-21,Mobile,1,0,1
U2680,2026-01-22,Mobile,5,0,1
U2680,2026-01-23,Mobile,5,2,2
U2680,2026-01-24,Mobile,4,0,1
U2680,2026-01-25,PC,5,1,4
U2680,2026-01-26,Mobile,5,1,0
U2680,2026-01-27,Mobile,2,1,1
U2680,2026-01-28,PC,4,1,0
U2681,2026-01-15,PC,5,1,1
U2681,2026-01-16,Mobile,3,1,1
U2681,2026-01-17,Mobile,4,0,3
U2681,2026-01-18,Mobile,1,0,0
U2681,2026-01-19,Mobile,5,0,1
U2681,2026-01-20,PC,1,0,1
U2681,2026-01-21,PC,2,0,0
U2681,2026-01-22,Mobile,5,0,1
U2681,2026-01-24,Mobile,2,1,1
U2681,2026-01-25,Mobile,3,2,1
U2681,2026-01-26,PC,4,1,2
U2681,2026-01-27,Mobile,4,0,0
U2681,2026-01-28,PC,4,3,1
U2682,2026-01-15,Mobile,1,0,1
U2682,2026-01-16,PC,1,0,0
U2682,2026-01-17,PC,4,2,1
U2682,2026-01-18,Mobile,3,0,3
U2682,2026-01-19,Mobile,5,1,4
U2682,2026-01-20,Mobile,5,0,1
U2682,2026-01-21,PC,4,3,1
U2682,2026-01-22,PC,5,1,1
U2682,2026-01-23,Mobile,4,1,1
U2682,2026-01-24,PC,1,0,1
U2682,2026-01-25,Mobile,3,1,2
U2682,2026-01-26,PC,3,0,0
U2682,2026-01-27,PC,5,1,2
U2682,2026-01-28,Mobile,2,0,2
U2683,2026-01-15,Mobile,4,0,1
U2683,2026-01-16,PC,5,0,0
U2683,2026-01-17,Mobile,5,0,1
U2683,2026-01-18,Mobile,3,0,0
U2683,2026-01-19,Mobile,2,1,1
U2683,2026-01-20,Mobile,1,0,0
U2683,2026-01-21,PC,2,0,2
U2683,2026-01-22,PC,5,1,1
U2683,2026-01-24,PC,4,1,2
U2683,2026-01-25,Mobile,1,0,1
U2683,2026-01-26,PC,2,0,2
U2683,2026-01-27,PC,5,0,1
U2683,2026-01-28,PC,5,1,4
U2684,2026-01-15,PC,3,0,2
U2684,2026-01-16,PC,2,0,0
U2684,2026-01-17,PC,1,0,1
U2684,2026-01-18,PC,1,0,1
U2684,2026-01-19,Mobile,3,0,2
U2684,2026-01-20,PC,2,0,0
U2684,2026-01-21,PC,1,0,0
U2684,2026-01-22,Mobile,5,0,0
U2684,2026-01-23,PC,1,0,0
U2684,2026-01-24,Mobile,3,0,3
U2684,2026-01-26,PC,5,1,1
U2684,2026-01-27,PC,5,2,1
U2684,2026-01-28,Mobile,1,1,0
U2685,2026-01-15,Mobile,3,0,0
U2685,2026-01-16,PC,2,0,0
U2685,2026-01-17,Mobile,4,1,2
U2685,2026-01-18,Mobile,2,0,0
U2685,2026-01-19,PC,3,0,3
U2685,2026-01-20,Mobile,4,0,1
U2685,2026-01-21,Mobile,4,1,1
U2685,2026-01-22,Mobile,5,0,0
U2685,2026-01-23,PC,5,0,2
U2685,2026-01-24,PC,3,0,0
U2685,2026-01-25,Mobile,1,0,0
U2685,2026-01-26,Mobile,3,1,2
U2685,2026-01-27,PC,4,0,3
U2685,2026-01-28,Mobile,1,0,0
U2686,2026-01-16,PC,3,0,2
U2686,2026-01-17,PC,3,1,2
U2686,2026-01-18,Mobile,1,0,0
U2686,2026-01-19,PC,3,1,1
U2686,2026-01-20,PC,2,0,0
U2686,2026-01-21,PC,5,2,1
U2686,2026-01-22,PC,2,0,0
U2686,2026-01-23,Mobile,3,0,0
U2686,2026-01-24,Mobile,5,0,1
U2686,2026-01-25,PC,1,0,0
U2686,2026-01-27,Mobile,2,0,2
U2687,2026-01-15,Mobile,1,0,1
U2687,2026-01-16,Mobile,3,0,0
U2687,2026-01-17,PC,2,0,0
U2687,2026-01-18,PC,4,0,1
U2687,2026-01-19,Mobile,4,0,0
U2687,2026-01-20,Mobile,4,2,2
U2687,2026-01-21,Mobile,4,0,1
U2687,2026-01-22,PC,5,3,0
U2687,2026-01-23,PC,2,1,1
U2687,2026-01-24,Mobile,1,0,1
U2687,2026-01-25,Mobile,4,3,1
U2687,2026-01-26,Mobile,5,1,1
U2687,2026-01-27,PC,2,1,0
U2687,2026-01-28,Mobile,1,1,0
U2688,2026-01-16,Mobile,1,0,0
U2688,2026-01-17,Mobile,5,0,2
U2688,2026-01-18,PC,5,1,0
U2688,2026-01-19,PC,5,1,1
U2688,2026-01-20,Mobile,4,2,2
U2688,2026-01-22,PC,5,2,3
U2688,2026-01-23,PC,5,1,1
U2688,2026-01-24,Mobile,2,0,1
U2688,2026-01-26,Mobile,2,0,0
U2688,2026-01-27,PC,2,0,0
U2689,2026-01-15,Mobile,1,1,0
U2689,2026-01-16,PC,1,0,1
U2689,2026-01-17,Mobile,1,0,0
U2689,2026-01-18,PC,3,0,0
U2689,2026-01-19,Mobile,1,0,0
U2689,2026-01-20,Mobile,2,0,2
U2689,2026-01-23,Mobile,4,2,2
U2689,2026-01-24,PC,4,1,1
U2689,2026-01-25,Mobile,1,0,0
U2689,2026-01-26,Mobile,2,1,0
U2689,2026-01-28,Mobile,4,0,0
U2690,2026-01-15,Mobile,2,1,1
U2690,2026-01-16,Mobile,1,0,1
U2690,2026-01-17,Mobile,1,0,0
U2690,2026-01-18,PC,3,1,0
U2690,2026-01-19,Mobile,5,2,2
U2690,2026-01-21,Mobile,4,1,3
U2690,2026-01-22,Mobile,1,0,1
U2690,2026-01-24,PC,3,1,1
U2690,2026-01-25,PC,4,0,1
U2690,2026-01-27,Mobile,1,0,1
U2690,2026-01-28,Mobile,2,0,2
U2691,2026-01-15,PC,5,0,4
U2691,2026-01-16,Mobile,4,0,1
U2691,2026-01-17,Mobile,4,0,4
U2691,2026-01-18,Mobile,4,2,2
U2691,2026-01-19,PC,3,2,1
U2691,2026-01-20,PC,5,1,1
U2691,2026-01-21,Mobile,2,0,0
U2691,2026-01-23,Mobile,1,0,1
U2691,2026-01-24,Mobile,4,0,1
U2691,2026-01-25,Mobile,1,0,0
U2691,2026-01-26,Mobile,2,0,0
U2691,2026-01-27,Mobile,5,0,3
U2692,2026-01-15,PC,5,1,4
U2692,2026-01-16,Mobile,1,0,0
U2692,2026-01-18,Mobile,3,0,1
U2692,2026-01-19,Mobile,5,0,0
U2692,2026-01-20,PC,2,0,1
U2692,2026-01-21,Mobile,3,0,0
U2692,2026-01-22,PC,3,0,0
U2692,2026-01-23,Mobile,2,0,2
U2692,2026-01-24,Mobile,2,2,0
U2692,2026-01-25,Mobile,5,1,4
U2692,2026-01-26,Mobile,4,3,1
U2692,2026-01-27,PC,5,0,2
U2692,2026-01-28,Mobile,5,1,1
U2693,2026-01-15,Mobile,3,0,0
U2693,2026-01-16,PC,3,0,0
U2693,2026-01-17,PC,3,1,1
U2693,2026-01-18,PC,3,0,0
U2693,2026-01-19,PC,1,0,1
U2693,2026-01-20,PC,2,0,0
U2693,2026-01-21,PC,4,0,0
U2693,2026-01-22,Mobile,5,0,0
U2693,2026-01-23,PC,2,0,1
U2693,2026-01-24,Mobile,1,0,0
U2693,2026-01-25,Mobile,1,1,0
U2693,2026-01-26,PC,3,0,0
U2693,2026-01-27,Mobile,5,1,1
U2693,2026-01-28,Mobile,5,0,0
U2694,2026-01-15,Mobile,5,1,1
U2694,2026-01-16,PC,5,0,0
U2694,2026-01-17,PC,2,1,0
U2694,2026-01-19,Mobile,5,1,1
U2694,2026-01-20,PC,3,3,0
U2694,2026-01-21,Mobile,5,3,0
U2694,2026-01-22,Mobile,3,0,1
U2694,2026-01-23,PC,1,1,0
U2694,2026-01-24,PC,2,2,0
U2694,2026-01-25,Mobile,1,1,0
U2694,2026-01-26,Mobile,5,1,2
U2694,2026-01-28,Mobile,3,2,1
U2695,2026-01-15,Mobile,4,2,2
U2695,2026-01-16,Mobile,3,1,2
U2695,2026-01-17,Mobile,1,0,0
U2695,2026-01-18,PC,3,2,1
U2695,2026-01-19,Mobile,1,1,0
U2695,2026-01-20,Mobile,2,1,0
U2695,2026-01-21,Mobile,4,2,0
U2695,2026-01-22,Mobile,5,1,3
U2695,2026-01-23,Mobile,1,0,0
U2695,2026-01-26,PC,2,0,1
U2695,2026-01-27,PC,4,0,0
U2695,2026-01-28,PC,1,0,0
U2696,2026-01-15,PC,3,0,2
U2696,2026-01-16,Mobile,5,0,1
U2696,2026-01-17,Mobile,5,1,2
U2696,2026-01-18,Mobile,4,0,0
U2696,2026-01-19,PC,3,0,0
U2696,2026-01-20,Mobile,2,0,2
U2696,2026-01-21,PC,4,0,4
U2696,2026-01-22,PC,1,0,0
U2696,2026-01-23,PC,1,0,1
U2696,2026-01-24,PC,5,1,2
U2696,2026-01-25,Mobile,3,2,0
U2696,2026-01-26,PC,1,0,1
U2696,2026-01-27,Mobile,2,0,1
U2696,2026-01-28,PC,3,1,2
U2697,2026-01-15,PC,3,1,2
U2697,2026-01-16,Mobile,5,0,2
U2697,2026-01-17,Mobile,5,2,3
U2697,2026-01-18,Mobile,1,0,1
U2697,2026-01-19,Mobile,2,0,1
U2697,2026-01-21,Mobile,5,5,0
U2697,2026-01-22,Mobile,2,0,1
U2697,2026-01-23,Mobile,4,0,0
U2697,2026-01-24,PC,1,1,0
U2697,2026-01-25,Mobile,2,1,0
U2697,2026-01-26,Mobile,3,1,0
U2697,2026-01-27,Mobile,1,0,1
U2697,2026-01-28,Mobile,1,0,1
U2698,2026-01-15,PC,5,1,1
U2698,2026-01-16,PC,4,0,0
U2698,2026-01-17,PC,1,0,0
U2698,2026-01-18,PC,3,1,0
U2698,2026-01-19,PC,4,1,3
U2698,2026-01-20,Mobile,5,1,2
U2698,2026-01-22,PC,3,0,1
U2698,2026-01-24,Mobile,1,1,0
U2698,2026-01-25,Mobile,5,1,1
U2698,2026-01-26,PC,3,0,2
U2698,2026-01-27,PC,1,0,1
U2698,2026-01-28,PC,2,2,0
U2699,2026-01-15,Mobile,3,1,1
U2699,2026-01-17,PC,2,1,0
U2699,2026-01-18,Mobile,1,0,0
U2699,2026-01-21,Mobile,3,2,1
U2699,2026-01-22,Mobile,2,1,0
U2699,2026-01-24,Mobile,1,0,1
U2699,2026-01-25,Mobile,1,0,0
U2699,2026-01-27,Mobile,2,0,0
U2699,2026-01-28,PC,4,0,1
U2700,2026-01-15,Mobile,5,1,3
U2700,2026-01-16,Mobile,4,3,0
U2700,2026-01-17,Mobile,1,0,0
U2700,2026-01-18,Mobile,5,1,0
U2700,2026-01-19,PC,3,1,1
U2700,2026-01-20,PC,4,2,1
U2700,2026-01-21,Mobile,3,1,1
U2700,2026-01-22,Mobile,2,0,0
U2700,2026-01-23,Mobile,3,1,0
U2700,2026-01-24,PC,5,3,1
U2700,2026-01-25,Mobile,1,1,0
U2700,2026-01-26,PC,5,2,1
U2700,2026-01-27,Mobile,2,0,0
U2700,2026-01-28,Mobile,4,1,2
U2701,2026-01-15,Mobile,2,1,0
U2701,2026-01-16,PC,3,1,0
U2701,2026-01-17,Mobile,2,0,1
U2701,2026-01-18,Mobile,2,1,1
U2701,2026-01-20,PC,2,0,1
U2701,2026-01-21,PC,1,0,0
U2701,2026-01-22,Mobile,4,1,1
U2701,2026-01-23,PC,3,0,1
U2701,2026-01-27,Mobile,4,1,1
U2701,2026-01-28,Mobile,5,3,1
U2702,2026-01-15,Mobile,1,0,0
U2702,2026-01-16,Mobile,3,1,2
U2702,2026-01-17,Mobile,5,1,1
U2702,2026-01-18,Mobile,3,0,0
U2702,2026-01-19,Mobile,3,0,0
U2702,2026-01-20,PC,2,1,0
U2702,2026-01-21,PC,5,1,3
U2702,2026-01-24,Mobile,1,1,0
U2702,2026-01-25,PC,2,0,1
U2702,2026-01-27,Mobile,5,4,1
U2702,2026-01-28,Mobile,5,2,0
U2703,2026-01-15,Mobile,4,2,1
U2703,2026-01-16,Mobile,3,0,1
U2703,2026-01-17,Mobile,3,1,0
U2703,2026-01-18,PC,5,0,2
U2703,2026-01-19,Mobile,4,0,2
U2703,2026-01-20,Mobile,1,1,0
U2703,2026-01-21,Mobile,5,0,0
U2703,2026-01-22,PC,1,1,0
U2703,2026-01-23,Mobile,1,0,1
U2703,2026-01-24,Mobile,2,1,1
U2703,2026-01-25,PC,3,1,0
U2703,2026-01-28,PC,5,1,0
U2704,2026-01-15,Mobile,1,1,0
U2704,2026-01-16,Mobile,1,0,0
U2704,2026-01-17,PC,3,0,0
U2704,2026-01-18,PC,4,0,0
U2704,2026-01-19,Mobile,5,1,4
U2704,2026-01-20,Mobile,3,0,2
U2704,2026-01-21,Mobile,2,0,2
U2704,2026-01-22,PC,1,1,0
U2704,2026-01-23,PC,5,0,0
U2704,2026-01-25,Mobile,5,1,2
U2704,2026-01-26,Mobile,4,1,0
U2704,2026-01-27,Mobile,1,0,0
U2704,2026-01-28,PC,4,0,4
U2705,2026-01-15,Mobile,4,0,0
U2705,2026-01-16,Mobile,3,0,0
U2705,2026-01-17,Mobile,1,0,1
U2705,2026-01-18,Mobile,3,0,2
U2705,2026-01-20,PC,2,0,2
U2705,2026-01-21,PC,1,0,0
U2705,2026-01-22,Mobile,5,0,0
U2705,2026-01-24,PC,5,1,0
U2705,2026-01-25,Mobile,2,0,0
U2705,2026-01-26,Mobile,3,0,1
U2705,2026-01-27,PC,4,1,0
U2705,2026-01-28,PC,1,0,0
U2706,2026-01-15,Mobile,2,0,1
U2706,2026-01-16,Mobile,1,0,0
U2706,2026-01-17,PC,3,2,1
U2706,2026-01-18,Mobile,3,1,1
U2706,2026-01-19,PC,5,0,2
U2706,2026-01-20,Mobile,1,0,1
U2706,2026-01-21,Mobile,5,2,3
U2706,2026-01-22,Mobile,4,0,4
U2706,2026-01-23,Mobile,3,0,3
U2706,2026-01-24,PC,3,0,0
U2706,2026-01-26,Mobile,5,0,3
U2706,2026-01-27,PC,5,1,3
U2706,2026-01-28,PC,2,0,1
U2707,2026-01-15,Mobile,4,1,1
U2707,2026-01-16,Mobile,4,4,0
U2707,2026-01-17,Mobile,1,1,0
U2707,2026-01-18,PC,1,0,1
U2707,2026-01-19,PC,2,1,0
U2707,2026-01-20,Mobile,1,0,1
U2707,2026-01-21,Mobile,2,0,0
U2707,2026-01-22,Mobile,4,2,2
U2707,2026-01-23,PC,1,0,0
U2707,2026-01-24,Mobile,4,1,1
U2707,2026-01-25,PC,4,0,0
U2707,2026-01-26,Mobile,1,0,0
U2707,2026-01-27,Mobile,3,2,0
U2707,2026-01-28,Mobile,2,1,0
U2708,2026-01-15,Mobile,3,0,2
U2708,2026-01-16,Mobile,5,1,2
U2708,2026-01-17,PC,1,0,1
U2708,2026-01-18,PC,3,0,1
U2708,2026-01-19,Mobile,2,0,1
U2708,2026-01-20,Mobile,4,0,1
U2708,2026-01-21,Mobile,1,0,0
U2708,2026-01-22,PC,3,1,1
U2708,2026-01-23,PC,4,0,1
U2708,2026-01-24,PC,3,1,2
U2708,2026-01-25,Mobile,3,0,0
U2708,2026-01-26,Mobile,2,0,2
U2708,2026-01-27,Mobile,3,2,0
U2708,2026-01-28,Mobile,2,0,1
U2709,2026-01-15,PC,2,0,0
U2709,2026-01-16,Mobile,4,1,1
U2709,2026-01-17,Mobile,3,0,1
U2709,2026-01-18,Mobile,5,0,1
U2709,2026-01-19,PC,5,0,2
U2709,2026-01-20,PC,1,0,0
U2709,2026-01-21,PC,2,0,2
U2709,2026-01-22,PC,2,0,0
U2709,2026-01-24,Mobile,2,0,0
U2709,2026-01-25,PC,5,0,0
U2709,2026-01-26,PC,2,0,1
U2709,2026-01-27,Mobile,3,1,0
U2709,2026-01-28,Mobile,5,0,0
U2710,2026-01-15,PC,4,0,0
U2710,2026-01-16,PC,3,1,0
U2710,2026-01-18,Mobile,4,1,1
U2710,2026-01-19,PC,4,1,3
U2710,2026-01-20,PC,1,0,1
U2710,2026-01-21,PC,3,0,1
U2710,2026-01-22,Mobile,2,0,2
U2710,2026-01-23,PC,4,1,1
U2710,2026-01-24,Mobile,4,0,4
U2710,2026-01-25,PC,2,1,1
U2710,2026-01-27,Mobile,1,0,0
U2710,2026-01-28,PC,2,1,1
U2711,2026-01-15,PC,2,0,0
U2711,2026-01-16,Mobile,5,0,1
U2711,2026-01-17,PC,2,0,0
U2711,2026-01-18,PC,5,0,0
U2711,2026-01-19,Mobile,2,1,1
U2711,2026-01-20,Mobile,1,1,0
U2711,2026-01-22,PC,1,0,1
U2711,2026-01-23,Mobile,3,0,2
U2711,2026-01-24,Mobile,1,0,0
U2711,2026-01-25,PC,1,0,1
U2711,2026-01-26,PC,1,0,0
U2711,2026-01-27,Mobile,5,0,4
U2711,2026-01-28,Mobile,3,0,3
U2712,2026-01-15,Mobile,4,0,0
U2712,2026-01-16,PC,3,1,2
U2712,2026-01-17,Mobile,1,0,1
U2712,2026-01-18,PC,2,0,1
U2712,2026-01-19,Mobile,1,1,0
U2712,2026-01-20,Mobile,2,0,0
U2712,2026-01-21,PC,5,0,2
U2712,2026-01-22,Mobile,3,0,2
U2712,2026-01-23,Mobile,4,1,3
U2712,2026-01-24,PC,1,0,0
U2712,2026-01-25,Mobile,2,0,0
U2712,2026-01-26,PC,1,0,0
U2712,2026-01-27,Mobile,4,0,0
U2712,2026-01-28,Mobile,4,2,2
U2713,2026-01-15,PC,3,2,0
U2713,2026-01-16,Mobile,4,0,0
U2713,2026-01-17,Mobile,5,1,1
U2713,2026-01-18,Mobile,3,0,1
U2713,2026-01-20,Mobile,2,1,1
U2713,2026-01-22,PC,1,0,1
U2713,2026-01-23,Mobile,2,1,0
U2713,2026-01-24,Mobile,2,1,0
U2713,2026-01-25,Mobile,4,1,2
U2713,2026-01-26,Mobile,5,0,1
U2713,2026-01-27,PC,3,0,1
U2713,2026-01-28,Mobile,4,3,1
U2714,2026-01-15,Mobile,2,0,0
U2714,2026-01-17,PC,2,1,1
U2714,2026-01-18,PC,2,0,0
U2714,2026-01-19,Mobile,1,0,1
U2714,2026-01-20,Mobile,3,0,3
U2714,2026-01-22,Mobile,1,0,1
U2714,2026-01-23,PC,1,0,0
U2714,2026-01-24,Mobile,4,1,2
U2714,2026-01-25,Mobile,2,0,0
U2714,2026-01-26,Mobile,5,0,3
U2714,2026-01-28,PC,1,0,0
U2715,2026-01-15,Mobile,4,2,0
U2715,2026-01-16,Mobile,3,1,2
U2715,2026-01-18,PC,3,1,0
U2715,2026-01-19,Mobile,4,2,0
U2715,2026-01-20,PC,1,1,0
U2715,2026-01-21,PC,1,0,0
U2715,2026-01-22,Mobile,5,1,1
U2715,2026-01-23,Mobile,5,2,2
U2715,2026-01-24,Mobile,2,0,2
U2715,2026-01-25,Mobile,5,3,0
U2715,2026-01-27,PC,4,1,0
U2716,2026-01-15,PC,2,0,1
U2716,2026-01-16,Mobile,4,2,1
U2716,2026-01-17,Mobile,4,2,2
U2716,2026-01-19,Mobile,2,0,1
U2716,2026-01-20,Mobile,1,0,1
U2716,2026-01-21,PC,1,0,0
U2716,2026-01-22,Mobile,5,0,1
U2716,2026-01-24,Mobile,5,1,1
U2716,2026-01-25,Mobile,3,1,2
U2716,2026-01-26,PC,2,0,0
U2716,2026-01-27,Mobile,3,1,1
U2716,2026-01-28,PC,5,3,1
U2717,2026-01-15,Mobile,2,0,0
U2717,2026-01-16,Mobile,3,1,1
U2717,2026-01-17,PC,1,1,0
U2717,2026-01-18,Mobile,5,3,2
U2717,2026-01-19,PC,5,0,0
U2717,2026-01-20,Mobile,5,4,1
U2717,2026-01-23,PC,5,3,2
U2717,2026-01-24,Mobile,4,1,0
U2717,2026-01-25,PC,4,1,3
U2717,2026-01-27,PC,4,0,0
U2717,2026-01-28,Mobile,1,0,1
U2718,2026-01-15,PC,4,1,1
U2718,2026-01-16,Mobile,2,1,1
U2718,2026-01-17,PC,1,0,1
U2718,2026-01-18,Mobile,4,2,2
U2718,2026-01-19,PC,1,0,0
U2718,2026-01-20,Mobile,2,0,1
U2718,2026-01-21,Mobile,1,1,0
U2718,2026-01-22,PC,1,0,0
U2718,2026-01-24,Mobile,4,4,0
U2718,2026-01-25,PC,4,1,1
U2718,2026-01-26,Mobile,3,2,1
U2718,2026-01-27,Mobile,3,2,0
U2718,2026-01-28,Mobile,2,1,0
U2719,2026-01-15,Mobile,5,0,0
U2719,2026-01-16,Mobile,3,1,1
U2719,2026-01-17,Mobile,2,0,0
U2719,2026-01-18,PC,2,0,1
U2719,2026-01-20,PC,1,1,0
U2719,2026-01-21,PC,2,1,0
U2719,2026-01-22,Mobile,5,0,0
U2719,2026-01-23,PC,3,0,0
U2719,2026-01-24,Mobile,5,2,1
U2719,2026-01-25,PC,1,0,0
U2719,2026-01-26,Mobile,5,0,2
U2719,2026-01-27,Mobile,1,0,0
U2720,2026-01-15,Mobile,5,3,0
U2720,2026-01-16,Mobile,2,0,0
U2720,2026-01-17,Mobile,2,0,0
U2720,2026-01-18,PC,3,0,0
U2720,2026-01-20,Mobile,1,1,0
U2720,2026-01-22,Mobile,4,0,2
U2720,2026-01-23,Mobile,1,0,0
U2720,2026-01-24,Mobile,4,0,1
U2720,2026-01-25,PC,4,1,3
U2720,2026-01-27,PC,1,0,1
U2720,2026-01-28,PC,3,0,1
U2721,2026-01-15,Mobile,5,3,1
U2721,2026-01-16,Mobile,4,3,1
U2721,2026-01-17,PC,3,0,2
U2721,2026-01-18,Mobile,4,2,0
U2721,2026-01-19,Mobile,4,2,1
U2721,2026-01-20,PC,5,0,2
U2721,2026-01-21,Mobile,3,1,1
U2721,2026-01-23,Mobile,5,3,0
U2721,2026-01-24,PC,3,0,1
U2721,2026-01-25,Mobile,2,1,0
U2721,2026-01-26,Mobile,2,1,1
U2721,2026-01-27,Mobile,2,1,1
U2721,2026-01-28,Mobile,1,1,0
U2722,2026-01-15,PC,3,0,2
U2722,2026-01-16,Mobile,4,0,2
U2722,2026-01-17,Mobile,1,0,0
U2722,2026-01-18,Mobile,1,0,0
U2722,2026-01-20,Mobile,5,0,5
U2722,2026-01-21,Mobile,4,0,2
U2722,2026-01-22,Mobile,3,0,1
U2722,2026-01-23,PC,3,2,1
U2722,2026-01-24,PC,4,1,3
U2722,2026-01-25,Mobile,3,0,2
U2722,2026-01-26,Mobile,5,1,1
U2722,2026-01-27,Mobile,4,1,3
U2722,2026-01-28,PC,3,0,3
U2723,2026-01-15,PC,5,1,4
U2723,2026-01-16,Mobile,5,1,3
U2723,2026-01-17,Mobile,4,1,3
U2723,2026-01-18,PC,2,0,2
U2723,2026-01-19,PC,5,0,1
U2723,2026-01-20,Mobile,4,1,3
U2723,2026-01-21,PC,3,1,0
U2723,2026-01-22,Mobile,4,0,4
U2723,2026-01-23,Mobile,3,0,0
U2723,2026-01-25,PC,4,1,2
U2723,2026-01-26,Mobile,5,0,0
U2723,2026-01-27,PC,1,0,1
U2724,2026-01-15,Mobile,2,2,0
U2724,2026-01-16,Mobile,3,0,0
U2724,2026-01-17,PC,1,1,0
U2724,2026-01-18,Mobile,3,0,0
U2724,2026-01-19,PC,4,2,0
U2724,2026-01-20,Mobile,5,0,0
U2724,2026-01-21,Mobile,1,0,0
U2724,2026-01-22,Mobile,3,1,1
U2724,2026-01-23,Mobile,2,1,1
U2724,2026-01-24,PC,5,0,0
U2724,2026-01-25,Mobile,4,2,1
U2724,2026-01-26,PC,4,0,0
U2724,2026-01-27,PC,4,1,1
U2724,2026-01-28,Mobile,5,0,3
U2725,2026-01-15,Mobile,4,3,1
U2725,2026-01-16,Mobile,5,1,2
U2725,2026-01-17,Mobile,3,0,3
U2725,2026-01-18,Mobile,5,0,0
U2725,2026-01-19,Mobile,3,1,2
U2725,2026-01-21,Mobile,2,0,0
U2725,2026-01-22,Mobile,2,1,1
U2725,2026-01-23,Mobile,5,2,0
U2725,2026-01-24,PC,4,0,0
U2725,2026-01-25,Mobile,1,0,0
U2725,2026-01-26,PC,5,3,1
U2725,2026-01-28,PC,1,0,0
U2726,2026-01-15,Mobile,1,1,0
U2726,2026-01-16,Mobile,5,0,1
U2726,2026-01-17,Mobile,1,0,0
U2726,2026-01-18,PC,2,1,1
U2726,2026-01-19,PC,2,0,1
U2726,2026-01-20,Mobile,4,0,0
U2726,2026-01-21,PC,5,2,3
U2726,2026-01-22,PC,3,0,2
U2726,2026-01-23,Mobile,2,0,2
U2726,2026-01-24,Mobile,1,0,1
U2726,2026-01-25,Mobile,2,0,1
U2726,2026-01-26,PC,2,0,1
U2726,2026-01-27,PC,1,0,1
U2726,2026-01-28,Mobile,5,2,1
U2727,2026-01-15,Mobile,1,0,0
U2727,2026-01-16,Mobile,2,0,1
U2727,2026-01-17,Mobile,4,0,0
U2727,2026-01-18,Mobile,2,1,0
U2727,2026-01-19,Mobile,5,1,4
U2727,2026-01-20,PC,1,0,1
U2727,2026-01-21,PC,4,0,0
U2727,2026-01-22,Mobile,3,0,0
U2727,2026-01-23,PC,3,0,0
U2727,2026-01-24,Mobile,1,0,0
U2727,2026-01-25,Mobile,1,0,1
U2727,2026-01-26,PC,2,0,1
U2727,2026-01-27,PC,4,0,3
U2727,2026-01-28,Mobile,4,1,3
U2728,2026-01-15,PC,1,0,1
U2728,2026-01-16,Mobile,4,2,1
U2728,2026-01-17,PC,2,0,1
U2728,2026-01-18,Mobile,2,1,1
U2728,2026-01-19,Mobile,4,2,2
U2728,2026-01-20,PC,5,2,1
U2728,2026-01-21,Mobile,3,1,2
U2728,2026-01-22,Mobile,1,0,0
U2728,2026-01-23,Mobile,4,1,3
U2728,2026-01-24,Mobile,3,1,0
U2728,2026-01-25,Mobile,3,0,1
U2728,2026-01-26,Mobile,1,0,0
U2728,2026-01-27,PC,1,0,0
U2728,2026-01-28,PC,1,0,0
U2729,2026-01-15,Mobile,1,0,1
U2729,2026-01-16,PC,5,4,1
U2729,2026-01-17,Mobile,3,1,1
U2729,2026-01-18,PC,3,0,1
U2729,2026-01-19,PC,2,1,1
U2729,2026-01-20,PC,2,0,0
U2729,2026-01-21,Mobile,2,0,2
U2729,2026-01-22,Mobile,1,0,1
U2729,2026-01-23,Mobile,2,1,1
U2729,2026-01-24,Mobile,5,0,1
U2729,2026-01-25,Mobile,5,0,1
U2729,2026-01-26,Mobile,3,0,1
U2729,2026-01-27,Mobile,1,0,0
U2729,2026-01-28,Mobile,2,0,1
U2730,2026-01-15,Mobile,4,1,0
U2730,2026-01-16,Mobile,2,1,1
U2730,2026-01-18,Mobile,3,2,1
U2730,2026-01-19,Mobile,3,0,0
U2730,2026-01-20,PC,2,0,1
U2730,2026-01-21,Mobile,4,0,1
U2730,2026-01-22,PC,2,0,0
U2730,2026-01-23,PC,4,2,1
U2730,2026-01-24,Mobile,5,3,2
U2730,2026-01-25,PC,3,1,1
U2730,2026-01-26,Mobile,3,2,1
U2730,2026-01-27,Mobile,1,1,0
U2730,2026-01-28,PC,2,0,0
U2731,2026-01-15,Mobile,4,0,1
U2731,2026-01-17,PC,3,0,1
U2731,2026-01-18,Mobile,3,0,2
U2731,2026-01-19,PC,2,1,1
U2731,2026-01-20,PC,4,0,0
U2731,2026-01-21,Mobile,3,1,2
U2731,2026-01-22,Mobile,1,0,0
U2731,2026-01-23,Mobile,2,2,0
U2731,2026-01-24,Mobile,5,1,4
U2731,2026-01-25,PC,2,1,0
U2731,2026-01-26,Mobile,2,1,1
U2731,2026-01-27,Mobile,5,0,4
U2731,2026-01-28,Mobile,3,1,2
U2732,2026-01-15,Mobile,5,2,1
U2732,2026-01-16,PC,5,3,2
U2732,2026-01-17,PC,4,3,1
U2732,2026-01-18,PC,1,0,0
U2732,2026-01-19,Mobile,5,1,2
U2732,2026-01-20,PC,2,0,0
U2732,2026-01-21,Mobile,2,1,1
U2732,2026-01-22,Mobile,2,2,0
U2732,2026-01-23,Mobile,4,0,2
U2732,2026-01-24,Mobile,3,2,0
U2732,2026-01-26,Mobile,3,1,0
U2732,2026-01-27,Mobile,3,0,0
U2732,2026-01-28,Mobile,3,2,1
U2733,2026-01-15,PC,4,1,2
U2733,2026-01-16,PC,3,0,1
U2733,2026-01-17,Mobile,1,0,1
U2733,2026-01-18,Mobile,1,0,0
U2733,2026-01-19,PC,3,1,0
U2733,2026-01-20,Mobile,1,1,0
U2733,2026-01-21,Mobile,4,0,0
U2733,2026-01-22,PC,3,0,2
U2733,2026-01-23,PC,5,2,3
U2733,2026-01-24,Mobile,1,0,1
U2733,2026-01-25,Mobile,4,0,3
U2733,2026-01-26,PC,2,0,0
U2733,2026-01-27,PC,1,0,0
U2733,2026-01-28,Mobile,5,0,0
U2734,2026-01-15,Mobile,3,0,3
U2734,2026-01-16,PC,3,1,2
U2734,2026-01-17,PC,1,1,0
U2734,2026-01-18,Mobile,3,0,2
U2734,2026-01-20,PC,5,0,0
U2734,2026-01-21,Mobile,1,0,1
U2734,2026-01-22,Mobile,4,3,1
U2734,2026-01-23,Mobile,5,2,1
U2734,2026-01-24,Mobile,2,0,0
U2734,2026-01-25,Mobile,1,1,0
U2734,2026-01-27,Mobile,1,0,1
U2734,2026-01-28,Mobile,2,0,2
U2735,2026-01-15,Mobile,2,0,1
U2735,2026-01-16,PC,4,0,0
U2735,2026-01-17,Mobile,2,2,0
U2735,2026-01-18,Mobile,5,1,0
U2735,2026-01-19,PC,4,1,1
U2735,2026-01-20,PC,3,0,3
U2735,2026-01-21,PC,2,0,0
U2735,2026-01-22,Mobile,4,2,1
U2735,2026-01-24,Mobile,2,1,1
U2735,2026-01-25,PC,4,0,2
U2735,2026-01-26,PC,1,0,0
U2735,2026-01-28,PC,3,0,3
U2736,2026-01-15,Mobile,2,0,0
U2736,2026-01-17,PC,3,0,0
U2736,2026-01-18,PC,2,0,0
U2736,2026-01-19,Mobile,1,0,0
U2736,2026-01-20,Mobile,2,1,0
U2736,2026-01-21,PC,2,2,0
U2736,2026-01-23,PC,4,1,1
U2736,2026-01-24,Mobile,3,0,2
U2736,2026-01-25,PC,5,3,1
U2736,2026-01-26,Mobile,3,1,2
U2736,2026-01-28,PC,4,0,0
U2737,2026-01-15,PC,5,1,2
U2737,2026-01-17,Mobile,1,0,1
U2737,2026-01-18,Mobile,4,0,4
U2737,2026-01-19,PC,1,0,1
U2737,2026-01-20,PC,5,2,1
U2737,2026-01-21,PC,1,0,1
U2737,2026-01-22,Mobile,4,1,3
U2737,2026-01-23,Mobile,1,0,0
U2737,2026-01-24,PC,4,0,0
U2737,2026-01-25,Mobile,5,5,0
U2737,2026-01-26,Mobile,2,0,1
U2737,2026-01-27,PC,3,0,1
U2737,2026-01-28,PC,3,0,0
U2738,2026-01-15,PC,4,2,0
U2738,2026-01-16,PC,3,0,1
U2738,2026-01-17,Mobile,1,0,1
U2738,2026-01-18,PC,4,0,0
U2738,2026-01-19,Mobile,1,0,1
U2738,2026-01-20,PC,3,0,0
U2738,2026-01-21,Mobile,2,1,1
U2738,2026-01-22,PC,4,0,1
U2738,2026-01-23,PC,4,1,1
U2738,2026-01-24,PC,3,0,0
U2738,2026-01-25,Mobile,1,0,0
U2738,2026-01-26,Mobile,4,0,0
U2738,2026-01-27,PC,3,1,2
U2738,2026-01-28,PC,1,0,0
U2739,2026-01-16,Mobile,2,0,2
U2739,2026-01-17,PC,4,0,3
U2739,2026-01-18,PC,1,0,0
U2739,2026-01-19,Mobile,1,1,0
U2739,2026-01-20,Mobile,5,2,3
U2739,2026-01-21,Mobile,3,0,2
U2739,2026-01-22,PC,3,0,0
U2739,2026-01-23,Mobile,5,0,2
U2739,2026-01-24,Mobile,4,1,1
U2739,2026-01-25,Mobile,5,1,3
U2739,2026-01-26,Mobile,1,0,0
U2739,2026-01-27,Mobile,5,0,2
U2739,2026-01-28,PC,5,0,3
U2740,2026-01-15,Mobile,2,0,1
U2740,2026-01-16,Mobile,2,0,0
U2740,2026-01-17,PC,5,1,1
U2740,2026-01-18,PC,3,1,2
U2740,2026-01-19,Mobile,2,0,0
U2740,2026-01-20,Mobile,1,0,0
U2740,2026-01-21,Mobile,2,1,0
U2740,2026-01-22,Mobile,5,4,1
U2740,2026-01-23,Mobile,1,1,0
U2740,2026-01-24,PC,5,2,2
U2740,2026-01-25,PC,1,0,1
U2740,2026-01-26,Mobile,4,0,0
U2740,2026-01-27,PC,5,0,0
U2740,2026-01-28,PC,5,0,0
U2741,2026-01-15,Mobile,5,1,2
U2741,2026-01-16,Mobile,2,2,0
U2741,2026-01-17,Mobile,5,2,0
U2741,2026-01-18,Mobile,1,1,0
U2741,2026-01-19,Mobile,4,0,0
U2741,2026-01-20,Mobile,2,0,0
U2741,2026-01-21,Mobile,1,0,0
U2741,2026-01-22,Mobile,1,0,1
U2741,2026-01-23,Mobile,1,0,0
U2741,2026-01-24,Mobile,5,2,1
U2741,2026-01-25,Mobile,1,1,0
U2741,2026-01-26,Mobile,5,0,5
U2741,2026-01-27,Mobile,4,2,2
U2741,2026-01-28,PC,5,4,1
U2742,2026-01-15,PC,1,0,0
U2742,2026-01-17,PC,5,0,1
U2742,2026-01-18,Mobile,5,1,4
U2742,2026-01-19,Mobile,2,0,0
U2742,2026-01-20,Mobile,2,0,0
U2742,2026-01-21,Mobile,4,0,0
U2742,2026-01-22,Mobile,4,2,2
U2742,2026-01-23,PC,3,0,0
U2742,2026-01-24,Mobile,5,0,0
U2742,2026-01-25,PC,5,1,3
U2742,2026-01-26,Mobile,5,3,1
U2742,2026-01-27,PC,3,0,2
U2742,2026-01-28,PC,2,0,1
U2743,2026-01-15,PC,4,0,0
U2743,2026-01-16,Mobile,5,0,1
U2743,2026-01-17,PC,4,0,1
U2743,2026-01-18,Mobile,2,0,2
U2743,2026-01-20,Mobile,5,1,1
U2743,2026-01-22,Mobile,5,2,3
U2743,2026-01-23,PC,1,0,0
U2743,2026-01-24,Mobile,1,0,1
U2743,2026-01-25,PC,5,1,4
U2743,2026-01-26,Mobile,3,1,1
U2743,2026-01-27,Mobile,1,0,1
U2744,2026-01-15,Mobile,2,0,0
U2744,2026-01-16,Mobile,1,0,0
U2744,2026-01-18,PC,3,1,0
U2744,2026-01-19,PC,2,0,0
U2744,2026-01-20,Mobile,4,4,0
U2744,2026-01-22,PC,4,3,0
U2744,2026-01-23,PC,3,2,0
U2744,2026-01-24,Mobile,3,1,2
U2744,2026-01-25,Mobile,4,4,0
U2744,2026-01-27,Mobile,1,0,1
U2744,2026-01-28,PC,3,1,0
U2745,2026-01-15,PC,5,2,0
U2745,2026-01-16,Mobile,5,3,2
U2745,2026-01-17,PC,5,3,2
U2745,2026-01-18,PC,3,0,0
U2745,2026-01-19,Mobile,3,2,1
U2745,2026-01-21,Mobile,2,0,0
U2745,2026-01-22,PC,4,1,2
U2745,2026-01-23,Mobile,3,0,0
U2745,2026-01-24,PC,2,0,0
U2745,2026-01-25,PC,1,0,1
U2745,2026-01-26,Mobile,5,1,1
U2745,2026-01-27,Mobile,4,3,1
U2745,2026-01-28,Mobile,1,0,0
U2746,2026-01-15,PC,3,0,1
U2746,2026-01-16,Mobile,2,0,2
U2746,2026-01-17,Mobile,5,3,2
U2746,2026-01-18,Mobile,4,0,0
U2746,2026-01-19,PC,1,0,0
U2746,2026-01-20,Mobile,5,0,1
U2746,2026-01-21,Mobile,2,0,2
U2746,2026-01-22,PC,5,1,2
U2746,2026-01-23,Mobile,1,1,0
U2746,2026-01-24,Mobile,2,0,2
U2746,2026-01-25,Mobile,2,0,1
U2746,2026-01-26,Mobile,5,0,0
U2746,2026-01-27,Mobile,1,0,1
U2746,2026-01-28,PC,2,0,2
U2747,2026-01-15,Mobile,4,0,0
U2747,2026-01-16,PC,1,0,0
U2747,2026-01-17,Mobile,5,0,2
U2747,2026-01-18,Mobile,4,0,0
U2747,2026-01-19,PC,2,1,0
U2747,2026-01-20,PC,2,0,0
U2747,2026-01-21,PC,4,0,0
U2747,2026-01-22,Mobile,4,2,1
U2747,2026-01-23,Mobile,4,0,1
U2747,2026-01-24,Mobile,4,0,4
U2747,2026-01-25,Mobile,3,0,0
U2747,2026-01-26,PC,3,0,0
U2747,2026-01-27,Mobile,5,0,2
U2748,2026-01-15,PC,5,0,0
U2748,2026-01-16,Mobile,2,1,1
U2748,2026-01-17,Mobile,4,0,0
U2748,2026-01-18,PC,5,2,1
U2748,2026-01-20,PC,1,1,0
U2748,2026-01-21,Mobile,2,0,1
U2748,2026-01-22,Mobile,3,0,0
U2748,2026-01-23,PC,4,0,1
U2748,2026-01-24,PC,3,0,0
U2748,2026-01-25,PC,1,0,0
U2748,2026-01-26,Mobile,5,5,0
U2748,2026-01-27,Mobile,5,0,0
U2748,2026-01-28,Mobile,4,1,0
U2749,2026-01-15,PC,5,1,1
U2749,2026-01-16,PC,1,0,0
U2749,2026-01-17,Mobile,5,0,1
U2749,2026-01-18,Mobile,1,0,1
U2749,2026-01-19,PC,5,0,0
U2749,2026-01-20,Mobile,1,0,1
U2749,2026-01-21,Mobile,4,0,2
U2749,2026-01-22,PC,5,0,0
U2749,2026-01-23,PC,5,3,1
U2749,2026-01-24,Mobile,2,0,0
U2749,2026-01-25,Mobile,1,0,0
U2749,2026-01-26,Mobile,2,0,2
U2749,2026-01-27,Mobile,1,0,0
U2749,2026-01-28,Mobile,1,1,0
U2750,2026-01-15,PC,1,0,0
U2750,2026-01-18,Mobile,4,2,0
U2750,2026-01-20,PC,1,1,0
U2750,2026-01-21,PC,2,1,1
U2750,2026-01-23,Mobile,4,0,0
U2750,2026-01-24,Mobile,5,0,1
U2750,2026-01-25,Mobile,5,0,1
U2750,2026-01-26,Mobile,4,1,0
U2750,2026-01-27,Mobile,1,0,0
U2750,2026-01-28,PC,3,0,0
U2751,2026-01-15,Mobile,2,1,0
U2751,2026-01-16,PC,4,0,4
U2751,2026-01-17,PC,2,0,0
U2751,2026-01-18,Mobile,3,0,2
U2751,2026-01-19,PC,5,0,3
U2751,2026-01-20,PC,3,0,3
U2751,2026-01-21,Mobile,4,0,0
U2751,2026-01-22,PC,4,0,4
U2751,2026-01-23,Mobile,5,1,0
U2751,2026-01-24,PC,3,0,3
U2751,2026-01-25,PC,3,0,1
U2751,2026-01-26,Mobile,2,1,0
U2751,2026-01-27,PC,3,1,1
U2751,2026-01-28,PC,3,1,0
U2752,2026-01-15,PC,4,1,2
U2752,2026-01-16,Mobile,3,1,1
U2752,2026-01-17,PC,4,2,1
U2752,2026-01-18,PC,4,0,3
U2752,2026-01-20,Mobile,4,0,1
U2752,2026-01-21,PC,5,0,2
U2752,2026-01-22,Mobile,4,0,4
U2752,2026-01-23,Mobile,2,0,1
U2752,2026-01-24,PC,5,2,1
U2752,2026-01-25,PC,3,0,0
U2752,2026-01-26,PC,2,0,0
U2752,2026-01-27,Mobile,2,0,1
U2752,2026-01-28,Mobile,1,0,1
U2753,2026-01-15,PC,1,0,0
U2753,2026-01-16,Mobile,2,0,1
U2753,2026-01-18,PC,1,0,1
U2753,2026-01-19,PC,1,0,1
U2753,2026-01-20,Mobile,4,0,2
U2753,2026-01-21,Mobile,1,1,0
U2753,2026-01-22,PC,2,1,0
U2753,2026-01-23,PC,2,0,2
U2753,2026-01-24,Mobile,2,0,0
U2753,2026-01-25,Mobile,1,0,1
U2753,2026-01-27,PC,2,0,2
U2753,2026-01-28,PC,1,0,1
U2754,2026-01-15,Mobile,4,2,2
U2754,2026-01-16,Mobile,3,0,1
U2754,2026-01-17,Mobile,1,0,1
U2754,2026-01-18,PC,4,0,1
U2754,2026-01-19,PC,5,0,1
U2754,2026-01-20,PC,5,0,1
U2754,2026-01-21,Mobile,2,0,0
U2754,2026-01-22,Mobile,4,0,2
U2754,2026-01-23,Mobile,1,0,1
U2754,2026-01-24,Mobile,2,1,0
U2754,2026-01-25,Mobile,5,3,2
U2754,2026-01-26,Mobile,5,1,3
U2754,2026-01-28,PC,1,0,0
U2755,2026-01-15,PC,1,0,1
U2755,2026-01-16,Mobile,4,1,1
U2755,2026-01-17,PC,3,1,0
U2755,2026-01-18,PC,3,1,2
U2755,2026-01-19,Mobile,4,2,2
U2755,2026-01-20,Mobile,1,0,0
U2755,2026-01-21,Mobile,2,0,0
U2755,2026-01-22,Mobile,5,0,0
U2755,2026-01-23,Mobile,1,0,0
U2755,2026-01-24,PC,4,0,1
U2755,2026-01-25,Mobile,2,1,1
U2755,2026-01-26,Mobile,5,3,1
U2755,2026-01-27,PC,2,1,0
U2755,2026-01-28,Mobile,1,0,0
U2756,2026-01-15,PC,5,1,0
U2756,2026-01-16,Mobile,1,0,1
U2756,2026-01-17,PC,3,0,0
U2756,2026-01-18,Mobile,2,1,0
U2756,2026-01-19,Mobile,4,2,0
U2756,2026-01-20,Mobile,2,1,0
U2756,2026-01-21,Mobile,2,0,2
U2756,2026-01-22,PC,3,1,1
U2756,2026-01-23,PC,5,0,0
U2756,2026-01-24,PC,5,2,3
U2756,2026-01-25,Mobile,1,0,0
U2756,2026-01-26,Mobile,2,0,2
U2756,2026-01-27,PC,5,0,2
U2756,2026-01-28,Mobile,1,0,1
U2757,2026-01-15,Mobile,1,0,0
U2757,2026-01-16,Mobile,3,0,3
U2757,2026-01-17,PC,5,0,0
U2757,2026-01-18,Mobile,1,0,0
U2757,2026-01-19,Mobile,5,1,3
U2757,2026-01-20,Mobile,1,0,0
U2757,2026-01-21,PC,5,0,2
U2757,2026-01-22,Mobile,3,0,0
U2757,2026-01-23,Mobile,5,1,3
U2757,2026-01-24,Mobile,3,0,2
U2757,2026-01-25,Mobile,4,1,3
U2757,2026-01-26,PC,5,1,2
U2757,2026-01-27,Mobile,4,1,1
U2757,2026-01-28,PC,2,0,2
U2758,2026-01-15,Mobile,5,1,0
U2758,2026-01-16,PC,5,2,2
U2758,2026-01-17,PC,3,1,1
U2758,2026-01-18,PC,2,0,1
U2758,2026-01-19,PC,2,1,0
U2758,2026-01-20,Mobile,4,3,1
U2758,2026-01-21,Mobile,3,0,2
U2758,2026-01-22,PC,3,1,2
U2758,2026-01-23,PC,4,2,0
U2758,2026-01-24,PC,4,0,0
U2758,2026-01-25,PC,2,0,0
U2758,2026-01-26,Mobile,2,0,0
U2759,2026-01-15,Mobile,1,0,0
U2759,2026-01-17,PC,5,1,3
U2759,2026-01-18,Mobile,5,0,2
U2759,2026-01-19,Mobile,1,0,0
U2759,2026-01-20,Mobile,4,1,2
U2759,2026-01-21,PC,2,1,1
U2759,2026-01-22,PC,5,2,3
U2759,2026-01-23,PC,5,0,2
U2759,2026-01-24,Mobile,1,0,0
U2759,2026-01-26,Mobile,5,0,0
U2759,2026-01-27,Mobile,3,0,2
U2759,2026-01-28,Mobile,1,0,0
U2760,2026-01-15,Mobile,3,2,1
U2760,2026-01-16,PC,2,0,1
U2760,2026-01-17,Mobile,1,0,1
U2760,2026-01-18,PC,4,0,0
U2760,2026-01-19,Mobile,2,0,1
U2760,2026-01-20,PC,4,0,2
U2760,2026-01-21,Mobile,3,1,2
U2760,2026-01-23,PC,2,0,0
U2760,2026-01-24,PC,4,0,3
U2760,2026-01-25,Mobile,1,1,0
U2760,2026-01-26,PC,5,1,3
U2760,2026-01-27,Mobile,5,1,1
U2760,2026-01-28,PC,5,0,1
U2761,2026-01-15,Mobile,4,1,1
U2761,2026-01-16,PC,3,1,1
U2761,2026-01-17,Mobile,5,3,2
U2761,2026-01-19,Mobile,1,1,0
U2761,2026-01-20,Mobile,3,2,1
U2761,2026-01-21,Mobile,3,2,0
U2761,2026-01-22,Mobile,4,0,0
U2761,2026-01-23,Mobile,2,0,1
U2761,2026-01-24,Mobile,3,0,2
U2761,2026-01-25,Mobile,1,0,0
U2761,2026-01-26,Mobile,4,0,0
U2761,2026-01-27,Mobile,5,0,0
U2761,2026-01-28,Mobile,1,0,0
U2762,2026-01-15,Mobile,5,0,3
U2762,2026-01-16,Mobile,4,1,3
U2762,2026-01-17,Mobile,1,1,0
U2762,2026-01-18,Mobile,5,0,2
U2762,2026-01-19,PC,5,1,2
U2762,2026-01-20,PC,4,1,1
U2762,2026-01-21,PC,3,0,1
U2762,2026-01-22,PC,2,0,0
U2762,2026-01-23,Mobile,2,1,1
U2762,2026-01-24,Mobile,3,0,0
U2762,2026-01-25,PC,1,0,1
U2762,2026-01-26,Mobile,1,0,1
U2762,2026-01-27,Mobile,3,0,0
U2762,2026-01-28,Mobile,5,1,2
U2763,2026-01-15,Mobile,1,0,0
U2763,2026-01-17,Mobile,4,1,2
U2763,2026-01-18,Mobile,1,1,0
U2763,2026-01-19,Mobile,4,4,0
U2763,2026-01-21,Mobile,2,0,0
U2763,2026-01-22,Mobile,4,0,0
U2763,2026-01-23,PC,1,1,0
U2763,2026-01-24,Mobile,2,1,0
U2763,2026-01-25,PC,3,0,1
U2763,2026-01-26,PC,4,0,1
U2763,2026-01-27,Mobile,1,0,1
U2763,2026-01-28,PC,2,0,1
U2764,2026-01-15,Mobile,2,0,1
U2764,2026-01-17,Mobile,3,1,2
U2764,2026-01-18,PC,5,0,2
U2764,2026-01-19,PC,4,1,3
U2764,2026-01-20,Mobile,5,2,1
U2764,2026-01-21,PC,4,0,4
U2764,2026-01-22,PC,5,1,4
U2764,2026-01-23,Mobile,1,0,1
U2764,2026-01-24,PC,4,1,1
U2764,2026-01-25,PC,2,0,0
U2764,2026-01-26,PC,5,0,0
U2764,2026-01-27,Mobile,4,0,2
U2764,2026-01-28,Mobile,4,0,0
U2765,2026-01-15,Mobile,5,0,2
U2765,2026-01-17,PC,1,0,0
U2765,2026-01-18,PC,2,0,0
U2765,2026-01-19,PC,2,0,2
U2765,2026-01-20,Mobile,4,0,1
U2765,2026-01-21,Mobile,4,2,1
U2765,2026-01-22,Mobile,3,1,1
U2765,2026-01-23,Mobile,2,0,1
U2765,2026-01-24,Mobile,2,1,0
U2765,2026-01-25,Mobile,2,2,0
U2765,2026-01-26,PC,1,1,0
U2765,2026-01-27,Mobile,4,1,0
U2765,2026-01-28,Mobile,4,3,1
U2766,2026-01-15,Mobile,4,2,0
U2766,2026-01-16,PC,3,1,1
U2766,2026-01-18,Mobile,4,2,1
U2766,2026-01-19,Mobile,2,0,1
U2766,2026-01-20,PC,1,0,1
U2766,2026-01-23,Mobile,1,0,0
U2766,2026-01-24,PC,1,0,0
U2766,2026-01-25,PC,1,0,0
U2766,2026-01-26,PC,2,0,0
U2766,2026-01-27,Mobile,1,0,0
U2766,2026-01-28,Mobile,4,0,2
U2767,2026-01-15,Mobile,1,1,0
U2767,2026-01-16,Mobile,5,3,1
U2767,2026-01-17,Mobile,3,0,0
U2767,2026-01-19,Mobile,5,1,1
U2767,2026-01-20,PC,2,0,0
U2767,2026-01-21,PC,2,0,2
U2767,2026-01-22,Mobile,3,2,1
U2767,2026-01-23,Mobile,3,0,0
U2767,2026-01-24,PC,5,3,2
U2767,2026-01-25,Mobile,3,1,1
U2767,2026-01-26,Mobile,4,2,2
U2767,2026-01-27,PC,3,1,0
U2767,2026-01-28,Mobile,2,1,1
U2768,2026-01-15,Mobile,2,0,1
U2768,2026-01-17,PC,2,2,0
U2768,2026-01-19,Mobile,3,0,0
U2768,2026-01-20,Mobile,1,0,1
U2768,2026-01-21,PC,4,0,2
U2768,2026-01-22,Mobile,4,0,2
U2768,2026-01-23,Mobile,4,0,1
U2768,2026-01-25,Mobile,4,1,2
U2768,2026-01-26,PC,4,1,0
U2768,2026-01-27,PC,5,3,1
U2768,2026-01-28,Mobile,3,2,1
U2769,2026-01-15,Mobile,3,0,0
U2769,2026-01-16,PC,1,0,1
U2769,2026-01-17,Mobile,5,0,0
U2769,2026-01-18,PC,2,0,0
U2769,2026-01-19,Mobile,1,1,0
U2769,2026-01-20,Mobile,1,1,0
U2769,2026-01-21,Mobile,5,3,1
U2769,2026-01-22,Mobile,2,0,0
U2769,2026-01-23,PC,4,0,0
U2769,2026-01-24,PC,1,0,1
U2769,2026-01-26,Mobile,1,0,1
U2769,2026-01-27,Mobile,3,1,1
U2769,2026-01-28,PC,1,0,0
U2770,2026-01-15,Mobile,4,2,0
U2770,2026-01-16,Mobile,2,0,0
U2770,2026-01-18,Mobile,2,0,0
U2770,2026-01-19,PC,2,0,2
U2770,2026-01-20,PC,3,0,0
U2770,2026-01-22,PC,5,1,3
U2770,2026-01-23,Mobile,3,0,1
U2770,2026-01-24,Mobile,4,0,0
U2770,2026-01-25,Mobile,4,2,1
U2770,2026-01-26,Mobile,3,2,0
U2770,2026-01-27,PC,1,1,0
U2770,2026-01-28,Mobile,4,2,1
U2771,2026-01-17,Mobile,5,2,3
U2771,2026-01-18,PC,3,0,3
U2771,2026-01-19,PC,2,0,1
U2771,2026-01-20,PC,3,0,2
U2771,2026-01-22,Mobile,2,0,0
U2771,2026-01-23,PC,5,1,1
U2771,2026-01-24,Mobile,5,1,2
U2771,2026-01-25,PC,1,0,1
U2771,2026-01-26,PC,2,1,1
U2771,2026-01-27,Mobile,4,0,2
U2771,2026-01-28,Mobile,1,0,1
U2772,2026-01-15,Mobile,4,3,1
U2772,2026-01-16,Mobile,5,1,1
U2772,2026-01-18,Mobile,1,0,0
U2772,2026-01-19,Mobile,5,0,1
U2772,2026-01-20,Mobile,3,2,0
U2772,2026-01-22,Mobile,1,1,0
U2772,2026-01-23,PC,5,2,2
U2772,2026-01-24,Mobile,4,0,0
U2772,2026-01-25,Mobile,4,0,3
U2772,2026-01-27,PC,1,0,1
U2772,2026-01-28,PC,1,1,0
U2773,2026-01-15,PC,2,0,1
U2773,2026-01-16,Mobile,2,0,0
U2773,2026-01-17,Mobile,4,0,0
U2773,2026-01-18,PC,5,1,1
U2773,2026-01-19,Mobile,3,0,1
U2773,2026-01-20,PC,5,1,1
U2773,2026-01-21,Mobile,2,1,1
U2773,2026-01-23,PC,4,1,1
U2773,2026-01-25,Mobile,3,1,1
U2773,2026-01-26,Mobile,1,0,0
U2773,2026-01-27,PC,2,0,0
U2773,2026-01-28,Mobile,2,1,0
U2774,2026-01-15,Mobile,5,3,0
U2774,2026-01-16,Mobile,4,3,1
U2774,2026-01-17,Mobile,1,0,0
U2774,2026-01-18,PC,2,1,1
U2774,2026-01-19,Mobile,5,0,1
U2774,2026-01-20,Mobile,3,0,0
U2774,2026-01-21,PC,4,4,0
U2774,2026-01-22,PC,5,0,0
U2774,2026-01-23,PC,5,3,1
U2774,2026-01-24,Mobile,5,2,1
U2774,2026-01-25,Mobile,3,1,0
U2774,2026-01-27,Mobile,1,0,0
U2774,2026-01-28,Mobile,4,0,0
U2775,2026-01-15,PC,1,0,1
U2775,2026-01-16,Mobile,3,1,1
U2775,2026-01-18,PC,1,0,1
U2775,2026-01-19,Mobile,2,1,1
U2775,2026-01-20,PC,3,1,2
U2775,2026-01-21,Mobile,2,0,1
U2775,2026-01-22,PC,1,0,0
U2775,2026-01-23,PC,4,0,0
U2775,2026-01-24,Mobile,3,0,1
U2775,2026-01-25,Mobile,1,0,0
U2775,2026-01-26,Mobile,1,0,0
U2775,2026-01-28,Mobile,2,2,0
U2776,2026-01-15,PC,4,2,1
U2776,2026-01-16,Mobile,2,1,0
U2776,2026-01-17,Mobile,4,0,0
U2776,2026-01-18,PC,2,0,0
U2776,2026-01-19,Mobile,2,0,0
U2776,2026-01-20,Mobile,5,4,0
U2776,2026-01-21,Mobile,4,2,2
U2776,2026-01-22,PC,2,0,0
U2776,2026-01-24,PC,2,0,0
U2776,2026-01-25,Mobile,2,2,0
U2776,2026-01-26,Mobile,1,0,0
U2776,2026-01-27,PC,3,1,2
U2776,2026-01-28,PC,3,0,1
U2777,2026-01-15,Mobile,4,0,2
U2777,2026-01-16,PC,4,0,1
U2777,2026-01-17,PC,1,0,1
U2777,2026-01-18,Mobile,1,0,0
U2777,2026-01-19,PC,3,0,3
U2777,2026-01-20,Mobile,3,0,3
U2777,2026-01-21,Mobile,5,1,4
U2777,2026-01-22,PC,3,0,1
U2777,2026-01-23,PC,1,0,0
U2777,2026-01-24,PC,4,0,4
U2777,2026-01-25,Mobile,1,1,0
U2777,2026-01-26,Mobile,5,3,2
U2777,2026-01-27,Mobile,5,1,1
U2777,2026-01-28,PC,1,0,0
U2778,2026-01-15,Mobile,1,1,0
U2778,2026-01-16,Mobile,5,3,2
U2778,2026-01-17,Mobile,1,0,0
U2778,2026-01-18,Mobile,2,1,0
U2778,2026-01-19,PC,2,0,1
U2778,2026-01-20,PC,2,0,0
U2778,2026-01-22,PC,3,1,2
U2778,2026-01-23,PC,4,0,0
U2778,2026-01-24,PC,5,0,0
U2778,2026-01-25,PC,2,0,0
U2778,2026-01-26,Mobile,2,1,0
U2778,2026-01-27,Mobile,1,0,1
U2778,2026-01-28,PC,4,1,0
U2779,2026-01-16,Mobile,4,1,1
U2779,2026-01-18,Mobile,1,0,1
U2779,2026-01-19,Mobile,1,0,1
U2779,2026-01-20,Mobile,3,0,0
U2779,2026-01-21,Mobile,4,2,1
U2779,2026-01-22,PC,1,0,0
U2779,2026-01-23,Mobile,3,0,1
U2779,2026-01-24,PC,5,1,4
U2779,2026-01-25,PC,1,0,0
U2779,2026-01-26,PC,4,0,1
U2779,2026-01-27,Mobile,1,0,0
U2779,2026-01-28,Mobile,2,0,0
U2780,2026-01-15,PC,5,1,0
U2780,2026-01-16,Mobile,5,3,2
U2780,2026-01-17,PC,5,0,0
U2780,2026-01-18,Mobile,1,0,0
U2780,2026-01-19,PC,2,1,0
U2780,2026-01-21,PC,5,0,0
U2780,2026-01-22,Mobile,2,1,1
U2780,2026-01-23,Mobile,2,0,0
U2780,2026-01-24,Mobile,3,0,0
U2780,2026-01-25,Mobile,3,0,1
U2780,2026-01-26,Mobile,1,0,0
U2780,2026-01-27,PC,3,1,1
U2780,2026-01-28,PC,5,2,3
U2781,2026-01-15,PC,2,0,0
U2781,2026-01-16,Mobile,5,3,2
U2781,2026-01-17,PC,1,0,1
U2781,2026-01-18,Mobile,5,3,1
U2781,2026-01-19,Mobile,5,1,1
U2781,2026-01-21,PC,4,2,1
U2781,2026-01-22,PC,1,0,0
U2781,2026-01-23,PC,1,0,0
U2781,2026-01-24,PC,3,0,0
U2781,2026-01-26,PC,1,0,1
U2781,2026-01-27,PC,2,0,2
U2782,2026-01-15,Mobile,5,1,2
U2782,2026-01-16,Mobile,1,0,0
U2782,2026-01-17,Mobile,1,0,1
U2782,2026-01-18,PC,3,0,0
U2782,2026-01-19,Mobile,3,0,0
U2782,2026-01-20,Mobile,2,0,0
U2782,2026-01-22,PC,2,0,0
U2782,2026-01-23,Mobile,1,0,0
U2782,2026-01-24,Mobile,4,0,0
U2782,2026-01-25,PC,1,0,0
U2782,2026-01-26,Mobile,3,0,2
U2782,2026-01-27,PC,3,0,2
U2782,2026-01-28,PC,4,1,2
U2783,2026-01-16,Mobile,2,0,0
U2783,2026-01-17,PC,2,0,1
U2783,2026-01-18,Mobile,3,0,2
U2783,2026-01-19,PC,1,0,1
U2783,2026-01-20,PC,2,1,0
U2783,2026-01-21,Mobile,1,0,1
U2783,2026-01-22,PC,1,0,0
U2783,2026-01-23,PC,2,0,0
U2783,2026-01-24,PC,2,0,0
U2783,2026-01-25,PC,2,0,0
U2783,2026-01-26,PC,4,0,2
U2783,2026-01-27,PC,1,0,1
U2783,2026-01-28,Mobile,2,0,1
U2784,2026-01-15,Mobile,1,0,0
U2784,2026-01-16,Mobile,3,2,1
U2784,2026-01-17,Mobile,4,1,2
U2784,2026-01-18,Mobile,3,2,1
U2784,2026-01-19,Mobile,4,1,1
U2784,2026-01-20,Mobile,1,0,0
U2784,2026-01-22,PC,1,0,0
U2784,2026-01-23,PC,2,0,0
U2784,2026-01-24,PC,5,0,0
U2784,2026-01-25,Mobile,1,0,0
U2784,2026-01-27,PC,4,0,0
U2784,2026-01-28,Mobile,3,3,0
U2785,2026-01-15,Mobile,4,2,2
U2785,2026-01-16,Mobile,3,1,0
U2785,2026-01-17,Mobile,1,1,0
U2785,2026-01-18,PC,4,1,2
U2785,2026-01-19,PC,2,0,0
U2785,2026-01-20,Mobile,2,0,1
U2785,2026-01-21,PC,5,0,1
U2785,2026-01-22,PC,4,1,0
U2785,2026-01-24,Mobile,5,1,0
U2785,2026-01-25,Mobile,4,3,1
U2785,2026-01-26,PC,4,2,1
U2785,2026-01-27,Mobile,3,2,0
U2785,2026-01-28,Mobile,1,0,0
U2786,2026-01-15,Mobile,2,0,0
U2786,2026-01-16,Mobile,4,1,3
U2786,2026-01-17,PC,5,0,4
U2786,2026-01-18,Mobile,3,0,1
U2786,2026-01-19,Mobile,5,0,4
U2786,2026-01-23,Mobile,2,0,0
U2786,2026-01-24,PC,1,0,1
U2786,2026-01-25,PC,1,0,0
U2786,2026-01-27,PC,5,0,1
U2786,2026-01-28,Mobile,3,0,0
U2787,2026-01-15,Mobile,3,0,2
U2787,2026-01-16,PC,3,1,1
U2787,2026-01-17,Mobile,2,2,0
U2787,2026-01-18,PC,5,2,1
U2787,2026-01-19,PC,5,1,1
U2787,2026-01-20,Mobile,3,0,3
U2787,2026-01-21,Mobile,2,0,1
U2787,2026-01-22,Mobile,5,1,3
U2787,2026-01-23,Mobile,4,0,1
U2787,2026-01-24,PC,5,0,2
U2787,2026-01-25,Mobile,4,2,2
U2787,2026-01-26,PC,2,0,0
U2787,2026-01-27,Mobile,5,2,3
U2787,2026-01-28,Mobile,2,1,1
U2788,2026-01-15,PC,3,1,1
U2788,2026-01-16,Mobile,4,1,1
U2788,2026-01-17,Mobile,4,1,0
U2788,2026-01-18,PC,4,1,1
U2788,2026-01-19,Mobile,5,3,0
U2788,2026-01-20,PC,5,1,3
U2788,2026-01-21,PC,2,1,1
U2788,2026-01-22,Mobile,2,0,1
U2788,2026-01-23,Mobile,3,0,0
U2788,2026-01-24,Mobile,1,0,1
U2788,2026-01-25,Mobile,1,0,1
U2788,2026-01-26,PC,3,2,1
U2788,2026-01-27,PC,4,0,0
U2788,2026-01-28,PC,2,0,0
U2789,2026-01-15,Mobile,4,1,1
U2789,2026-01-16,Mobile,5,0,0
U2789,2026-01-17,PC,2,0,0
U2789,2026-01-18,PC,4,2,2
U2789,2026-01-19,PC,2,1,0
U2789,2026-01-20,Mobile,3,3,0
U2789,2026-01-21,PC,3,0,0
U2789,2026-01-22,PC,4,0,1
U2789,2026-01-23,Mobile,5,2,1
U2789,2026-01-24,Mobile,1,1,0
U2789,2026-01-25,PC,4,1,0
U2789,2026-01-26,Mobile,3,0,2
U2789,2026-01-27,Mobile,1,0,1
U2789,2026-01-28,Mobile,2,1,1
U2790,2026-01-15,Mobile,3,0,1
U2790,2026-01-16,PC,3,0,1
U2790,2026-01-17,Mobile,4,0,3
U2790,2026-01-18,Mobile,1,0,1
U2790,2026-01-19,Mobile,3,0,3
U2790,2026-01-21,Mobile,4,0,0
U2790,2026-01-22,Mobile,2,0,1
U2790,2026-01-23,PC,3,1,0
U2790,2026-01-24,Mobile,5,2,1
U2790,2026-01-25,Mobile,2,1,0
U2790,2026-01-26,Mobile,2,0,2
U2790,2026-01-27,PC,2,0,1
U2790,2026-01-28,PC,3,0,2
U2791,2026-01-15,Mobile,2,0,0
U2791,2026-01-16,PC,1,1,0
U2791,2026-01-18,Mobile,1,0,1
U2791,2026-01-19,Mobile,2,2,0
U2791,2026-01-20,Mobile,5,2,3
U2791,2026-01-21,Mobile,1,0,0
U2791,2026-01-22,Mobile,3,1,1
U2791,2026-01-23,Mobile,5,0,0
U2791,2026-01-24,Mobile,5,0,2
U2791,2026-01-25,Mobile,4,0,1
U2791,2026-01-26,Mobile,5,2,1
U2791,2026-01-27,PC,4,0,2
U2791,2026-01-28,PC,4,0,2
U2792,2026-01-15,Mobile,5,1,2
U2792,2026-01-17,Mobile,1,0,0
U2792,2026-01-18,Mobile,1,0,0
U2792,2026-01-19,Mobile,4,3,1
U2792,2026-01-20,Mobile,5,0,1
U2792,2026-01-21,Mobile,5,2,2
U2792,2026-01-22,Mobile,4,3,0
U2792,2026-01-23,Mobile,2,0,0
U2792,2026-01-24,Mobile,2,1,1
U2792,2026-01-25,PC,5,3,1
U2792,2026-01-27,PC,2,0,1
U2792,2026-01-28,Mobile,3,0,1
U2793,2026-01-15,PC,1,0,1
U2793,2026-01-17,Mobile,4,0,3
U2793,2026-01-18,PC,3,1,1
U2793,2026-01-21,Mobile,5,0,2
U2793,2026-01-22,Mobile,5,2,1
U2793,2026-01-23,Mobile,4,0,1
U2793,2026-01-24,PC,4,0,2
U2793,2026-01-25,Mobile,2,1,1
U2793,2026-01-26,PC,5,0,1
U2793,2026-01-28,Mobile,4,1,2
U2794,2026-01-15,Mobile,4,0,0
U2794,2026-01-16,Mobile,4,0,0
U2794,2026-01-17,PC,2,1,1
U2794,2026-01-18,Mobile,1,1,0
U2794,2026-01-19,Mobile,5,0,0
U2794,2026-01-20,Mobile,3,3,0
U2794,2026-01-21,Mobile,2,1,0
U2794,2026-01-22,Mobile,2,1,0
U2794,2026-01-23,Mobile,1,0,0
U2794,2026-01-24,Mobile,3,1,2
U2794,2026-01-25,Mobile,1,1,0
U2794,2026-01-26,PC,5,1,2
U2794,2026-01-27,PC,2,0,0
U2794,2026-01-28,Mobile,2,2,0
U2795,2026-01-15,Mobile,2,2,0
U2795,2026-01-17,Mobile,2,0,1
U2795,2026-01-18,PC,2,0,0
U2795,2026-01-20,Mobile,3,1,2
U2795,2026-01-22,PC,4,0,3
U2795,2026-01-23,Mobile,5,1,0
U2795,2026-01-24,PC,3,2,0
U2795,2026-01-25,Mobile,2,0,0
U2795,2026-01-26,Mobile,2,0,1
U2795,2026-01-27,PC,1,0,1
U2795,2026-01-28,PC,3,0,1
U2796,2026-01-15,Mobile,3,1,0
U2796,2026-01-16,Mobile,1,0,0
U2796,2026-01-17,Mobile,3,0,0
U2796,2026-01-18,Mobile,3,1,0
U2796,2026-01-19,PC,5,1,2
U2796,2026-01-20,PC,3,1,0
U2796,2026-01-21,Mobile,3,0,3
U2796,2026-01-22,PC,5,0,2
U2796,2026-01-23,PC,5,0,5
U2796,2026-01-24,Mobile,5,2,0
U2796,2026-01-25,PC,1,1,0
U2796,2026-01-26,PC,4,1,0
U2796,2026-01-27,Mobile,1,1,0
U2796,2026-01-28,PC,1,0,0
U2797,2026-01-15,PC,5,0,2
U2797,2026-01-16,PC,2,1,0
U2797,2026-01-17,PC,2,0,0
U2797,2026-01-18,Mobile,3,0,0
U2797,2026-01-19,Mobile,2,0,2
U2797,2026-01-20,PC,5,0,1
U2797,2026-01-21,Mobile,3,1,1
U2797,2026-01-22,Mobile,4,0,0
U2797,2026-01-23,PC,2,0,1
U2797,2026-01-24,Mobile,4,2,2
U2797,2026-01-25,Mobile,3,0,3
U2797,2026-01-26,Mobile,2,1,0
U2797,2026-01-27,PC,1,0,1
U2797,2026-01-28,Mobile,2,1,1
U2798,2026-01-16,Mobile,5,0,1
U2798,2026-01-17,Mobile,1,0,1
U2798,2026-01-18,PC,2,0,2
U2798,2026-01-19,Mobile,3,0,0
U2798,2026-01-20,PC,2,1,1
U2798,2026-01-21,Mobile,4,0,3
U2798,2026-01-22,Mobile,4,1,0
U2798,2026-01-23,PC,5,0,2
U2798,2026-01-24,Mobile,1,0,1
U2798,2026-01-25,Mobile,4,0,3
U2798,2026-01-26,Mobile,2,0,1
U2798,2026-01-27,Mobile,1,0,0
U2798,2026-01-28,PC,4,0,0
U2799,2026-01-15,PC,4,1,2
U2799,2026-01-16,PC,4,0,1
U2799,2026-01-17,Mobile,2,2,0
U2799,2026-01-18,Mobile,4,2,2
U2799,2026-01-19,Mobile,2,1,0
U2799,2026-01-20,Mobile,2,0,1
U2799,2026-01-21,PC,3,0,0
U2799,2026-01-22,Mobile,3,0,0
U2799,2026-01-23,Mobile,5,0,0
U2799,2026-01-24,PC,1,0,0
U2799,2026-01-25,Mobile,5,0,3
U2799,2026-01-26,PC,4,0,0
U2799,2026-01-27,Mobile,3,0,0
U2800,2026-01-15,Mobile,4,1,0
U2800,2026-01-16,Mobile,2,0,0
U2800,2026-01-17,PC,1,1,0
U2800,2026-01-18,PC,2,0,1
U2800,2026-01-19,PC,1,0,1
U2800,2026-01-20,PC,1,0,0
U2800,2026-01-21,Mobile,3,1,1
U2800,2026-01-22,PC,3,0,0
U2800,2026-01-23,Mobile,3,0,0
U2800,2026-01-24,Mobile,4,1,1
U2800,2026-01-25,PC,5,0,0
U2800,2026-01-26,Mobile,4,2,0
U2800,2026-01-27,Mobile,3,1,1
U2800,2026-01-28,PC,2,0,1
U2801,2026-01-15,Mobile,2,0,0
U2801,2026-01-16,Mobile,1,0,0
U2801,2026-01-17,PC,4,0,0
U2801,2026-01-18,Mobile,4,1,2
U2801,2026-01-19,PC,3,0,0
U2801,2026-01-20,PC,4,2,0
U2801,2026-01-21,PC,2,0,1
U2801,2026-01-22,PC,2,0,0
U2801,2026-01-23,Mobile,4,0,0
U2801,2026-01-24,Mobile,3,2,1
U2801,2026-01-25,PC,3,1,0
U2801,2026-01-26,Mobile,3,0,1
U2801,2026-01-27,PC,4,0,2
U2801,2026-01-28,PC,4,1,1
U2802,2026-01-15,Mobile,4,0,0
U2802,2026-01-16,PC,2,1,1
U2802,2026-01-17,Mobile,4,2,2
U2802,2026-01-18,PC,1,0,0
U2802,2026-01-20,PC,3,0,0
U2802,2026-01-21,PC,4,2,2
U2802,2026-01-23,Mobile,3,3,0
U2802,2026-01-24,PC,4,0,1
U2802,2026-01-25,PC,5,0,0
U2802,2026-01-26,Mobile,5,3,1
U2802,2026-01-27,Mobile,3,0,2
U2802,2026-01-28,Mobile,4,1,0
U2803,2026-01-16,Mobile,1,0,1
U2803,2026-01-17,PC,1,1,0
U2803,2026-01-18,Mobile,4,0,1
U2803,2026-01-19,PC,2,1,1
U2803,2026-01-20,Mobile,1,0,1
U2803,2026-01-21,PC,4,0,4
U2803,2026-01-22,Mobile,5,1,3
U2803,2026-01-23,PC,2,1,0
U2803,2026-01-24,Mobile,2,0,1
U2803,2026-01-25,PC,5,1,1
U2803,2026-01-26,Mobile,5,0,0
U2803,2026-01-27,Mobile,5,1,1
U2803,2026-01-28,PC,5,1,3
U2804,2026-01-16,Mobile,1,0,0
U2804,2026-01-19,PC,4,3,1
U2804,2026-01-20,PC,5,0,0
U2804,2026-01-22,Mobile,3,0,0
U2804,2026-01-24,PC,4,0,0
U2804,2026-01-26,PC,2,0,0
U2804,2026-01-27,Mobile,3,0,0
U2804,2026-01-28,Mobile,3,1,0
U2805,2026-01-15,Mobile,3,0,1
U2805,2026-01-16,Mobile,2,1,0
U2805,2026-01-17,PC,4,1,1
U2805,2026-01-18,Mobile,2,0,0
U2805,2026-01-19,Mobile,5,1,4
U2805,2026-01-20,PC,1,1,0
U2805,2026-01-22,Mobile,4,1,0
U2805,2026-01-23,PC,1,0,0
U2805,2026-01-25,Mobile,2,1,1
U2805,2026-01-26,Mobile,4,0,0
U2805,2026-01-27,PC,2,0,0
U2805,2026-01-28,Mobile,3,0,0
U2806,2026-01-15,Mobile,1,1,0
U2806,2026-01-16,Mobile,5,1,3
U2806,2026-01-17,PC,4,0,0
U2806,2026-01-18,PC,1,1,0
U2806,2026-01-19,Mobile,5,0,0
U2806,2026-01-20,Mobile,1,0,1
U2806,2026-01-21,Mobile,5,2,2
U2806,2026-01-22,PC,1,1,0
U2806,2026-01-23,Mobile,3,0,2
U2806,2026-01-25,Mobile,4,1,2
U2806,2026-01-26,PC,3,0,1
U2806,2026-01-28,Mobile,4,0,4
U2807,2026-01-15,Mobile,1,1,0
U2807,2026-01-17,PC,3,0,0
U2807,2026-01-18,PC,2,0,2
U2807,2026-01-19,PC,2,0,2
U2807,2026-01-20,PC,1,1,0
U2807,2026-01-21,Mobile,4,1,2
U2807,2026-01-22,PC,5,0,5
U2807,2026-01-23,Mobile,5,0,4
U2807,2026-01-24,Mobile,4,1,0
U2807,2026-01-26,Mobile,5,1,3
U2807,2026-01-27,Mobile,3,2,0
U2807,2026-01-28,Mobile,1,0,0
U2808,2026-01-15,Mobile,1,0,1
U2808,2026-01-16,Mobile,1,0,0
U2808,2026-01-17,PC,3,0,0
U2808,2026-01-18,Mobile,4,0,0
U2808,2026-01-19,Mobile,2,0,2
U2808,2026-01-21,PC,5,0,0
U2808,2026-01-22,PC,2,0,2
U2808,2026-01-23,Mobile,3,0,1
U2808,2026-01-24,Mobile,4,0,0
U2808,2026-01-25,Mobile,4,0,0
U2808,2026-01-26,Mobile,1,0,0
U2808,2026-01-27,PC,5,1,4
U2808,2026-01-28,PC,5,0,0
U2809,2026-01-18,PC,1,0,0
U2809,2026-01-19,PC,4,2,0
U2809,2026-01-20,Mobile,4,1,2
U2809,2026-01-21,Mobile,4,0,1
U2809,2026-01-22,PC,4,1,3
U2809,2026-01-23,PC,3,0,2
U2809,2026-01-25,Mobile,1,0,1
U2809,2026-01-26,PC,2,0,2
U2809,2026-01-27,Mobile,4,0,4
U2809,2026-01-28,PC,3,2,1
U2810,2026-01-15,PC,4,2,1
U2810,2026-01-16,Mobile,4,1,2
U2810,2026-01-17,PC,2,0,0
U2810,2026-01-18,PC,1,1,0
U2810,2026-01-19,PC,3,0,1
U2810,2026-01-20,Mobile,1,1,0
U2810,2026-01-21,Mobile,5,2,2
U2810,2026-01-22,PC,3,1,1
U2810,2026-01-23,Mobile,2,0,0
U2810,2026-01-24,Mobile,4,0,0
U2810,2026-01-25,Mobile,1,0,1
U2810,2026-01-26,Mobile,4,1,1
U2810,2026-01-27,Mobile,4,2,1
U2811,2026-01-15,PC,2,1,1
U2811,2026-01-16,PC,1,0,1
U2811,2026-01-17,PC,4,0,0
U2811,2026-01-19,Mobile,3,0,0
U2811,2026-01-20,Mobile,5,0,0
U2811,2026-01-21,PC,3,0,1
U2811,2026-01-22,Mobile,1,0,0
U2811,2026-01-23,Mobile,1,0,0
U2811,2026-01-24,PC,3,0,2
U2811,2026-01-25,Mobile,5,1,4
U2811,2026-01-26,Mobile,2,0,0
U2811,2026-01-28,PC,5,0,3
U2812,2026-01-15,Mobile,5,0,4
U2812,2026-01-17,PC,2,1,0
U2812,2026-01-18,PC,2,1,1
U2812,2026-01-19,PC,3,2,1
U2812,2026-01-20,Mobile,2,1,0
U2812,2026-01-21,Mobile,4,2,1
U2812,2026-01-22,Mobile,3,1,2
U2812,2026-01-23,Mobile,5,1,2
U2812,2026-01-26,Mobile,4,2,1
U2812,2026-01-27,PC,5,1,0
U2812,2026-01-28,Mobile,4,0,0
U2813,2026-01-15,Mobile,3,3,0
U2813,2026-01-16,Mobile,2,0,1
U2813,2026-01-18,Mobile,5,1,0
U2813,2026-01-19,Mobile,2,1,1
U2813,2026-01-21,PC,5,1,1
U2813,2026-01-22,PC,1,1,0
U2813,2026-01-23,Mobile,5,2,0
U2813,2026-01-24,Mobile,4,1,0
U2813,2026-01-25,Mobile,3,1,2
U2813,2026-01-26,Mobile,4,0,0
U2813,2026-01-27,Mobile,1,1,0
U2813,2026-01-28,Mobile,1,0,1
U2814,2026-01-15,Mobile,5,2,3
U2814,2026-01-16,PC,3,0,0
U2814,2026-01-17,Mobile,1,0,1
U2814,2026-01-18,PC,4,4,0
U2814,2026-01-19,Mobile,5,0,0
U2814,2026-01-20,PC,3,0,0
U2814,2026-01-21,Mobile,1,0,0
U2814,2026-01-22,PC,3,1,1
U2814,2026-01-23,PC,5,3,2
U2814,2026-01-24,Mobile,5,2,1
U2814,2026-01-25,Mobile,5,0,1
U2814,2026-01-27,Mobile,5,4,1
U2815,2026-01-15,Mobile,1,0,1
U2815,2026-01-16,PC,4,1,1
U2815,2026-01-17,PC,4,1,2
U2815,2026-01-18,Mobile,2,0,0
U2815,2026-01-19,Mobile,2,1,0
U2815,2026-01-20,Mobile,3,1,1
U2815,2026-01-21,Mobile,1,0,0
U2815,2026-01-22,Mobile,1,1,0
U2815,2026-01-23,Mobile,1,0,0
U2815,2026-01-24,PC,1,0,0
U2815,2026-01-25,Mobile,2,1,0
U2815,2026-01-26,Mobile,3,1,0
U2815,2026-01-27,Mobile,1,1,0
U2815,2026-01-28,PC,4,2,2
U2816,2026-01-15,Mobile,3,0,3
U2816,2026-01-16,Mobile,2,1,0
U2816,2026-01-17,PC,3,0,0
U2816,2026-01-18,PC,5,1,1
U2816,2026-01-19,PC,5,0,1
U2816,2026-01-20,Mobile,3,0,1
U2816,2026-01-21,Mobile,3,1,0
U2816,2026-01-22,Mobile,1,0,0
U2816,2026-01-23,PC,1,0,0
U2816,2026-01-24,Mobile,4,0,1
U2816,2026-01-25,Mobile,2,2,0
U2816,2026-01-26,PC,5,2,0
U2816,2026-01-27,Mobile,1,0,1
U2816,2026-01-28,Mobile,5,3,0
U2817,2026-01-15,PC,1,0,1
U2817,2026-01-17,PC,4,1,0
U2817,2026-01-18,Mobile,5,1,0
U2817,2026-01-19,PC,4,3,1
U2817,2026-01-21,Mobile,2,0,0
U2817,2026-01-23,Mobile,2,0,0
U2817,2026-01-24,Mobile,3,0,0
U2817,2026-01-25,PC,3,1,1
U2817,2026-01-26,PC,1,1,0
U2817,2026-01-27,Mobile,5,4,1
U2817,2026-01-28,Mobile,2,0,1
U2818,2026-01-15,Mobile,1,0,0
U2818,2026-01-16,PC,5,0,0
U2818,2026-01-17,Mobile,5,4,1
U2818,2026-01-18,PC,4,3,1
U2818,2026-01-19,Mobile,2,1,0
U2818,2026-01-20,Mobile,2,0,1
U2818,2026-01-22,Mobile,3,0,0
U2818,2026-01-23,Mobile,1,0,0
U2818,2026-01-24,PC,3,3,0
U2818,2026-01-25,PC,1,0,1
U2818,2026-01-26,Mobile,2,0,0
U2818,2026-01-27,Mobile,4,2,1
U2818,2026-01-28,PC,2,0,0
U2819,2026-01-16,PC,1,0,0
U2819,2026-01-17,Mobile,5,1,3
U2819,2026-01-18,Mobile,1,0,0
U2819,2026-01-19,PC,5,1,2
U2819,2026-01-20,PC,3,1,0
U2819,2026-01-21,Mobile,3,0,2
U2819,2026-01-22,Mobile,2,1,1
U2819,2026-01-23,PC,1,0,0
U2819,2026-01-24,Mobile,2,0,0
U2819,2026-01-25,PC,5,2,2
U2819,2026-01-26,PC,1,0,1
U2819,2026-01-27,Mobile,1,0,1
U2819,2026-01-28,Mobile,2,0,0
U2820,2026-01-15,PC,3,0,1
U2820,2026-01-16,PC,5,2,3
U2820,2026-01-17,PC,4,2,2
U2820,2026-01-18,Mobile,4,3,1
U2820,2026-01-19,Mobile,2,0,2
U2820,2026-01-20,Mobile,3,0,1
U2820,2026-01-21,Mobile,2,0,1
U2820,2026-01-22,Mobile,4,1,0
U2820,2026-01-23,Mobile,4,1,3
U2820,2026-01-24,PC,1,0,0
U2820,2026-01-25,PC,4,1,1
U2820,2026-01-26,PC,5,0,0
U2820,2026-01-27,PC,1,0,1
U2820,2026-01-28,Mobile,5,0,1
U2821,2026-01-15,Mobile,1,1,0
U2821,2026-01-17,Mobile,2,2,0
U2821,2026-01-18,Mobile,3,0,0
U2821,2026-01-19,Mobile,4,0,0
U2821,2026-01-20,PC,3,1,1
U2821,2026-01-21,PC,2,0,1
U2821,2026-01-22,Mobile,5,0,4
U2821,2026-01-23,PC,2,0,0
U2821,2026-01-25,PC,4,0,1
U2821,2026-01-26,Mobile,3,2,0
U2821,2026-01-27,Mobile,3,0,1
U2821,2026-01-28,Mobile,2,1,1
U2822,2026-01-15,Mobile,1,0,1
U2822,2026-01-16,Mobile,5,0,0
U2822,2026-01-17,PC,1,0,0
U2822,2026-01-18,Mobile,5,0,0
U2822,2026-01-19,Mobile,2,1,1
U2822,2026-01-20,PC,2,0,0
U2822,2026-01-21,Mobile,4,1,0
U2822,2026-01-22,Mobile,5,0,2
U2822,2026-01-24,Mobile,4,3,1
U2822,2026-01-25,PC,2,0,1
U2822,2026-01-27,PC,5,1,1
U2822,2026-01-28,Mobile,1,1,0
U2823,2026-01-15,PC,3,0,0
U2823,2026-01-16,Mobile,1,1,0
U2823,2026-01-17,PC,3,0,0
U2823,2026-01-21,PC,2,0,0
U2823,2026-01-22,Mobile,1,0,0
U2823,2026-01-23,PC,2,0,0
U2823,2026-01-24,PC,1,0,1
U2823,2026-01-25,PC,4,1,2
U2823,2026-01-26,PC,1,0,1
U2823,2026-01-27,Mobile,3,0,1
U2823,2026-01-28,Mobile,5,2,0
U2824,2026-01-15,PC,4,1,0
U2824,2026-01-16,Mobile,4,0,4
U2824,2026-01-17,Mobile,1,0,1
U2824,2026-01-18,Mobile,5,0,0
U2824,2026-01-19,Mobile,1,0,0
U2824,2026-01-20,Mobile,2,1,0
U2824,2026-01-21,PC,3,0,2
U2824,2026-01-22,Mobile,3,0,2
U2824,2026-01-23,Mobile,1,0,0
U2824,2026-01-24,Mobile,3,0,3
U2824,2026-01-25,Mobile,1,0,0
U2824,2026-01-26,Mobile,4,1,0
U2824,2026-01-27,PC,1,0,0
U2824,2026-01-28,Mobile,3,0,0
U2825,2026-01-16,PC,5,0,0
U2825,2026-01-17,Mobile,5,0,1
U2825,2026-01-18,Mobile,3,1,0
U2825,2026-01-19,PC,4,1,0
U2825,2026-01-20,Mobile,3,1,0
U2825,2026-01-21,Mobile,5,2,0
U2825,2026-01-22,PC,5,0,2
U2825,2026-01-23,Mobile,3,1,2
U2825,2026-01-24,Mobile,4,2,1
U2825,2026-01-25,PC,1,0,0
U2825,2026-01-26,Mobile,2,1,0
U2825,2026-01-27,PC,1,0,1
U2825,2026-01-28,PC,4,1,3
U2826,2026-01-15,Mobile,4,1,2
U2826,2026-01-16,PC,2,0,0
U2826,2026-01-17,PC,1,0,0
U2826,2026-01-18,PC,4,1,2
U2826,2026-01-20,PC,1,0,0
U2826,2026-01-21,Mobile,3,0,0
U2826,2026-01-22,Mobile,3,1,2
U2826,2026-01-23,Mobile,4,0,1
U2826,2026-01-24,Mobile,5,0,3
U2826,2026-01-25,PC,2,0,0
U2826,2026-01-26,Mobile,4,0,4
U2826,2026-01-27,PC,3,1,2
U2826,2026-01-28,Mobile,2,1,1
U2827,2026-01-15,PC,1,0,1
U2827,2026-01-16,Mobile,2,0,0
U2827,2026-01-17,Mobile,1,1,0
U2827,2026-01-18,Mobile,4,2,2
U2827,2026-01-19,PC,3,0,0
U2827,2026-01-20,Mobile,3,0,1
U2827,2026-01-21,Mobile,5,1,3
U2827,2026-01-22,Mobile,5,1,2
U2827,2026-01-23,PC,2,1,1
U2827,2026-01-24,Mobile,1,1,0
U2827,2026-01-25,Mobile,5,1,0
U2827,2026-01-26,PC,1,0,1
U2827,2026-01-27,Mobile,4,0,0
U2827,2026-01-28,Mobile,2,0,0
U2828,2026-01-15,PC,1,0,1
U2828,2026-01-16,Mobile,1,0,1
U2828,2026-01-17,Mobile,3,0,1
U2828,2026-01-18,PC,4,0,2
U2828,2026-01-19,Mobile,3,1,1
U2828,2026-01-20,PC,2,0,0
U2828,2026-01-21,Mobile,1,0,1
U2828,2026-01-22,Mobile,4,0,0
U2828,2026-01-23,Mobile,5,0,0
U2828,2026-01-24,PC,3,1,2
U2828,2026-01-26,Mobile,4,0,1
U2828,2026-01-27,PC,4,0,1
U2828,2026-01-28,Mobile,1,1,0
U2829,2026-01-15,Mobile,2,0,1
U2829,2026-01-16,Mobile,5,0,5
U2829,2026-01-17,Mobile,1,0,1
U2829,2026-01-18,PC,3,0,1
U2829,2026-01-19,Mobile,5,1,1
U2829,2026-01-20,Mobile,1,0,0
U2829,2026-01-22,Mobile,5,0,0
U2829,2026-01-23,PC,4,2,0
U2829,2026-01-24,Mobile,4,0,4
U2829,2026-01-25,PC,5,0,1
U2829,2026-01-26,Mobile,1,0,0
U2829,2026-01-27,Mobile,3,0,3
U2829,2026-01-28,Mobile,4,0,2
U2830,2026-01-15,PC,2,1,0
U2830,2026-01-16,PC,3,0,1
U2830,2026-01-17,PC,4,2,1
U2830,2026-01-18,PC,1,0,0
U2830,2026-01-19,Mobile,2,1,0
U2830,2026-01-20,PC,2,1,0
U2830,2026-01-21,PC,2,0,0
U2830,2026-01-22,Mobile,5,0,1
U2830,2026-01-23,PC,4,0,3
U2830,2026-01-24,Mobile,4,0,0
U2830,2026-01-25,Mobile,5,0,4
U2830,2026-01-26,PC,2,0,2
U2830,2026-01-27,PC,2,0,0
U2831,2026-01-15,PC,5,2,1
U2831,2026-01-16,Mobile,5,0,1
U2831,2026-01-17,Mobile,5,2,0
U2831,2026-01-18,Mobile,3,2,1
U2831,2026-01-19,PC,4,3,1
U2831,2026-01-20,PC,1,0,0
U2831,2026-01-21,Mobile,5,3,2
U2831,2026-01-22,Mobile,2,0,1
U2831,2026-01-24,Mobile,2,0,0
U2831,2026-01-25,Mobile,4,1,0
U2831,2026-01-26,PC,5,0,0
U2831,2026-01-27,PC,3,0,0
U2831,2026-01-28,Mobile,3,1,0
U2832,2026-01-15,Mobile,4,2,2
U2832,2026-01-16,Mobile,4,2,2
U2832,2026-01-17,Mobile,2,0,0
U2832,2026-01-18,PC,5,2,0
U2832,2026-01-19,Mobile,1,1,0
U2832,2026-01-20,PC,1,0,1
U2832,2026-01-21,PC,5,1,3
U2832,2026-01-22,Mobile,1,1,0
U2832,2026-01-23,PC,4,0,1
U2832,2026-01-24,Mobile,1,0,0
U2832,2026-01-25,Mobile,2,1,1
U2832,2026-01-26,PC,1,0,0
U2832,2026-01-27,Mobile,3,2,0
U2832,2026-01-28,PC,4,1,0
U2833,2026-01-15,PC,2,0,1
U2833,2026-01-16,PC,3,2,1
U2833,2026-01-17,Mobile,5,0,0
U2833,2026-01-18,Mobile,1,0,1
U2833,2026-01-19,Mobile,4,0,0
U2833,2026-01-20,PC,2,1,0
U2833,2026-01-21,PC,1,0,0
U2833,2026-01-22,Mobile,5,0,0
U2833,2026-01-23,Mobile,5,1,4
U2833,2026-01-26,Mobile,3,1,0
U2833,2026-01-27,PC,4,0,2
U2834,2026-01-15,Mobile,4,0,0
U2834,2026-01-16,Mobile,1,0,0
U2834,2026-01-17,PC,3,0,1
U2834,2026-01-18,PC,4,0,3
U2834,2026-01-19,PC,1,0,1
U2834,2026-01-20,Mobile,1,0,1
U2834,2026-01-21,PC,5,0,5
U2834,2026-01-22,PC,2,0,1
U2834,2026-01-23,Mobile,2,1,1
U2834,2026-01-24,PC,3,0,1
U2834,2026-01-25,PC,4,0,0
U2834,2026-01-26,Mobile,1,0,0
U2834,2026-01-28,PC,4,0,2
U2835,2026-01-15,Mobile,4,0,1
U2835,2026-01-16,Mobile,5,0,1
U2835,2026-01-17,Mobile,2,0,1
U2835,2026-01-18,PC,3,0,2
U2835,2026-01-19,PC,1,0,0
U2835,2026-01-20,Mobile,5,1,3
U2835,2026-01-21,PC,5,0,3
U2835,2026-01-23,Mobile,3,0,2
U2835,2026-01-24,PC,4,0,0
U2835,2026-01-25,PC,4,0,1
U2835,2026-01-26,Mobile,2,0,0
U2835,2026-01-27,PC,3,1,1
U2835,2026-01-28,PC,4,1,3
U2836,2026-01-15,PC,5,3,2
U2836,2026-01-17,PC,4,1,0
U2836,2026-01-18,PC,2,1,0
U2836,2026-01-20,PC,4,0,0
U2836,2026-01-21,Mobile,1,0,0
U2836,2026-01-22,Mobile,5,2,3
U2836,2026-01-23,PC,1,0,1
U2836,2026-01-24,Mobile,2,1,0
U2836,2026-01-25,Mobile,4,1,2
U2836,2026-01-26,Mobile,2,0,0
U2836,2026-01-27,Mobile,3,2,1
U2836,2026-01-28,Mobile,2,1,1
U2837,2026-01-15,Mobile,1,0,1
U2837,2026-01-16,PC,2,0,2
U2837,2026-01-17,PC,4,1,1
U2837,2026-01-18,PC,3,0,0
U2837,2026-01-19,PC,3,2,1
U2837,2026-01-20,PC,1,0,1
U2837,2026-01-21,PC,2,0,0
U2837,2026-01-22,Mobile,3,0,2
U2837,2026-01-23,Mobile,3,0,3
U2837,2026-01-24,PC,5,0,1
U2837,2026-01-25,PC,3,0,1
U2837,2026-01-26,Mobile,1,0,1
U2837,2026-01-27,PC,2,0,2
U2837,2026-01-28,PC,2,0,0
U2838,2026-01-15,Mobile,1,0,0
U2838,2026-01-16,Mobile,4,0,0
U2838,2026-01-17,Mobile,4,1,3
U2838,2026-01-18,Mobile,2,1,0
U2838,2026-01-19,PC,2,1,1
U2838,2026-01-20,PC,5,0,0
U2838,2026-01-21,PC,2,1,0
U2838,2026-01-22,Mobile,3,1,2
U2838,2026-01-23,Mobile,1,0,0
U2838,2026-01-24,PC,2,0,1
U2838,2026-01-25,PC,1,0,0
U2838,2026-01-26,Mobile,3,0,3
U2838,2026-01-27,PC,2,0,1
U2838,2026-01-28,PC,5,0,1
U2839,2026-01-15,Mobile,3,0,1
U2839,2026-01-16,Mobile,4,0,1
U2839,2026-01-17,Mobile,1,0,1
U2839,2026-01-18,PC,1,0,0
U2839,2026-01-19,Mobile,2,0,2
U2839,2026-01-20,PC,5,1,1
U2839,2026-01-21,Mobile,1,0,0
U2839,2026-01-22,Mobile,2,1,1
U2839,2026-01-23,Mobile,4,0,1
U2839,2026-01-24,Mobile,2,0,1
U2839,2026-01-25,Mobile,1,0,1
U2839,2026-01-27,Mobile,5,1,3
U2839,2026-01-28,Mobile,5,0,4
U2840,2026-01-15,Mobile,4,1,3
U2840,2026-01-16,PC,3,0,1
U2840,2026-01-17,Mobile,4,0,0
U2840,2026-01-19,PC,2,0,1
U2840,2026-01-20,Mobile,5,0,1
U2840,2026-01-21,PC,5,0,1
U2840,2026-01-22,Mobile,2,0,0
U2840,2026-01-23,Mobile,5,1,4
U2840,2026-01-24,PC,4,2,2
U2840,2026-01-25,Mobile,4,1,2
U2840,2026-01-26,PC,2,1,1
U2840,2026-01-27,PC,2,0,2
U2840,2026-01-28,Mobile,1,0,0
U2841,2026-01-15,Mobile,2,0,0
U2841,2026-01-16,PC,1,0,0
U2841,2026-01-17,Mobile,5,1,1
U2841,2026-01-18,Mobile,4,0,1
U2841,2026-01-19,PC,2,0,0
U2841,2026-01-21,PC,5,0,0
U2841,2026-01-22,PC,4,1,2
U2841,2026-01-23,Mobile,4,0,0
U2841,2026-01-24,Mobile,1,1,0
U2841,2026-01-25,Mobile,2,0,1
U2841,2026-01-27,Mobile,2,1,0
U2841,2026-01-28,Mobile,2,1,1
U2842,2026-01-15,Mobile,3,2,1
U2842,2026-01-16,PC,2,0,0
U2842,2026-01-17,Mobile,1,0,0
U2842,2026-01-18,Mobile,4,2,2
U2842,2026-01-19,PC,2,0,2
U2842,2026-01-20,Mobile,1,0,0
U2842,2026-01-21,Mobile,3,0,0
U2842,2026-01-23,PC,2,1,1
U2842,2026-01-25,Mobile,5,1,0
U2842,2026-01-26,PC,5,0,2
U2842,2026-01-27,PC,1,1,0
U2842,2026-01-28,Mobile,1,0,1
U2843,2026-01-15,PC,2,0,1
U2843,2026-01-16,Mobile,3,2,0
U2843,2026-01-17,Mobile,4,1,2
U2843,2026-01-18,PC,2,2,0
U2843,2026-01-19,PC,1,0,1
U2843,2026-01-20,Mobile,4,3,1
U2843,2026-01-21,PC,5,0,2
U2843,2026-01-22,PC,5,3,1
U2843,2026-01-23,PC,3,0,1
U2843,2026-01-24,Mobile,1,0,0
U2843,2026-01-25,Mobile,4,1,3
U2843,2026-01-26,Mobile,1,1,0
U2843,2026-01-27,Mobile,5,1,0
U2843,2026-01-28,PC,1,1,0
U2844,2026-01-16,Mobile,5,3,1
U2844,2026-01-17,Mobile,5,2,1
U2844,2026-01-18,Mobile,1,0,1
U2844,2026-01-19,PC,4,1,0
U2844,2026-01-20,Mobile,5,4,0
U2844,2026-01-21,Mobile,4,2,1
U2844,2026-01-22,Mobile,2,0,0
U2844,2026-01-23,PC,1,0,0
U2844,2026-01-24,Mobile,5,0,0
U2844,2026-01-25,Mobile,2,0,0
U2844,2026-01-26,PC,3,1,0
U2844,2026-01-27,Mobile,4,1,1
U2845,2026-01-15,Mobile,2,0,0
U2845,2026-01-17,Mobile,1,0,0
U2845,2026-01-18,Mobile,2,0,2
U2845,2026-01-19,Mobile,5,3,2
U2845,2026-01-20,PC,1,0,0
U2845,2026-01-21,Mobile,1,1,0
U2845,2026-01-22,PC,5,2,1
U2845,2026-01-23,PC,4,1,1
U2845,2026-01-24,Mobile,5,0,4
U2845,2026-01-25,PC,5,0,0
U2845,2026-01-26,PC,2,1,1
U2845,2026-01-28,Mobile,4,0,1
U2846,2026-01-15,Mobile,2,0,1
U2846,2026-01-16,PC,3,1,2
U2846,2026-01-17,PC,3,0,0
U2846,2026-01-18,Mobile,2,0,0
U2846,2026-01-21,Mobile,5,3,1
U2846,2026-01-22,Mobile,4,1,1
U2846,2026-01-23,PC,4,0,0
U2846,2026-01-25,PC,5,2,1
U2846,2026-01-27,Mobile,4,0,1
U2846,2026-01-28,Mobile,4,2,0
U2847,2026-01-15,PC,3,0,0
U2847,2026-01-16,Mobile,1,0,1
U2847,2026-01-17,PC,2,1,0
U2847,2026-01-18,Mobile,2,1,1
U2847,2026-01-19,Mobile,3,0,2
U2847,2026-01-20,PC,4,0,0
U2847,2026-01-21,Mobile,1,1,0
U2847,2026-01-22,Mobile,3,0,0
U2847,2026-01-23,Mobile,1,0,1
U2847,2026-01-24,Mobile,1,0,0
U2847,2026-01-25,Mobile,2,0,2
U2847,2026-01-26,PC,3,1,2
U2847,2026-01-27,Mobile,2,0,2
U2847,2026-01-28,PC,1,0,0
U2848,2026-01-15,PC,2,1,1
U2848,2026-01-16,Mobile,3,2,0
U2848,2026-01-17,Mobile,5,1,2
U2848,2026-01-18,PC,1,0,0
U2848,2026-01-19,PC,4,1,3
U2848,2026-01-20,Mobile,1,0,1
U2848,2026-01-21,Mobile,3,1,0
U2848,2026-01-22,Mobile,4,0,0
U2848,2026-01-23,PC,3,0,0
U2848,2026-01-24,PC,3,0,2
U2848,2026-01-25,Mobile,1,0,1
U2848,2026-01-26,Mobile,3,2,0
U2848,2026-01-27,Mobile,5,1,0
U2848,2026-01-28,Mobile,3,3,0
U2849,2026-01-15,PC,1,0,1
U2849,2026-01-16,Mobile,1,0,1
U2849,2026-01-17,Mobile,5,4,1
U2849,2026-01-18,Mobile,2,0,1
U2849,2026-01-19,Mobile,1,1,0
U2849,2026-01-20,Mobile,5,3,1
U2849,2026-01-21,Mobile,4,2,2
U2849,2026-01-22,Mobile,5,2,3
U2849,2026-01-23,PC,1,0,0
U2849,2026-01-24,PC,3,2,1
U2849,2026-01-26,Mobile,4,1,2
U2849,2026-01-27,Mobile,5,3,1
U2849,2026-01-28,Mobile,5,1,0
U2850,2026-01-15,PC,2,1,1
U2850,2026-01-16,Mobile,3,0,1
U2850,2026-01-17,Mobile,5,0,1
U2850,2026-01-18,PC,4,1,3
U2850,2026-01-21,Mobile,1,1,0
U2850,2026-01-22,PC,2,0,0
U2850,2026-01-23,PC,2,0,2
U2850,2026-01-24,Mobile,3,2,0
U2850,2026-01-25,Mobile,3,0,1
U2850,2026-01-26,Mobile,3,0,0
U2850,2026-01-27,PC,2,0,2
U2850,2026-01-28,Mobile,2,0,0
U2851,2026-01-15,PC,1,1,0
U2851,2026-01-16,Mobile,5,1,1
U2851,2026-01-17,Mobile,3,0,2
U2851,2026-01-18,Mobile,5,1,0
U2851,2026-01-19,PC,3,0,3
U2851,2026-01-20,Mobile,1,1,0
U2851,2026-01-21,PC,3,0,3
U2851,2026-01-22,PC,1,0,0
U2851,2026-01-23,Mobile,4,0,0
U2851,2026-01-24,Mobile,1,0,1
U2851,2026-01-25,PC,3,0,0
U2851,2026-01-26,PC,3,1,1
U2851,2026-01-27,Mobile,1,0,1
U2852,2026-01-15,Mobile,1,0,1
U2852,2026-01-16,Mobile,1,1,0
U2852,2026-01-17,PC,5,0,0
U2852,2026-01-18,PC,1,0,1
U2852,2026-01-19,Mobile,4,0,0
U2852,2026-01-20,Mobile,4,0,1
U2852,2026-01-21,Mobile,4,0,3
U2852,2026-01-22,Mobile,3,0,2
U2852,2026-01-24,Mobile,4,0,2
U2852,2026-01-25,Mobile,4,1,3
U2852,2026-01-27,PC,2,0,1
U2852,2026-01-28,PC,5,0,1
U2853,2026-01-15,PC,5,2,3
U2853,2026-01-16,Mobile,1,0,1
U2853,2026-01-17,PC,5,0,4
U2853,2026-01-18,Mobile,2,0,2
U2853,2026-01-20,Mobile,3,0,1
U2853,2026-01-21,Mobile,1,1,0
U2853,2026-01-22,Mobile,5,0,1
U2853,2026-01-23,PC,1,0,0
U2853,2026-01-24,Mobile,4,1,2
U2853,2026-01-25,Mobile,1,1,0
U2853,2026-01-26,Mobile,2,0,0
U2853,2026-01-27,Mobile,5,0,1
U2854,2026-01-17,Mobile,4,2,2
U2854,2026-01-18,Mobile,4,0,1
U2854,2026-01-19,Mobile,5,0,0
U2854,2026-01-20,PC,3,0,0
U2854,2026-01-21,Mobile,5,2,1
U2854,2026-01-23,Mobile,3,0,0
U2854,2026-01-24,PC,4,0,0
U2854,2026-01-25,PC,5,0,1
U2854,2026-01-26,Mobile,3,0,1
U2854,2026-01-27,Mobile,4,2,1
U2855,2026-01-15,PC,5,3,2
U2855,2026-01-16,Mobile,4,0,0
U2855,2026-01-17,Mobile,4,0,1
U2855,2026-01-18,Mobile,3,0,1
U2855,2026-01-19,PC,4,1,3
U2855,2026-01-20,Mobile,1,0,0
U2855,2026-01-21,Mobile,1,0,0
U2855,2026-01-22,Mobile,1,0,0
U2855,2026-01-23,PC,5,0,0
U2855,2026-01-24,Mobile,4,1,2
U2855,2026-01-25,Mobile,1,0,1
U2855,2026-01-26,PC,5,4,0
U2855,2026-01-27,Mobile,5,0,0
U2855,2026-01-28,Mobile,1,0,0
U2856,2026-01-15,Mobile,1,0,1
U2856,2026-01-16,Mobile,1,0,0
U2856,2026-01-17,Mobile,2,0,0
U2856,2026-01-18,Mobile,1,0,1
U2856,2026-01-19,PC,1,0,1
U2856,2026-01-20,Mobile,4,0,0
U2856,2026-01-21,PC,3,0,0
U2856,2026-01-22,Mobile,3,0,2
U2856,2026-01-23,Mobile,2,1,1
U2856,2026-01-24,PC,4,0,0
U2856,2026-01-25,PC,3,2,0
U2856,2026-01-26,Mobile,4,4,0
U2856,2026-01-27,PC,3,0,2
U2856,2026-01-28,PC,3,1,1
U2857,2026-01-15,Mobile,5,1,0
U2857,2026-01-16,Mobile,1,0,1
U2857,2026-01-17,Mobile,3,0,1
U2857,2026-01-18,Mobile,2,1,1
U2857,2026-01-21,Mobile,5,0,1
U2857,2026-01-23,PC,5,1,3
U2857,2026-01-24,PC,1,0,0
U2857,2026-01-25,Mobile,5,2,3
U2857,2026-01-26,Mobile,5,0,4
U2857,2026-01-27,PC,4,2,2
U2857,2026-01-28,Mobile,1,0,1
U2858,2026-01-16,PC,4,0,4
U2858,2026-01-17,PC,2,1,0
U2858,2026-01-18,PC,4,2,0
U2858,2026-01-20,Mobile,4,2,0
U2858,2026-01-21,PC,1,1,0
U2858,2026-01-22,PC,4,0,0
U2858,2026-01-23,Mobile,3,0,2
U2858,2026-01-24,Mobile,1,0,0
U2858,2026-01-25,PC,3,0,0
U2858,2026-01-26,PC,4,1,3
U2858,2026-01-27,Mobile,1,1,0
U2859,2026-01-15,PC,3,1,0
U2859,2026-01-16,Mobile,1,0,0
U2859,2026-01-17,Mobile,5,2,2
U2859,2026-01-18,Mobile,3,2,1
U2859,2026-01-19,PC,1,0,0
U2859,2026-01-20,Mobile,2,1,0
U2859,2026-01-21,Mobile,5,3,0
U2859,2026-01-22,PC,1,1,0
U2859,2026-01-24,PC,2,1,1
U2859,2026-01-25,PC,4,0,1
U2859,2026-01-26,PC,5,1,2
U2859,2026-01-28,Mobile,2,0,0
U2860,2026-01-15,Mobile,5,0,1
U2860,2026-01-16,PC,5,3,2
U2860,2026-01-17,PC,5,1,4
U2860,2026-01-18,Mobile,4,1,3
U2860,2026-01-19,Mobile,2,0,0
U2860,2026-01-20,Mobile,4,2,1
U2860,2026-01-21,Mobile,5,1,0
U2860,2026-01-24,PC,3,0,0
U2860,2026-01-25,PC,4,0,0
U2860,2026-01-26,Mobile,1,0,0
U2860,2026-01-27,Mobile,1,0,1
U2860,2026-01-28,Mobile,4,3,1
U2861,2026-01-15,PC,2,1,1
U2861,2026-01-16,Mobile,2,1,1
U2861,2026-01-17,PC,3,1,2
U2861,2026-01-18,Mobile,2,2,0
U2861,2026-01-19,PC,4,1,2
U2861,2026-01-20,PC,4,1,0
U2861,2026-01-21,Mobile,1,1,0
U2861,2026-01-22,Mobile,5,0,1
U2861,2026-01-23,Mobile,5,0,1
U2861,2026-01-24,Mobile,3,1,1
U2861,2026-01-25,PC,4,2,2
U2861,2026-01-27,Mobile,4,1,3
U2861,2026-01-28,PC,3,0,3
U2862,2026-01-15,Mobile,5,0,3
U2862,2026-01-17,PC,3,0,0
U2862,2026-01-19,PC,3,0,1
U2862,2026-01-20,PC,3,0,1
U2862,2026-01-21,PC,5,0,0
U2862,2026-01-22,Mobile,3,0,0
U2862,2026-01-23,Mobile,3,0,0
U2862,2026-01-24,PC,2,0,1
U2862,2026-01-25,PC,1,0,0
U2862,2026-01-26,PC,5,2,2
U2862,2026-01-27,Mobile,3,1,2
U2862,2026-01-28,PC,3,0,2
U2863,2026-01-15,Mobile,5,0,1
U2863,2026-01-16,PC,4,1,0
U2863,2026-01-17,Mobile,1,0,1
U2863,2026-01-18,Mobile,3,1,1
U2863,2026-01-19,Mobile,5,2,2
U2863,2026-01-20,PC,4,1,1
U2863,2026-01-21,Mobile,2,0,1
U2863,2026-01-22,Mobile,4,3,1
U2863,2026-01-23,Mobile,4,0,1
U2863,2026-01-24,PC,5,1,4
U2863,2026-01-25,PC,2,0,0
U2863,2026-01-26,PC,4,0,2
U2863,2026-01-27,Mobile,3,1,2
U2863,2026-01-28,Mobile,5,3,1
U2864,2026-01-15,PC,4,2,0
U2864,2026-01-16,Mobile,2,2,0
U2864,2026-01-18,PC,3,0,0
U2864,2026-01-19,PC,2,0,1
U2864,2026-01-20,PC,5,0,1
U2864,2026-01-21,Mobile,2,2,0
U2864,2026-01-23,Mobile,2,0,0
U2864,2026-01-24,Mobile,2,1,0
U2864,2026-01-25,PC,5,2,0
U2864,2026-01-26,Mobile,3,0,0
U2864,2026-01-27,Mobile,3,1,1
U2864,2026-01-28,PC,2,0,2
U2865,2026-01-15,Mobile,3,0,2
U2865,2026-01-16,Mobile,4,0,2
U2865,2026-01-17,Mobile,1,1,0
U2865,2026-01-18,Mobile,1,0,1
U2865,2026-01-19,Mobile,5,0,1
U2865,2026-01-20,Mobile,5,0,0
U2865,2026-01-21,PC,3,0,0
U2865,2026-01-23,PC,3,0,2
U2865,2026-01-25,Mobile,1,0,0
U2865,2026-01-26,Mobile,4,0,3
U2865,2026-01-27,Mobile,2,0,0
U2866,2026-01-15,PC,2,0,2
U2866,2026-01-16,Mobile,2,1,1
U2866,2026-01-17,PC,2,0,0
U2866,2026-01-18,PC,5,2,3
U2866,2026-01-19,Mobile,2,1,0
U2866,2026-01-20,Mobile,2,1,1
U2866,2026-01-21,Mobile,3,1,2
U2866,2026-01-22,PC,3,2,1
U2866,2026-01-23,PC,2,0,1
U2866,2026-01-24,Mobile,5,3,2
U2866,2026-01-25,PC,4,0,0
U2866,2026-01-26,PC,1,0,1
U2866,2026-01-27,PC,5,3,1
U2866,2026-01-28,Mobile,2,0,1
U2867,2026-01-15,Mobile,1,0,1
U2867,2026-01-16,PC,1,0,0
U2867,2026-01-18,Mobile,1,1,0
U2867,2026-01-19,Mobile,5,0,1
U2867,2026-01-22,PC,3,0,3
U2867,2026-01-23,Mobile,4,0,2
U2867,2026-01-24,PC,5,0,4
U2867,2026-01-25,Mobile,1,0,1
U2867,2026-01-26,Mobile,4,0,2
U2867,2026-01-27,Mobile,1,0,1
U2867,2026-01-28,Mobile,2,0,1
U2868,2026-01-15,Mobile,2,0,1
U2868,2026-01-16,Mobile,5,0,0
U2868,2026-01-18,PC,4,1,1
U2868,2026-01-19,Mobile,4,2,2
U2868,2026-01-20,PC,3,2,1
U2868,2026-01-21,PC,2,0,0
U2868,2026-01-22,Mobile,1,1,0
U2868,2026-01-23,PC,2,1,1
U2868,2026-01-24,Mobile,3,1,1
U2868,2026-01-25,Mobile,4,1,1
U2868,2026-01-26,PC,4,0,3
U2868,2026-01-27,Mobile,2,1,1
U2868,2026-01-28,Mobile,5,0,3
U2869,2026-01-15,PC,3,0,0
U2869,2026-01-18,Mobile,1,0,1
U2869,2026-01-19,Mobile,1,0,1
U2869,2026-01-20,PC,4,1,3
U2869,2026-01-21,PC,2,0,1
U2869,2026-01-22,Mobile,5,1,1
U2869,2026-01-23,Mobile,1,1,0
U2869,2026-01-24,Mobile,4,1,1
U2869,2026-01-25,PC,2,0,0
U2869,2026-01-26,PC,5,1,0
U2869,2026-01-27,Mobile,1,0,1
U2869,2026-01-28,Mobile,2,0,0
U2870,2026-01-15,PC,5,3,0
U2870,2026-01-16,PC,2,1,0
U2870,2026-01-17,Mobile,4,1,1
U2870,2026-01-18,PC,4,1,3
U2870,2026-01-19,PC,5,0,0
U2870,2026-01-20,PC,3,0,1
U2870,2026-01-21,Mobile,2,1,0
U2870,2026-01-23,Mobile,4,3,0
U2870,2026-01-24,Mobile,3,1,0
U2870,2026-01-25,Mobile,4,3,1
U2870,2026-01-26,Mobile,2,1,1
U2870,2026-01-28,Mobile,5,4,1
U2871,2026-01-15,PC,3,0,2
U2871,2026-01-16,PC,4,0,3
U2871,2026-01-17,Mobile,1,0,1
U2871,2026-01-18,Mobile,4,0,0
U2871,2026-01-19,PC,1,1,0
U2871,2026-01-20,PC,1,0,0
U2871,2026-01-21,PC,5,1,0
U2871,2026-01-23,Mobile,4,0,0
U2871,2026-01-24,Mobile,5,0,3
U2871,2026-01-25,PC,1,0,0
U2871,2026-01-26,Mobile,2,0,0
U2871,2026-01-27,Mobile,5,0,0
U2871,2026-01-28,PC,5,1,0
U2872,2026-01-15,Mobile,3,1,1
U2872,2026-01-16,Mobile,3,3,0
U2872,2026-01-17,Mobile,4,2,0
U2872,2026-01-19,Mobile,3,0,0
U2872,2026-01-20,Mobile,3,2,0
U2872,2026-01-21,PC,3,0,1
U2872,2026-01-22,Mobile,1,1,0
U2872,2026-01-23,PC,3,2,0
U2872,2026-01-24,Mobile,4,0,0
U2872,2026-01-25,Mobile,5,3,1
U2872,2026-01-26,Mobile,4,2,1
U2872,2026-01-27,PC,1,0,0
U2872,2026-01-28,PC,4,0,0
U2873,2026-01-15,PC,4,0,0
U2873,2026-01-16,PC,2,1,1
U2873,2026-01-17,PC,2,0,0
U2873,2026-01-18,Mobile,2,0,1
U2873,2026-01-19,Mobile,3,0,3
U2873,2026-01-20,PC,1,0,1
U2873,2026-01-21,PC,2,0,2
U2873,2026-01-23,Mobile,5,1,1
U2873,2026-01-24,Mobile,2,0,0
U2873,2026-01-25,Mobile,2,1,1
U2873,2026-01-26,PC,3,0,1
U2873,2026-01-27,PC,5,2,2
U2873,2026-01-28,Mobile,1,0,0
U2874,2026-01-15,Mobile,3,3,0
U2874,2026-01-17,PC,1,1,0
U2874,2026-01-18,Mobile,5,0,0
U2874,2026-01-19,Mobile,4,1,0
U2874,2026-01-21,PC,2,0,0
U2874,2026-01-22,Mobile,5,2,0
U2874,2026-01-23,PC,1,0,1
U2874,2026-01-24,PC,1,0,0
U2874,2026-01-25,Mobile,2,0,0
U2874,2026-01-27,Mobile,5,3,2
U2874,2026-01-28,PC,1,0,1
U2875,2026-01-15,Mobile,5,1,1
U2875,2026-01-16,Mobile,2,0,0
U2875,2026-01-17,Mobile,1,0,0
U2875,2026-01-18,Mobile,5,0,0
U2875,2026-01-20,Mobile,1,0,0
U2875,2026-01-21,PC,3,0,1
U2875,2026-01-22,Mobile,4,0,0
U2875,2026-01-23,PC,5,1,2
U2875,2026-01-24,PC,1,1,0
U2875,2026-01-26,PC,4,0,0
U2875,2026-01-27,PC,5,0,2
U2875,2026-01-28,PC,5,3,1
U2876,2026-01-16,PC,3,3,0
U2876,2026-01-17,PC,5,2,2
U2876,2026-01-18,Mobile,5,1,4
U2876,2026-01-19,Mobile,1,1,0
U2876,2026-01-20,PC,4,1,3
U2876,2026-01-21,Mobile,3,1,0
U2876,2026-01-22,Mobile,5,0,2
U2876,2026-01-23,PC,5,3,2
U2876,2026-01-24,PC,2,0,0
U2876,2026-01-26,Mobile,4,0,0
U2876,2026-01-27,Mobile,4,0,0
U2876,2026-01-28,PC,4,0,0
U2877,2026-01-16,Mobile,2,1,1
U2877,2026-01-17,Mobile,1,0,0
U2877,2026-01-18,PC,2,0,0
U2877,2026-01-20,Mobile,3,0,2
U2877,2026-01-21,Mobile,2,0,1
U2877,2026-01-22,Mobile,1,0,1
U2877,2026-01-23,PC,5,0,0
U2877,2026-01-25,PC,3,0,1
U2877,2026-01-26,Mobile,4,1,3
U2877,2026-01-27,PC,2,0,1
U2877,2026-01-28,Mobile,5,0,2
U2878,2026-01-15,PC,2,1,1
U2878,2026-01-16,Mobile,2,0,2
U2878,2026-01-17,PC,2,0,1
U2878,2026-01-18,Mobile,5,0,1
U2878,2026-01-19,PC,2,0,2
U2878,2026-01-21,Mobile,5,1,0
U2878,2026-01-22,PC,4,2,1
U2878,2026-01-23,PC,3,0,0
U2878,2026-01-25,Mobile,5,2,3
U2878,2026-01-26,Mobile,2,1,1
U2878,2026-01-27,PC,5,4,1
U2878,2026-01-28,Mobile,5,2,2
U2879,2026-01-15,PC,1,0,0
U2879,2026-01-16,PC,3,2,0
U2879,2026-01-18,PC,3,1,0
U2879,2026-01-19,PC,4,0,0
U2879,2026-01-20,Mobile,5,1,2
U2879,2026-01-21,Mobile,5,2,1
U2879,2026-01-22,Mobile,3,0,0
U2879,2026-01-24,Mobile,1,0,0
U2879,2026-01-25,PC,3,0,0
U2879,2026-01-27,Mobile,1,0,0
U2879,2026-01-28,PC,3,1,0
U2880,2026-01-15,PC,1,0,1
U2880,2026-01-16,PC,2,1,1
U2880,2026-01-17,PC,4,2,1
U2880,2026-01-18,Mobile,2,1,1
U2880,2026-01-19,PC,1,1,0
U2880,2026-01-20,Mobile,5,0,5
U2880,2026-01-21,Mobile,3,1,0
U2880,2026-01-22,Mobile,5,1,2
U2880,2026-01-23,PC,1,0,0
U2880,2026-01-24,Mobile,2,0,0
U2880,2026-01-25,Mobile,2,0,2
U2880,2026-01-26,PC,2,1,0
U2880,2026-01-27,Mobile,4,2,2
U2880,2026-01-28,Mobile,1,1,0
U2881,2026-01-15,PC,1,1,0
U2881,2026-01-16,Mobile,2,0,0
U2881,2026-01-17,PC,2,1,0
U2881,2026-01-18,PC,2,0,2
U2881,2026-01-19,Mobile,3,2,1
U2881,2026-01-20,Mobile,2,2,0
U2881,2026-01-21,PC,1,0,1
U2881,2026-01-23,Mobile,1,0,0
U2881,2026-01-24,Mobile,1,0,1
U2881,2026-01-25,Mobile,4,1,0
U2881,2026-01-26,PC,5,3,1
U2881,2026-01-27,Mobile,2,0,0
U2881,2026-01-28,Mobile,2,0,2
U2882,2026-01-15,Mobile,5,1,3
U2882,2026-01-16,Mobile,1,0,1
U2882,2026-01-18,PC,4,0,4
U2882,2026-01-19,Mobile,1,0,0
U2882,2026-01-20,Mobile,3,2,1
U2882,2026-01-21,PC,3,1,0
U2882,2026-01-23,PC,1,0,1
U2882,2026-01-24,Mobile,2,0,1
U2882,2026-01-25,PC,4,0,2
U2882,2026-01-26,Mobile,3,0,0
U2882,2026-01-27,PC,2,1,1
U2882,2026-01-28,PC,1,0,1
U2883,2026-01-15,Mobile,1,0,0
U2883,2026-01-17,Mobile,3,0,2
U2883,2026-01-18,Mobile,2,1,1
U2883,2026-01-19,Mobile,4,3,0
U2883,2026-01-20,Mobile,3,0,1
U2883,2026-01-21,PC,4,0,1
U2883,2026-01-22,Mobile,3,0,0
U2883,2026-01-23,PC,5,2,2
U2883,2026-01-24,PC,5,1,2
U2883,2026-01-25,Mobile,5,2,2
U2883,2026-01-27,Mobile,4,2,2
U2883,2026-01-28,PC,3,0,1
U2884,2026-01-15,PC,3,0,1
U2884,2026-01-16,PC,4,3,1
U2884,2026-01-17,Mobile,2,0,0
U2884,2026-01-18,PC,1,0,1
U2884,2026-01-19,PC,1,0,0
U2884,2026-01-20,Mobile,2,0,0
U2884,2026-01-21,Mobile,2,0,0
U2884,2026-01-22,Mobile,5,3,1
U2884,2026-01-23,Mobile,1,0,0
U2884,2026-01-24,PC,4,0,1
U2884,2026-01-28,PC,3,1,0
U2885,2026-01-15,Mobile,3,0,1
U2885,2026-01-16,PC,2,0,0
U2885,2026-01-17,PC,1,0,0
U2885,2026-01-18,PC,3,1,1
U2885,2026-01-20,PC,4,1,0
U2885,2026-01-21,Mobile,2,0,1
U2885,2026-01-22,Mobile,2,1,0
U2885,2026-01-23,PC,1,0,0
U2885,2026-01-24,PC,4,1,2
U2885,2026-01-25,Mobile,2,1,1
U2885,2026-01-26,PC,2,2,0
U2885,2026-01-27,Mobile,3,0,0
U2885,2026-01-28,Mobile,5,1,3
U2886,2026-01-15,Mobile,1,0,1
U2886,2026-01-16,Mobile,1,0,1
U2886,2026-01-17,PC,3,0,0
U2886,2026-01-18,PC,4,0,2
U2886,2026-01-19,Mobile,3,1,1
U2886,2026-01-20,Mobile,2,0,0
U2886,2026-01-21,PC,3,0,2
U2886,2026-01-24,Mobile,1,0,1
U2886,2026-01-25,PC,1,0,1
U2886,2026-01-26,Mobile,4,2,2
U2886,2026-01-27,Mobile,5,1,1
U2886,2026-01-28,Mobile,4,0,0
U2887,2026-01-15,Mobile,1,0,0
U2887,2026-01-16,PC,3,0,3
U2887,2026-01-17,PC,2,1,1
U2887,2026-01-18,PC,2,0,0
U2887,2026-01-19,Mobile,3,0,1
U2887,2026-01-20,Mobile,5,2,1
U2887,2026-01-21,PC,4,2,2
U2887,2026-01-22,PC,5,0,0
U2887,2026-01-23,Mobile,2,0,1
U2887,2026-01-24,Mobile,2,1,0
U2887,2026-01-25,Mobile,4,1,3
U2887,2026-01-26,PC,5,1,1
U2887,2026-01-27,PC,2,1,0
U2887,2026-01-28,PC,4,1,1
U2888,2026-01-15,PC,4,1,2
U2888,2026-01-16,Mobile,4,0,4
U2888,2026-01-17,PC,4,1,2
U2888,2026-01-18,Mobile,3,0,1
U2888,2026-01-19,Mobile,4,1,1
U2888,2026-01-20,PC,1,0,0
U2888,2026-01-21,Mobile,1,1,0
U2888,2026-01-22,PC,5,2,3
U2888,2026-01-23,PC,3,0,3
U2888,2026-01-24,Mobile,5,0,4
U2888,2026-01-25,Mobile,4,0,0
U2888,2026-01-26,Mobile,2,0,1
U2888,2026-01-27,PC,1,0,0
U2888,2026-01-28,PC,2,0,0
U2889,2026-01-15,PC,1,0,0
U2889,2026-01-16,PC,1,0,0
U2889,2026-01-17,Mobile,4,2,2
U2889,2026-01-18,Mobile,3,1,0
U2889,2026-01-19,PC,1,0,0
U2889,2026-01-20,PC,3,0,0
U2889,2026-01-21,PC,2,1,1
U2889,2026-01-22,Mobile,5,0,0
U2889,2026-01-23,PC,3,0,1
U2889,2026-01-24,PC,5,0,0
U2889,2026-01-25,PC,5,3,2
U2889,2026-01-26,Mobile,5,3,2
U2889,2026-01-27,PC,4,1,0
U2889,2026-01-28,Mobile,1,0,0
U2890,2026-01-15,PC,1,0,1
U2890,2026-01-16,Mobile,4,1,3
U2890,2026-01-17,PC,1,1,0
U2890,2026-01-19,PC,4,0,0
U2890,2026-01-21,PC,1,1,0
U2890,2026-01-22,PC,1,1,0
U2890,2026-01-23,PC,1,0,0
U2890,2026-01-25,Mobile,1,0,0
U2890,2026-01-27,Mobile,2,0,0
U2890,2026-01-28,Mobile,4,2,1
U2891,2026-01-15,PC,2,1,1
U2891,2026-01-16,Mobile,5,3,1
U2891,2026-01-17,Mobile,1,0,0
U2891,2026-01-18,Mobile,5,1,2
U2891,2026-01-21,PC,1,0,0
U2891,2026-01-22,Mobile,2,2,0
U2891,2026-01-23,PC,2,0,0
U2891,2026-01-24,Mobile,4,0,0
U2891,2026-01-25,Mobile,1,0,0
U2891,2026-01-27,PC,1,0,0
U2892,2026-01-15,Mobile,3,0,1
U2892,2026-01-16,Mobile,5,1,0
U2892,2026-01-17,PC,3,1,0
U2892,2026-01-18,Mobile,5,2,1
U2892,2026-01-19,PC,5,0,1
U2892,2026-01-20,Mobile,1,0,0
U2892,2026-01-22,Mobile,4,2,0
U2892,2026-01-23,Mobile,4,1,2
U2892,2026-01-24,Mobile,3,2,0
U2892,2026-01-25,Mobile,1,1,0
U2892,2026-01-26,Mobile,2,0,1
U2892,2026-01-28,Mobile,1,0,1
U2893,2026-01-15,Mobile,5,0,2
U2893,2026-01-16,Mobile,5,2,2
U2893,2026-01-17,PC,1,0,0
U2893,2026-01-18,PC,3,0,0
U2893,2026-01-19,PC,5,0,0
U2893,2026-01-20,Mobile,1,0,0
U2893,2026-01-21,PC,3,1,0
U2893,2026-01-22,Mobile,2,1,1
U2893,2026-01-23,PC,4,2,1
U2893,2026-01-24,Mobile,1,0,0
U2893,2026-01-25,Mobile,4,0,0
U2893,2026-01-26,PC,1,0,1
U2893,2026-01-27,Mobile,5,0,0
U2893,2026-01-28,PC,5,0,1
U2894,2026-01-15,PC,2,0,0
U2894,2026-01-16,PC,3,0,0
U2894,2026-01-17,Mobile,3,1,0
U2894,2026-01-18,Mobile,4,2,1
U2894,2026-01-19,Mobile,2,0,1
U2894,2026-01-20,Mobile,2,1,1
U2894,2026-01-22,Mobile,1,0,1
U2894,2026-01-23,Mobile,2,0,0
U2894,2026-01-24,Mobile,1,1,0
U2894,2026-01-25,Mobile,4,2,2
U2894,2026-01-26,PC,3,1,1
U2894,2026-01-27,Mobile,1,0,0
U2894,2026-01-28,PC,2,0,0
U2895,2026-01-15,PC,5,0,3
U2895,2026-01-16,PC,3,0,3
U2895,2026-01-17,Mobile,2,0,2
U2895,2026-01-18,Mobile,1,0,0
U2895,2026-01-19,PC,3,1,2
U2895,2026-01-20,Mobile,5,0,1
U2895,2026-01-21,Mobile,2,1,1
U2895,2026-01-22,Mobile,2,0,0
U2895,2026-01-23,Mobile,1,0,0
U2895,2026-01-24,PC,4,0,0
U2895,2026-01-25,Mobile,5,0,1
U2895,2026-01-26,Mobile,5,1,3
U2895,2026-01-27,PC,5,1,0
U2895,2026-01-28,PC,1,0,0
U2896,2026-01-15,PC,3,0,0
U2896,2026-01-16,PC,3,0,1
U2896,2026-01-17,Mobile,4,2,1
U2896,2026-01-18,Mobile,1,1,0
U2896,2026-01-19,PC,4,1,2
U2896,2026-01-20,PC,5,3,0
U2896,2026-01-21,Mobile,1,0,0
U2896,2026-01-22,Mobile,1,0,0
U2896,2026-01-23,Mobile,4,1,1
U2896,2026-01-24,Mobile,5,1,0
U2896,2026-01-25,PC,5,4,1
U2896,2026-01-26,PC,5,2,1
U2896,2026-01-27,PC,4,2,2
U2896,2026-01-28,PC,3,1,0
U2897,2026-01-15,Mobile,2,1,1
U2897,2026-01-16,PC,2,1,0
U2897,2026-01-17,PC,3,0,0
U2897,2026-01-18,PC,2,0,0
U2897,2026-01-19,PC,5,0,4
U2897,2026-01-21,Mobile,2,0,0
U2897,2026-01-22,PC,5,0,0
U2897,2026-01-23,Mobile,4,4,0
U2897,2026-01-24,PC,5,3,2
U2897,2026-01-25,PC,4,0,1
U2897,2026-01-26,Mobile,1,0,0
U2897,2026-01-27,PC,5,2,2
U2897,2026-01-28,Mobile,2,1,1
U2898,2026-01-15,Mobile,4,1,0
U2898,2026-01-16,Mobile,3,0,0
U2898,2026-01-17,PC,4,0,0
U2898,2026-01-18,PC,3,3,0
U2898,2026-01-19,PC,4,0,0
U2898,2026-01-20,PC,5,1,1
U2898,2026-01-21,Mobile,2,0,0
U2898,2026-01-22,PC,5,0,0
U2898,2026-01-23,PC,4,1,0
U2898,2026-01-24,PC,3,3,0
U2898,2026-01-25,PC,2,1,0
U2898,2026-01-26,PC,2,0,0
U2898,2026-01-27,Mobile,4,0,2
U2898,2026-01-28,PC,4,1,3
U2899,2026-01-15,PC,1,0,1
U2899,2026-01-16,Mobile,5,0,0
U2899,2026-01-17,Mobile,4,0,1
U2899,2026-01-18,PC,4,1,0
U2899,2026-01-19,PC,5,0,2
U2899,2026-01-20,Mobile,2,0,0
U2899,2026-01-21,Mobile,4,0,1
U2899,2026-01-23,Mobile,4,0,0
U2899,2026-01-24,Mobile,5,2,2
U2899,2026-01-25,Mobile,5,0,1
U2899,2026-01-26,PC,2,0,0
U2899,2026-01-27,Mobile,3,0,1
U2899,2026-01-28,Mobile,5,0,2
U2900,2026-01-15,Mobile,3,0,0
U2900,2026-01-16,PC,1,0,1
U2900,2026-01-17,PC,2,0,0
U2900,2026-01-18,PC,5,0,1
U2900,2026-01-19,Mobile,5,0,3
U2900,2026-01-21,Mobile,3,0,0
U2900,2026-01-22,Mobile,4,1,1
U2900,2026-01-23,PC,2,1,1
U2900,2026-01-24,PC,5,0,0
U2900,2026-01-25,Mobile,2,0,0
U2900,2026-01-26,Mobile,5,1,4
U2900,2026-01-27,Mobile,1,0,0
U2900,2026-01-28,Mobile,4,0,2
U2901,2026-01-15,Mobile,3,0,0
U2901,2026-01-16,PC,1,0,0
U2901,2026-01-17,Mobile,3,1,2
U2901,2026-01-18,Mobile,2,2,0
U2901,2026-01-19,PC,4,3,0
U2901,2026-01-20,Mobile,2,0,1
U2901,2026-01-21,Mobile,4,1,1
U2901,2026-01-22,Mobile,3,0,0
U2901,2026-01-23,Mobile,2,0,0
U2901,2026-01-24,Mobile,2,0,2
U2901,2026-01-25,PC,1,0,0
U2901,2026-01-26,PC,5,0,2
U2901,2026-01-27,Mobile,2,1,0
U2901,2026-01-28,PC,1,0,0
U2902,2026-01-15,Mobile,3,0,1
U2902,2026-01-16,Mobile,3,2,1
U2902,2026-01-17,Mobile,3,0,0
U2902,2026-01-18,PC,4,0,3
U2902,2026-01-19,Mobile,1,1,0
U2902,2026-01-20,Mobile,3,1,1
U2902,2026-01-21,Mobile,3,0,0
U2902,2026-01-22,Mobile,3,2,0
U2902,2026-01-23,PC,4,1,2
U2902,2026-01-24,Mobile,2,0,2
U2902,2026-01-25,PC,4,1,3
U2902,2026-01-26,PC,4,0,1
U2902,2026-01-27,Mobile,2,1,1
U2902,2026-01-28,Mobile,1,0,1
U2903,2026-01-15,Mobile,2,1,0
U2903,2026-01-16,PC,3,0,1
U2903,2026-01-17,Mobile,3,0,0
U2903,2026-01-18,PC,4,0,0
U2903,2026-01-19,PC,3,1,0
U2903,2026-01-21,Mobile,1,1,0
U2903,2026-01-22,PC,1,0,1
U2903,2026-01-23,Mobile,1,0,0
U2903,2026-01-24,Mobile,1,1,0
U2903,2026-01-25,Mobile,2,1,0
U2903,2026-01-26,Mobile,3,0,1
U2903,2026-01-27,PC,4,0,0
U2904,2026-01-15,Mobile,4,2,2
U2904,2026-01-16,Mobile,2,0,1
U2904,2026-01-17,PC,3,0,1
U2904,2026-01-18,Mobile,3,0,1
U2904,2026-01-19,PC,3,0,1
U2904,2026-01-20,Mobile,3,0,0
U2904,2026-01-22,PC,2,0,1
U2904,2026-01-23,PC,5,1,4
U2904,2026-01-24,PC,2,0,1
U2904,2026-01-25,PC,3,0,3
U2904,2026-01-26,Mobile,3,0,2
U2904,2026-01-27,Mobile,5,1,2
U2904,2026-01-28,PC,1,0,0
U2905,2026-01-15,Mobile,5,0,1
U2905,2026-01-16,Mobile,1,0,0
U2905,2026-01-17,PC,5,1,1
U2905,2026-01-18,Mobile,3,2,1
U2905,2026-01-20,PC,1,0,0
U2905,2026-01-21,PC,4,0,0
U2905,2026-01-22,PC,2,0,1
U2905,2026-01-23,Mobile,1,0,1
U2905,2026-01-24,PC,2,1,0
U2905,2026-01-25,Mobile,2,1,0
U2905,2026-01-26,PC,5,1,4
U2905,2026-01-27,Mobile,4,2,2
U2905,2026-01-28,Mobile,2,0,0
U2906,2026-01-15,Mobile,3,1,1
U2906,2026-01-16,PC,3,1,2
U2906,2026-01-17,PC,2,0,0
U2906,2026-01-19,Mobile,2,0,0
U2906,2026-01-20,PC,5,0,4
U2906,2026-01-22,Mobile,4,1,2
U2906,2026-01-23,Mobile,2,2,0
U2906,2026-01-24,Mobile,5,1,1
U2906,2026-01-25,Mobile,5,1,2
U2906,2026-01-26,PC,2,0,2
U2906,2026-01-27,Mobile,2,1,1
U2906,2026-01-28,Mobile,3,1,1
U2907,2026-01-15,Mobile,1,0,0
U2907,2026-01-16,Mobile,5,1,2
U2907,2026-01-17,Mobile,3,1,1
U2907,2026-01-20,Mobile,2,0,0
U2907,2026-01-21,Mobile,5,0,0
U2907,2026-01-22,Mobile,3,0,2
U2907,2026-01-23,Mobile,2,1,0
U2907,2026-01-25,PC,1,0,1
U2907,2026-01-26,Mobile,4,2,1
U2907,2026-01-27,Mobile,5,1,2
U2907,2026-01-28,PC,4,0,2
U2908,2026-01-15,Mobile,5,0,1
U2908,2026-01-16,Mobile,3,1,0
U2908,2026-01-17,Mobile,3,0,0
U2908,2026-01-18,PC,1,0,0
U2908,2026-01-19,Mobile,3,1,1
U2908,2026-01-20,PC,1,0,1
U2908,2026-01-21,PC,5,0,2
U2908,2026-01-22,Mobile,3,0,3
U2908,2026-01-23,PC,2,0,2
U2908,2026-01-24,PC,4,0,3
U2908,2026-01-25,PC,3,0,1
U2908,2026-01-26,Mobile,2,0,0
U2908,2026-01-28,Mobile,2,0,2
U2909,2026-01-15,PC,4,0,1
U2909,2026-01-16,Mobile,4,0,0
U2909,2026-01-17,PC,5,4,0
U2909,2026-01-18,PC,4,1,1
U2909,2026-01-20,Mobile,3,0,1
U2909,2026-01-21,Mobile,2,2,0
U2909,2026-01-22,Mobile,4,0,1
U2909,2026-01-23,Mobile,5,2,0
U2909,2026-01-24,Mobile,3,2,1
U2909,2026-01-25,PC,1,0,1
U2909,2026-01-26,Mobile,5,2,1
U2909,2026-01-27,PC,5,2,3
U2909,2026-01-28,Mobile,1,0,0
U2910,2026-01-15,PC,4,1,3
U2910,2026-01-16,PC,4,1,0
U2910,2026-01-17,Mobile,2,0,2
U2910,2026-01-18,PC,2,0,0
U2910,2026-01-19,Mobile,3,0,0
U2910,2026-01-20,PC,3,1,1
U2910,2026-01-21,PC,2,2,0
U2910,2026-01-22,Mobile,3,1,2
U2910,2026-01-23,Mobile,2,1,0
U2910,2026-01-24,Mobile,4,2,1
U2910,2026-01-25,PC,5,4,0
U2910,2026-01-26,PC,5,0,2
U2910,2026-01-27,PC,2,0,0
U2910,2026-01-28,PC,2,0,0
U2911,2026-01-15,Mobile,5,1,2
U2911,2026-01-17,Mobile,2,1,0
U2911,2026-01-19,PC,3,0,0
U2911,2026-01-20,PC,4,1,2
U2911,2026-01-21,Mobile,3,1,0
U2911,2026-01-22,PC,5,0,0
U2911,2026-01-23,Mobile,4,2,0
U2911,2026-01-24,Mobile,5,4,1
U2911,2026-01-25,Mobile,5,1,0
U2911,2026-01-26,Mobile,4,1,0
U2911,2026-01-27,PC,3,1,2
U2911,2026-01-28,Mobile,2,0,0
U2912,2026-01-15,PC,2,0,2
U2912,2026-01-16,Mobile,5,0,2
U2912,2026-01-17,Mobile,5,0,4
U2912,2026-01-18,Mobile,4,1,1
U2912,2026-01-20,PC,5,0,3
U2912,2026-01-21,PC,1,1,0
U2912,2026-01-22,PC,2,0,2
U2912,2026-01-23,PC,4,2,1
U2912,2026-01-24,PC,3,0,0
U2912,2026-01-25,Mobile,3,0,2
U2912,2026-01-26,PC,5,3,1
U2912,2026-01-27,Mobile,2,0,1
U2912,2026-01-28,PC,1,0,1
U2913,2026-01-15,PC,2,0,2
U2913,2026-01-16,Mobile,2,0,2
U2913,2026-01-17,PC,1,1,0
U2913,2026-01-18,PC,1,0,0
U2913,2026-01-19,Mobile,4,0,0
U2913,2026-01-20,PC,4,0,3
U2913,2026-01-21,Mobile,1,0,0
U2913,2026-01-22,PC,1,0,0
U2913,2026-01-23,Mobile,3,1,0
U2913,2026-01-24,Mobile,3,0,2
U2913,2026-01-25,PC,3,1,1
U2913,2026-01-26,PC,5,3,2
U2913,2026-01-27,PC,2,0,1
U2914,2026-01-15,PC,4,1,0
U2914,2026-01-16,Mobile,1,1,0
U2914,2026-01-17,Mobile,4,2,2
U2914,2026-01-18,PC,1,0,0
U2914,2026-01-19,Mobile,1,0,1
U2914,2026-01-20,Mobile,5,1,1
U2914,2026-01-21,Mobile,3,1,0
U2914,2026-01-22,Mobile,2,2,0
U2914,2026-01-23,Mobile,5,3,1
U2914,2026-01-24,PC,1,1,0
U2914,2026-01-25,PC,1,0,0
U2914,2026-01-26,Mobile,3,0,0
U2914,2026-01-27,Mobile,4,0,1
U2914,2026-01-28,Mobile,3,1,1
U2915,2026-01-15,Mobile,5,0,3
U2915,2026-01-16,Mobile,5,1,0
U2915,2026-01-17,Mobile,3,0,0
U2915,2026-01-18,Mobile,4,1,2
U2915,2026-01-19,Mobile,1,1,0
U2915,2026-01-21,Mobile,4,0,1
U2915,2026-01-23,Mobile,4,1,2
U2915,2026-01-24,PC,3,0,0
U2915,2026-01-25,PC,1,0,0
U2915,2026-01-26,Mobile,1,0,1
U2915,2026-01-27,PC,3,2,0
U2915,2026-01-28,Mobile,4,0,0
U2916,2026-01-15,Mobile,5,0,1
U2916,2026-01-16,PC,2,1,1
U2916,2026-01-17,PC,5,0,1
U2916,2026-01-18,PC,5,0,0
U2916,2026-01-20,PC,5,0,1
U2916,2026-01-21,Mobile,5,1,2
U2916,2026-01-22,PC,2,0,1
U2916,2026-01-24,Mobile,5,0,1
U2916,2026-01-25,Mobile,1,0,0
U2916,2026-01-26,Mobile,1,0,1
U2916,2026-01-28,PC,4,2,2
U2917,2026-01-15,Mobile,4,0,4
U2917,2026-01-16,Mobile,4,0,1
U2917,2026-01-17,Mobile,4,0,0
U2917,2026-01-18,Mobile,3,0,2
U2917,2026-01-19,Mobile,1,0,1
U2917,2026-01-21,PC,1,1,0
U2917,2026-01-23,Mobile,2,2,0
U2917,2026-01-24,Mobile,1,0,0
U2917,2026-01-25,PC,2,1,1
U2917,2026-01-26,Mobile,1,0,1
U2917,2026-01-27,Mobile,1,0,1
U2917,2026-01-28,PC,1,0,1
U2918,2026-01-15,Mobile,4,0,1
U2918,2026-01-16,Mobile,1,0,0
U2918,2026-01-17,PC,5,2,3
U2918,2026-01-19,Mobile,4,0,1
U2918,2026-01-20,PC,5,5,0
U2918,2026-01-21,Mobile,4,1,1
U2918,2026-01-22,Mobile,3,0,0
U2918,2026-01-23,PC,5,2,1
U2918,2026-01-24,Mobile,1,0,1
U2918,2026-01-25,Mobile,1,0,0
U2918,2026-01-26,PC,2,1,0
U2918,2026-01-27,Mobile,4,0,0
U2918,2026-01-28,Mobile,3,2,1
U2919,2026-01-15,PC,3,1,0
U2919,2026-01-16,Mobile,1,0,0
U2919,2026-01-17,PC,4,4,0
U2919,2026-01-18,Mobile,2,2,0
U2919,2026-01-19,Mobile,3,2,1
U2919,2026-01-20,Mobile,2,0,2
U2919,2026-01-22,Mobile,3,1,0
U2919,2026-01-23,Mobile,2,1,1
U2919,2026-01-24,Mobile,1,1,0
U2919,2026-01-25,Mobile,3,0,1
U2919,2026-01-26,PC,3,1,2
U2919,2026-01-27,Mobile,4,0,1
U2920,2026-01-15,Mobile,3,0,0
U2920,2026-01-16,Mobile,2,0,0
U2920,2026-01-17,Mobile,4,3,0
U2920,2026-01-18,PC,5,0,3
U2920,2026-01-19,Mobile,2,1,0
U2920,2026-01-20,Mobile,2,0,1
U2920,2026-01-21,Mobile,5,1,2
U2920,2026-01-22,PC,5,1,0
U2920,2026-01-23,Mobile,4,3,1
U2920,2026-01-24,Mobile,5,1,2
U2920,2026-01-25,PC,4,2,1
U2920,2026-01-26,Mobile,4,2,2
U2920,2026-01-27,Mobile,5,0,1
U2920,2026-01-28,PC,1,0,0
U2921,2026-01-15,Mobile,2,0,0
U2921,2026-01-16,Mobile,2,0,0
U2921,2026-01-17,Mobile,4,0,3
U2921,2026-01-18,PC,2,0,0
U2921,2026-01-19,PC,5,0,3
U2921,2026-01-20,PC,5,2,2
U2921,2026-01-21,Mobile,5,1,3
U2921,2026-01-23,Mobile,2,2,0
U2921,2026-01-24,PC,5,1,3
U2921,2026-01-25,Mobile,1,0,0
U2921,2026-01-26,PC,1,1,0
U2921,2026-01-28,Mobile,4,1,2
U2922,2026-01-15,PC,2,1,0
U2922,2026-01-16,Mobile,5,0,4
U2922,2026-01-17,PC,4,0,0
U2922,2026-01-18,Mobile,1,0,0
U2922,2026-01-19,PC,3,0,0
U2922,2026-01-20,PC,2,1,0
U2922,2026-01-21,PC,3,1,2
U2922,2026-01-22,Mobile,3,0,1
U2922,2026-01-23,PC,4,0,0
U2922,2026-01-24,Mobile,3,1,1
U2922,2026-01-26,PC,3,0,0
U2922,2026-01-27,PC,5,2,0
U2922,2026-01-28,Mobile,5,0,1
U2923,2026-01-15,PC,3,0,0
U2923,2026-01-16,PC,3,0,1
U2923,2026-01-17,PC,3,1,0
U2923,2026-01-19,PC,1,0,0
U2923,2026-01-20,Mobile,3,1,2
U2923,2026-01-21,Mobile,4,1,1
U2923,2026-01-22,Mobile,1,0,0
U2923,2026-01-25,Mobile,5,0,1
U2923,2026-01-26,PC,4,1,2
U2923,2026-01-27,Mobile,4,1,0
U2923,2026-01-28,PC,2,0,1
U2924,2026-01-15,Mobile,1,0,0
U2924,2026-01-16,PC,3,0,2
U2924,2026-01-17,PC,4,1,0
U2924,2026-01-18,PC,4,2,1
U2924,2026-01-19,Mobile,3,2,0
U2924,2026-01-22,Mobile,5,0,0
U2924,2026-01-23,Mobile,5,2,0
U2924,2026-01-24,Mobile,1,1,0
U2924,2026-01-25,PC,4,0,0
U2924,2026-01-26,PC,4,1,2
U2924,2026-01-27,Mobile,5,1,1
U2924,2026-01-28,PC,1,0,1
U2925,2026-01-17,PC,4,0,1
U2925,2026-01-18,PC,5,1,2
U2925,2026-01-19,PC,4,0,1
U2925,2026-01-20,PC,2,1,1
U2925,2026-01-21,PC,4,0,3
U2925,2026-01-22,PC,3,2,1
U2925,2026-01-23,Mobile,1,0,0
U2925,2026-01-24,Mobile,2,0,2
U2925,2026-01-25,PC,2,1,1
U2925,2026-01-26,PC,4,2,0
U2925,2026-01-27,Mobile,2,1,1
U2925,2026-01-28,Mobile,2,1,0
U2926,2026-01-15,Mobile,3,1,0
U2926,2026-01-16,Mobile,4,1,1
U2926,2026-01-17,PC,2,0,2
U2926,2026-01-18,Mobile,2,1,1
U2926,2026-01-19,Mobile,4,0,1
U2926,2026-01-20,Mobile,1,0,0
U2926,2026-01-21,PC,2,1,0
U2926,2026-01-22,PC,3,1,2
U2926,2026-01-23,PC,4,0,2
U2926,2026-01-25,Mobile,1,0,0
U2926,2026-01-26,PC,1,0,0
U2926,2026-01-27,Mobile,3,0,2
U2927,2026-01-16,PC,3,1,1
U2927,2026-01-17,Mobile,2,2,0
U2927,2026-01-18,Mobile,3,1,1
U2927,2026-01-19,Mobile,1,0,0
U2927,2026-01-20,Mobile,3,0,2
U2927,2026-01-21,Mobile,4,0,3
U2927,2026-01-22,PC,5,1,3
U2927,2026-01-23,Mobile,4,2,1
U2927,2026-01-24,PC,4,2,2
U2927,2026-01-25,Mobile,3,1,0
U2927,2026-01-26,Mobile,5,0,2
U2927,2026-01-27,Mobile,2,0,1
U2927,2026-01-28,Mobile,3,0,2
U2928,2026-01-15,Mobile,2,0,2
U2928,2026-01-16,PC,4,3,1
U2928,2026-01-17,Mobile,4,0,1
U2928,2026-01-18,PC,4,1,0
U2928,2026-01-19,PC,3,0,1
U2928,2026-01-20,PC,1,1,0
U2928,2026-01-21,Mobile,2,0,0
U2928,2026-01-22,PC,4,1,2
U2928,2026-01-24,PC,4,1,2
U2928,2026-01-25,PC,4,2,0
U2928,2026-01-26,Mobile,2,1,1
U2928,2026-01-27,Mobile,2,0,0
U2928,2026-01-28,PC,3,1,0
U2929,2026-01-15,Mobile,3,0,1
U2929,2026-01-16,Mobile,4,0,0
U2929,2026-01-17,PC,5,1,0
U2929,2026-01-18,Mobile,3,1,2
U2929,2026-01-20,Mobile,4,2,2
U2929,2026-01-21,PC,2,0,0
U2929,2026-01-22,PC,1,1,0
U2929,2026-01-23,Mobile,4,1,3
U2929,2026-01-24,Mobile,5,0,0
U2929,2026-01-25,PC,2,1,0
U2929,2026-01-26,PC,3,1,1
U2929,2026-01-27,Mobile,5,1,4
U2929,2026-01-28,PC,2,0,2
U2930,2026-01-15,Mobile,5,0,3
U2930,2026-01-16,Mobile,3,0,3
U2930,2026-01-17,PC,1,0,1
U2930,2026-01-18,Mobile,5,0,2
U2930,2026-01-19,Mobile,1,0,0
U2930,2026-01-20,Mobile,2,0,2
U2930,2026-01-21,Mobile,5,1,4
U2930,2026-01-22,PC,5,0,1
U2930,2026-01-23,Mobile,2,1,0
U2930,2026-01-24,Mobile,1,1,0
U2930,2026-01-25,Mobile,3,0,3
U2930,2026-01-26,PC,2,0,1
U2930,2026-01-27,Mobile,2,0,0
U2930,2026-01-28,Mobile,2,0,2
U2931,2026-01-15,PC,3,1,1
U2931,2026-01-16,PC,4,0,0
U2931,2026-01-17,Mobile,2,0,2
U2931,2026-01-18,Mobile,1,1,0
U2931,2026-01-19,PC,4,1,0
U2931,2026-01-21,Mobile,3,0,0
U2931,2026-01-22,Mobile,3,0,0
U2931,2026-01-23,Mobile,5,0,0
U2931,2026-01-24,Mobile,2,2,0
U2931,2026-01-25,Mobile,2,1,0
U2931,2026-01-26,Mobile,5,1,0
U2931,2026-01-27,PC,3,1,1
U2931,2026-01-28,Mobile,2,0,1
U2932,2026-01-16,Mobile,2,0,2
U2932,2026-01-17,Mobile,1,0,1
U2932,2026-01-18,Mobile,5,0,1
U2932,2026-01-19,Mobile,1,0,0
U2932,2026-01-20,PC,4,0,1
U2932,2026-01-22,PC,1,0,1
U2932,2026-01-23,Mobile,4,0,1
U2932,2026-01-24,PC,3,0,2
U2932,2026-01-25,PC,2,1,1
U2932,2026-01-26,Mobile,3,0,2
U2932,2026-01-28,Mobile,1,0,0
U2933,2026-01-15,PC,4,1,0
U2933,2026-01-16,PC,1,0,0
U2933,2026-01-17,Mobile,3,0,0
U2933,2026-01-18,Mobile,3,0,2
U2933,2026-01-19,PC,4,0,3
U2933,2026-01-21,PC,1,0,1
U2933,2026-01-22,Mobile,2,0,0
U2933,2026-01-23,PC,2,1,1
U2933,2026-01-24,PC,4,1,2
U2933,2026-01-25,Mobile,1,0,0
U2933,2026-01-26,Mobile,2,1,0
U2933,2026-01-27,Mobile,2,0,0
U2933,2026-01-28,Mobile,2,0,2
U2934,2026-01-15,Mobile,4,0,1
U2934,2026-01-16,Mobile,1,0,0
U2934,2026-01-17,PC,3,0,0
U2934,2026-01-18,Mobile,3,1,0
U2934,2026-01-20,PC,3,0,0
U2934,2026-01-21,Mobile,4,1,2
U2934,2026-01-22,Mobile,5,3,2
U2934,2026-01-23,Mobile,4,2,2
U2934,2026-01-24,Mobile,1,0,0
U2934,2026-01-25,Mobile,4,1,0
U2934,2026-01-26,Mobile,4,2,1
U2934,2026-01-27,PC,4,1,1
U2934,2026-01-28,Mobile,1,1,0
U2935,2026-01-15,Mobile,2,0,2
U2935,2026-01-16,Mobile,4,1,1
U2935,2026-01-17,Mobile,1,0,1
U2935,2026-01-18,Mobile,1,0,1
U2935,2026-01-19,Mobile,2,1,1
U2935,2026-01-20,Mobile,1,0,0
U2935,2026-01-21,Mobile,5,0,0
U2935,2026-01-22,PC,3,0,3
U2935,2026-01-23,Mobile,2,0,1
U2935,2026-01-25,Mobile,4,0,0
U2935,2026-01-26,PC,4,1,3
U2935,2026-01-27,Mobile,3,0,3
U2935,2026-01-28,PC,1,0,1
U2936,2026-01-15,PC,5,1,1
U2936,2026-01-16,PC,3,0,1
U2936,2026-01-17,PC,5,0,0
U2936,2026-01-18,Mobile,4,2,2
U2936,2026-01-19,PC,3,1,1
U2936,2026-01-20,PC,1,0,0
U2936,2026-01-21,PC,1,0,0
U2936,2026-01-22,Mobile,2,2,0
U2936,2026-01-23,Mobile,1,1,0
U2936,2026-01-24,Mobile,1,0,1
U2936,2026-01-25,Mobile,1,0,0
U2936,2026-01-26,Mobile,3,2,0
U2936,2026-01-27,Mobile,4,1,1
U2936,2026-01-28,PC,4,2,1
U2937,2026-01-15,Mobile,3,1,1
U2937,2026-01-16,PC,5,2,3
U2937,2026-01-17,PC,4,1,3
U2937,2026-01-19,Mobile,1,0,1
U2937,2026-01-21,Mobile,1,1,0
U2937,2026-01-22,Mobile,2,0,2
U2937,2026-01-23,Mobile,1,0,1
U2937,2026-01-24,Mobile,3,0,1
U2937,2026-01-25,Mobile,3,0,2
U2937,2026-01-26,PC,4,1,0
U2937,2026-01-27,Mobile,4,0,0
U2937,2026-01-28,PC,1,0,0
U2938,2026-01-15,Mobile,4,2,1
U2938,2026-01-16,Mobile,1,0,0
U2938,2026-01-17,Mobile,1,1,0
U2938,2026-01-18,PC,3,0,2
U2938,2026-01-19,Mobile,3,0,0
U2938,2026-01-20,Mobile,3,0,1
U2938,2026-01-21,PC,5,0,1
U2938,2026-01-22,PC,3,1,2
U2938,2026-01-23,Mobile,3,1,2
U2938,2026-01-24,Mobile,3,1,1
U2938,2026-01-25,Mobile,1,0,0
U2938,2026-01-26,PC,3,0,0
U2938,2026-01-28,Mobile,1,0,1
U2939,2026-01-15,Mobile,2,0,0
U2939,2026-01-16,PC,2,0,1
U2939,2026-01-17,Mobile,2,0,2
U2939,2026-01-18,PC,4,0,1
U2939,2026-01-19,Mobile,4,0,1
U2939,2026-01-20,Mobile,4,0,4
U2939,2026-01-22,Mobile,4,0,1
U2939,2026-01-23,PC,5,2,2
U2939,2026-01-25,Mobile,5,0,1
U2939,2026-01-26,PC,1,0,0
U2939,2026-01-28,PC,3,2,1
U2940,2026-01-15,Mobile,4,0,3
U2940,2026-01-16,PC,3,1,0
U2940,2026-01-17,PC,4,0,2
U2940,2026-01-19,PC,5,0,3
U2940,2026-01-20,Mobile,5,0,5
U2940,2026-01-22,Mobile,2,0,1
U2940,2026-01-23,Mobile,4,0,4
U2940,2026-01-24,Mobile,4,2,1
U2940,2026-01-25,Mobile,1,0,0
U2940,2026-01-26,PC,2,0,1
U2940,2026-01-28,PC,3,1,2
U2941,2026-01-15,PC,3,1,1
U2941,2026-01-16,Mobile,5,0,2
U2941,2026-01-17,PC,3,0,0
U2941,2026-01-18,PC,2,1,0
U2941,2026-01-20,Mobile,1,0,0
U2941,2026-01-22,PC,2,0,2
U2941,2026-01-23,Mobile,1,0,0
U2941,2026-01-24,PC,1,1,0
U2941,2026-01-25,Mobile,4,0,0
U2941,2026-01-26,PC,4,0,0
U2941,2026-01-27,Mobile,4,0,0
U2941,2026-01-28,Mobile,2,0,0
U2942,2026-01-15,Mobile,2,0,1
U2942,2026-01-16,Mobile,3,0,0
U2942,2026-01-17,PC,5,2,2
U2942,2026-01-18,Mobile,2,0,1
U2942,2026-01-19,Mobile,3,0,3
U2942,2026-01-20,PC,2,1,0
U2942,2026-01-22,Mobile,4,1,0
U2942,2026-01-23,PC,2,0,2
U2942,2026-01-24,Mobile,3,0,0
U2942,2026-01-25,Mobile,3,0,1
U2942,2026-01-26,PC,2,1,0
U2942,2026-01-27,Mobile,2,0,0
U2942,2026-01-28,Mobile,5,0,5
U2943,2026-01-15,Mobile,4,0,3
U2943,2026-01-17,Mobile,4,0,3
U2943,2026-01-18,PC,4,1,0
U2943,2026-01-19,Mobile,1,0,0
U2943,2026-01-21,PC,5,3,2
U2943,2026-01-23,PC,2,0,1
U2943,2026-01-24,PC,1,0,0
U2943,2026-01-25,PC,3,1,0
U2943,2026-01-26,Mobile,3,0,1
U2943,2026-01-27,PC,4,1,1
U2943,2026-01-28,Mobile,2,0,0
U2944,2026-01-15,Mobile,3,0,2
U2944,2026-01-16,Mobile,1,0,0
U2944,2026-01-17,Mobile,5,1,3
U2944,2026-01-19,PC,5,0,2
U2944,2026-01-20,Mobile,4,2,0
U2944,2026-01-21,Mobile,4,1,3
U2944,2026-01-22,PC,5,0,0
U2944,2026-01-23,PC,5,0,3
U2944,2026-01-24,PC,3,0,1
U2944,2026-01-25,Mobile,1,0,0
U2944,2026-01-26,Mobile,2,0,2
U2944,2026-01-27,PC,4,2,2
U2945,2026-01-15,PC,5,0,0
U2945,2026-01-16,Mobile,2,1,0
U2945,2026-01-17,Mobile,5,2,3
U2945,2026-01-18,Mobile,5,0,0
U2945,2026-01-19,Mobile,4,2,1
U2945,2026-01-20,PC,4,0,0
U2945,2026-01-21,PC,5,1,3
U2945,2026-01-22,PC,1,1,0
U2945,2026-01-23,Mobile,1,0,1
U2945,2026-01-24,PC,4,1,3
U2945,2026-01-25,Mobile,2,1,1
U2945,2026-01-26,Mobile,5,0,3
U2945,2026-01-27,Mobile,2,0,1
U2945,2026-01-28,PC,2,0,1
U2946,2026-01-15,Mobile,5,0,0
U2946,2026-01-16,Mobile,5,1,4
U2946,2026-01-17,Mobile,4,0,0
U2946,2026-01-18,Mobile,2,0,1
U2946,2026-01-19,PC,1,0,0
U2946,2026-01-20,Mobile,2,0,0
U2946,2026-01-21,PC,1,0,1
U2946,2026-01-22,Mobile,2,0,1
U2946,2026-01-23,Mobile,5,2,0
U2946,2026-01-24,Mobile,4,0,0
U2946,2026-01-27,PC,2,0,1
U2947,2026-01-15,Mobile,2,0,0
U2947,2026-01-16,Mobile,2,0,2
U2947,2026-01-17,Mobile,4,0,1
U2947,2026-01-18,PC,5,1,2
U2947,2026-01-19,Mobile,5,0,2
U2947,2026-01-20,Mobile,4,1,3
U2947,2026-01-21,Mobile,1,0,0
U2947,2026-01-22,PC,2,1,1
U2947,2026-01-23,PC,3,0,0
U2947,2026-01-24,PC,3,0,2
U2947,2026-01-25,Mobile,4,1,3
U2947,2026-01-26,PC,1,0,1
U2947,2026-01-27,Mobile,5,2,2
U2948,2026-01-15,Mobile,5,1,2
U2948,2026-01-17,Mobile,3,0,1
U2948,2026-01-18,Mobile,3,0,1
U2948,2026-01-19,Mobile,4,2,2
U2948,2026-01-20,Mobile,5,1,0
U2948,2026-01-21,PC,1,0,0
U2948,2026-01-22,Mobile,5,1,3
U2948,2026-01-23,Mobile,5,1,0
U2948,2026-01-24,Mobile,2,0,2
U2948,2026-01-25,PC,4,0,1
U2948,2026-01-26,Mobile,3,0,0
U2948,2026-01-27,PC,2,0,1
U2948,2026-01-28,Mobile,1,0,0
U2949,2026-01-15,Mobile,5,0,1
U2949,2026-01-16,Mobile,4,0,1
U2949,2026-01-17,Mobile,1,0,0
U2949,2026-01-18,PC,2,0,1
U2949,2026-01-19,PC,4,1,3
U2949,2026-01-20,PC,2,1,0
U2949,2026-01-21,Mobile,1,0,0
U2949,2026-01-22,Mobile,1,1,0
U2949,2026-01-23,Mobile,5,3,2
U2949,2026-01-26,PC,4,2,2
U2949,2026-01-27,PC,2,0,0
U2949,2026-01-28,Mobile,5,2,2
U2950,2026-01-15,PC,2,0,1
U2950,2026-01-17,Mobile,4,0,0
U2950,2026-01-18,PC,2,0,2
U2950,2026-01-19,Mobile,3,0,0
U2950,2026-01-20,Mobile,2,1,1
U2950,2026-01-21,Mobile,4,0,3
U2950,2026-01-22,Mobile,5,0,0
U2950,2026-01-23,PC,2,0,0
U2950,2026-01-24,PC,5,1,0
U2950,2026-01-25,PC,3,1,2
U2950,2026-01-26,Mobile,5,0,2
U2950,2026-01-28,PC,1,1,0
U2951,2026-01-15,PC,4,1,0
U2951,2026-01-17,Mobile,4,0,0
U2951,2026-01-18,Mobile,5,2,2
U2951,2026-01-19,Mobile,1,0,0
U2951,2026-01-20,Mobile,3,0,3
U2951,2026-01-22,Mobile,4,3,1
U2951,2026-01-23,PC,2,1,0
U2951,2026-01-24,PC,3,0,1
U2951,2026-01-25,PC,2,0,0
U2951,2026-01-26,PC,4,1,1
U2951,2026-01-27,PC,4,0,0
U2951,2026-01-28,PC,4,2,2
U2952,2026-01-15,Mobile,1,0,0
U2952,2026-01-16,PC,1,1,0
U2952,2026-01-17,Mobile,2,0,1
U2952,2026-01-18,PC,1,0,0
U2952,2026-01-19,PC,5,0,1
U2952,2026-01-20,Mobile,3,0,0
U2952,2026-01-21,Mobile,3,3,0
U2952,2026-01-22,Mobile,1,0,1
U2952,2026-01-23,PC,5,2,3
U2952,2026-01-25,Mobile,4,0,2
U2952,2026-01-26,PC,3,1,0
U2952,2026-01-28,Mobile,3,0,0
U2953,2026-01-15,Mobile,1,0,0
U2953,2026-01-17,PC,4,1,0
U2953,2026-01-18,Mobile,3,0,1
U2953,2026-01-19,PC,1,1,0
U2953,2026-01-20,Mobile,1,1,0
U2953,2026-01-21,PC,2,0,0
U2953,2026-01-22,Mobile,4,2,1
U2953,2026-01-23,PC,2,1,1
U2953,2026-01-24,PC,1,0,0
U2953,2026-01-25,Mobile,4,1,1
U2953,2026-01-26,PC,5,0,0
U2953,2026-01-27,Mobile,1,0,1
U2953,2026-01-28,PC,2,1,0
U2954,2026-01-15,Mobile,5,0,2
U2954,2026-01-16,PC,2,1,1
U2954,2026-01-17,PC,5,1,0
U2954,2026-01-18,Mobile,1,0,0
U2954,2026-01-19,Mobile,5,0,0
U2954,2026-01-20,PC,1,0,1
U2954,2026-01-21,Mobile,3,0,0
U2954,2026-01-22,Mobile,3,0,0
U2954,2026-01-23,Mobile,3,1,2
U2954,2026-01-24,Mobile,5,2,3
U2954,2026-01-25,Mobile,4,3,1
U2954,2026-01-26,Mobile,2,0,0
U2954,2026-01-28,Mobile,2,2,0
U2955,2026-01-16,PC,3,1,2
U2955,2026-01-17,PC,3,0,0
U2955,2026-01-18,PC,5,2,2
U2955,2026-01-19,PC,4,0,0
U2955,2026-01-20,Mobile,4,2,1
U2955,2026-01-21,PC,2,0,1
U2955,2026-01-22,PC,1,0,0
U2955,2026-01-23,Mobile,3,0,0
U2955,2026-01-24,Mobile,4,0,0
U2955,2026-01-25,PC,5,2,0
U2955,2026-01-26,Mobile,5,1,2
U2955,2026-01-27,Mobile,4,1,3
U2955,2026-01-28,PC,5,2,2
U2956,2026-01-15,PC,3,0,2
U2956,2026-01-16,Mobile,2,0,2
U2956,2026-01-18,Mobile,4,0,0
U2956,2026-01-19,PC,4,1,2
U2956,2026-01-20,PC,4,0,4
U2956,2026-01-21,Mobile,5,0,0
U2956,2026-01-22,Mobile,1,0,0
U2956,2026-01-23,Mobile,2,1,0
U2956,2026-01-24,Mobile,3,1,2
U2956,2026-01-25,PC,4,0,2
U2956,2026-01-26,Mobile,5,4,1
U2956,2026-01-27,Mobile,2,0,0
U2956,2026-01-28,Mobile,3,0,0
U2957,2026-01-16,PC,3,0,1
U2957,2026-01-17,PC,3,2,0
U2957,2026-01-18,Mobile,2,0,1
U2957,2026-01-19,PC,3,0,2
U2957,2026-01-20,PC,3,1,1
U2957,2026-01-21,PC,2,1,1
U2957,2026-01-23,Mobile,5,3,2
U2957,2026-01-24,Mobile,4,2,1
U2957,2026-01-25,Mobile,2,0,1
U2957,2026-01-26,Mobile,5,0,1
U2957,2026-01-27,Mobile,4,2,2
U2957,2026-01-28,PC,5,2,0
U2958,2026-01-15,Mobile,4,1,0
U2958,2026-01-16,PC,2,0,0
U2958,2026-01-17,PC,5,1,0
U2958,2026-01-18,Mobile,4,1,0
U2958,2026-01-19,Mobile,2,0,1
U2958,2026-01-21,Mobile,1,0,0
U2958,2026-01-22,PC,1,0,0
U2958,2026-01-23,Mobile,5,1,2
U2958,2026-01-24,Mobile,4,3,1
U2958,2026-01-25,Mobile,2,0,0
U2958,2026-01-26,Mobile,1,0,1
U2958,2026-01-27,Mobile,2,1,1
U2958,2026-01-28,PC,1,1,0
U2959,2026-01-15,Mobile,3,0,1
U2959,2026-01-16,Mobile,1,0,0
U2959,2026-01-17,PC,3,1,1
U2959,2026-01-18,Mobile,5,3,0
U2959,2026-01-19,Mobile,1,0,0
U2959,2026-01-20,Mobile,3,0,0
U2959,2026-01-21,Mobile,1,1,0
U2959,2026-01-22,Mobile,1,1,0
U2959,2026-01-23,PC,2,1,0
U2959,2026-01-24,PC,4,0,0
U2959,2026-01-26,PC,4,0,0
U2959,2026-01-27,Mobile,1,0,1
U2960,2026-01-15,Mobile,5,0,5
U2960,2026-01-17,PC,5,0,2
U2960,2026-01-19,Mobile,5,0,2
U2960,2026-01-20,Mobile,2,0,2
U2960,2026-01-21,PC,5,1,4
U2960,2026-01-22,Mobile,5,1,3
U2960,2026-01-23,Mobile,4,0,1
U2960,2026-01-24,Mobile,5,1,2
U2960,2026-01-25,Mobile,1,0,0
U2960,2026-01-26,PC,2,0,1
U2960,2026-01-27,Mobile,2,0,0
U2960,2026-01-28,PC,5,1,1
U2961,2026-01-15,PC,4,1,1
U2961,2026-01-16,Mobile,2,0,0
U2961,2026-01-17,Mobile,5,2,0
U2961,2026-01-18,PC,3,0,0
U2961,2026-01-19,Mobile,4,3,0
U2961,2026-01-20,Mobile,5,2,1
U2961,2026-01-21,Mobile,4,2,2
U2961,2026-01-22,Mobile,3,2,1
U2961,2026-01-23,PC,4,1,0
U2961,2026-01-24,Mobile,3,1,0
U2961,2026-01-25,PC,2,2,0
U2961,2026-01-26,PC,5,0,0
U2961,2026-01-27,Mobile,4,2,1
U2961,2026-01-28,PC,2,0,1
U2962,2026-01-15,PC,4,1,1
U2962,2026-01-16,Mobile,2,0,0
U2962,2026-01-17,Mobile,5,1,1
U2962,2026-01-18,PC,5,0,3
U2962,2026-01-19,Mobile,4,0,1
U2962,2026-01-20,PC,5,2,3
U2962,2026-01-21,PC,2,0,1
U2962,2026-01-22,Mobile,1,0,1
U2962,2026-01-23,PC,1,0,1
U2962,2026-01-24,Mobile,5,0,2
U2962,2026-01-25,PC,5,0,0
U2962,2026-01-26,Mobile,5,0,1
U2962,2026-01-27,PC,5,0,0
U2963,2026-01-16,Mobile,5,0,2
U2963,2026-01-17,Mobile,4,2,2
U2963,2026-01-18,PC,2,1,0
U2963,2026-01-19,Mobile,4,3,0
U2963,2026-01-20,PC,1,0,0
U2963,2026-01-21,Mobile,1,0,0
U2963,2026-01-22,Mobile,4,2,1
U2963,2026-01-23,PC,5,1,2
U2963,2026-01-24,PC,1,0,0
U2963,2026-01-25,PC,3,2,0
U2963,2026-01-26,PC,3,2,1
U2963,2026-01-27,Mobile,2,1,1
U2963,2026-01-28,Mobile,5,2,1
U2964,2026-01-16,Mobile,5,2,2
U2964,2026-01-17,Mobile,3,1,1
U2964,2026-01-18,PC,4,0,1
U2964,2026-01-19,Mobile,2,0,1
U2964,2026-01-20,Mobile,2,0,1
U2964,2026-01-21,Mobile,2,0,0
U2964,2026-01-23,Mobile,2,1,0
U2964,2026-01-24,PC,4,0,0
U2964,2026-01-25,PC,2,1,1
U2964,2026-01-26,PC,2,0,0
U2964,2026-01-27,Mobile,3,1,1
U2964,2026-01-28,PC,2,0,0
U2965,2026-01-15,Mobile,1,0,1
U2965,2026-01-16,Mobile,3,0,2
U2965,2026-01-17,PC,3,0,1
U2965,2026-01-18,Mobile,5,2,1
U2965,2026-01-19,PC,4,0,0
U2965,2026-01-20,Mobile,2,0,1
U2965,2026-01-21,Mobile,1,0,0
U2965,2026-01-22,PC,1,0,1
U2965,2026-01-23,Mobile,5,1,0
U2965,2026-01-24,Mobile,2,0,0
U2965,2026-01-25,Mobile,1,0,0
U2965,2026-01-26,PC,1,0,1
U2965,2026-01-27,Mobile,3,1,1
U2965,2026-01-28,Mobile,4,0,1
U2966,2026-01-15,PC,2,0,2
U2966,2026-01-16,PC,3,2,0
U2966,2026-01-17,Mobile,2,0,1
U2966,2026-01-18,Mobile,1,0,1
U2966,2026-01-19,Mobile,3,0,1
U2966,2026-01-20,Mobile,4,2,1
U2966,2026-01-21,Mobile,1,0,1
U2966,2026-01-22,PC,1,0,0
U2966,2026-01-23,PC,3,0,3
U2966,2026-01-24,PC,4,0,1
U2966,2026-01-25,PC,4,0,3
U2966,2026-01-26,PC,4,1,2
U2966,2026-01-27,PC,1,1,0
U2966,2026-01-28,Mobile,5,0,1
U2967,2026-01-15,Mobile,5,2,2
U2967,2026-01-16,PC,1,1,0
U2967,2026-01-19,PC,4,1,3
U2967,2026-01-20,PC,4,0,0
U2967,2026-01-21,PC,1,0,1
U2967,2026-01-22,PC,3,0,1
U2967,2026-01-23,PC,2,1,0
U2967,2026-01-24,Mobile,3,2,0
U2967,2026-01-25,PC,3,1,2
U2967,2026-01-26,Mobile,3,0,2
U2967,2026-01-27,Mobile,4,2,2
U2967,2026-01-28,Mobile,5,1,3
U2968,2026-01-15,Mobile,3,0,0
U2968,2026-01-16,PC,4,0,2
U2968,2026-01-17,PC,2,0,0
U2968,2026-01-18,PC,4,1,1
U2968,2026-01-19,Mobile,5,1,1
U2968,2026-01-20,PC,3,1,2
U2968,2026-01-21,Mobile,2,0,0
U2968,2026-01-22,PC,4,1,3
U2968,2026-01-23,PC,2,0,0
U2968,2026-01-24,Mobile,5,0,3
U2968,2026-01-25,PC,3,1,2
U2968,2026-01-26,Mobile,2,0,2
U2968,2026-01-27,PC,2,1,1
U2968,2026-01-28,Mobile,4,2,2
U2969,2026-01-15,PC,5,0,1
U2969,2026-01-16,PC,3,0,0
U2969,2026-01-17,PC,1,0,1
U2969,2026-01-18,PC,5,0,0
U2969,2026-01-19,Mobile,4,0,3
U2969,2026-01-20,PC,5,0,1
U2969,2026-01-21,Mobile,2,0,1
U2969,2026-01-22,PC,2,0,0
U2969,2026-01-23,Mobile,1,0,1
U2969,2026-01-24,Mobile,3,1,2
U2969,2026-01-25,Mobile,4,1,3
U2969,2026-01-27,Mobile,4,1,3
U2969,2026-01-28,Mobile,4,1,1
U2970,2026-01-15,PC,1,0,0
U2970,2026-01-17,Mobile,5,0,0
U2970,2026-01-18,PC,1,0,0
U2970,2026-01-20,PC,3,1,1
U2970,2026-01-21,Mobile,5,1,2
U2970,2026-01-22,PC,1,0,1
U2970,2026-01-23,Mobile,4,2,2
U2970,2026-01-24,Mobile,4,0,1
U2970,2026-01-25,Mobile,3,1,2
U2970,2026-01-26,Mobile,5,1,0
U2970,2026-01-27,Mobile,2,0,0
U2970,2026-01-28,Mobile,4,1,3
U2971,2026-01-16,Mobile,2,1,1
U2971,2026-01-17,Mobile,4,1,0
U2971,2026-01-18,PC,2,1,0
U2971,2026-01-20,Mobile,5,2,3
U2971,2026-01-21,Mobile,3,0,3
U2971,2026-01-23,Mobile,1,1,0
U2971,2026-01-24,Mobile,2,1,1
U2971,2026-01-25,Mobile,4,3,0
U2971,2026-01-26,PC,3,2,0
U2971,2026-01-27,Mobile,2,1,0
U2971,2026-01-28,PC,4,1,3
U2972,2026-01-15,Mobile,2,0,1
U2972,2026-01-16,Mobile,2,0,0
U2972,2026-01-17,PC,3,0,1
U2972,2026-01-18,Mobile,5,2,3
U2972,2026-01-19,PC,4,1,1
U2972,2026-01-20,Mobile,5,2,1
U2972,2026-01-21,Mobile,3,1,1
U2972,2026-01-22,Mobile,1,0,0
U2972,2026-01-23,PC,4,0,2
U2972,2026-01-24,Mobile,1,0,0
U2972,2026-01-25,Mobile,2,1,1
U2972,2026-01-26,Mobile,5,1,2
U2972,2026-01-27,Mobile,5,2,0
U2972,2026-01-28,PC,2,0,0
U2973,2026-01-15,PC,1,1,0
U2973,2026-01-16,Mobile,5,0,0
U2973,2026-01-17,PC,3,0,0
U2973,2026-01-18,Mobile,4,1,0
U2973,2026-01-19,Mobile,4,2,1
U2973,2026-01-20,Mobile,5,0,0
U2973,2026-01-21,Mobile,2,0,1
U2973,2026-01-22,Mobile,2,0,1
U2973,2026-01-24,Mobile,5,3,2
U2973,2026-01-25,Mobile,5,3,1
U2973,2026-01-27,Mobile,4,0,3
U2974,2026-01-15,Mobile,3,1,2
U2974,2026-01-16,Mobile,2,1,1
U2974,2026-01-17,Mobile,4,1,2
U2974,2026-01-19,Mobile,4,0,3
U2974,2026-01-20,Mobile,5,0,2
U2974,2026-01-21,PC,2,0,2
U2974,2026-01-22,Mobile,5,2,3
U2974,2026-01-23,Mobile,3,0,0
U2974,2026-01-24,PC,2,0,1
U2974,2026-01-25,Mobile,3,0,1
U2974,2026-01-26,Mobile,4,1,3
U2974,2026-01-27,PC,4,0,1
U2974,2026-01-28,Mobile,2,0,2
U2975,2026-01-15,Mobile,1,0,0
U2975,2026-01-16,Mobile,4,1,3
U2975,2026-01-17,Mobile,1,0,0
U2975,2026-01-18,PC,4,0,0
U2975,2026-01-19,PC,1,0,0
U2975,2026-01-20,PC,3,1,1
U2975,2026-01-22,Mobile,4,1,2
U2975,2026-01-24,Mobile,1,1,0
U2975,2026-01-25,Mobile,2,0,0
U2975,2026-01-26,PC,3,0,0
U2975,2026-01-27,Mobile,5,0,0
U2975,2026-01-28,Mobile,1,1,0
U2976,2026-01-15,PC,5,2,0
U2976,2026-01-16,Mobile,3,0,0
U2976,2026-01-17,Mobile,2,0,1
U2976,2026-01-19,PC,4,2,0
U2976,2026-01-20,Mobile,4,0,4
U2976,2026-01-21,Mobile,4,1,0
U2976,2026-01-22,Mobile,3,1,0
U2976,2026-01-23,PC,5,1,2
U2976,2026-01-26,Mobile,2,2,0
U2976,2026-01-27,PC,2,1,0
U2976,2026-01-28,Mobile,2,0,1
U2977,2026-01-16,Mobile,3,0,0
U2977,2026-01-17,Mobile,1,0,0
U2977,2026-01-18,Mobile,5,0,1
U2977,2026-01-19,Mobile,2,1,0
U2977,2026-01-21,Mobile,2,2,0
U2977,2026-01-22,Mobile,3,0,0
U2977,2026-01-23,Mobile,2,0,0
U2977,2026-01-24,PC,5,3,1
U2977,2026-01-25,PC,1,0,0
U2977,2026-01-27,PC,3,0,0
U2977,2026-01-28,Mobile,1,0,0
U2978,2026-01-15,Mobile,4,0,1
U2978,2026-01-16,Mobile,4,0,0
U2978,2026-01-17,Mobile,1,0,1
U2978,2026-01-18,Mobile,4,0,0
U2978,2026-01-19,Mobile,3,1,2
U2978,2026-01-20,Mobile,3,0,1
U2978,2026-01-21,Mobile,4,0,2
U2978,2026-01-22,PC,1,1,0
U2978,2026-01-23,Mobile,3,0,3
U2978,2026-01-24,PC,5,1,2
U2978,2026-01-25,PC,4,1,2
U2978,2026-01-28,PC,1,0,0
U2979,2026-01-15,Mobile,2,0,1
U2979,2026-01-16,Mobile,2,1,1
U2979,2026-01-17,Mobile,4,1,0
U2979,2026-01-18,PC,1,0,1
U2979,2026-01-19,Mobile,5,5,0
U2979,2026-01-22,PC,2,1,0
U2979,2026-01-23,PC,1,1,0
U2979,2026-01-24,PC,2,0,1
U2979,2026-01-26,Mobile,2,1,1
U2979,2026-01-27,PC,5,2,1
U2979,2026-01-28,Mobile,5,2,0
U2980,2026-01-16,Mobile,1,0,0
U2980,2026-01-17,PC,3,1,2
U2980,2026-01-20,Mobile,3,0,3
U2980,2026-01-22,PC,1,0,1
U2980,2026-01-23,Mobile,1,0,0
U2980,2026-01-24,PC,2,1,0
U2980,2026-01-25,PC,4,0,0
U2980,2026-01-26,PC,1,0,0
U2980,2026-01-28,PC,5,0,2
U2981,2026-01-15,PC,4,1,0
U2981,2026-01-16,Mobile,2,1,1
U2981,2026-01-17,Mobile,3,0,2
U2981,2026-01-18,Mobile,4,0,0
U2981,2026-01-19,Mobile,3,2,0
U2981,2026-01-20,Mobile,3,0,2
U2981,2026-01-21,PC,5,2,3
U2981,2026-01-22,PC,1,0,0
U2981,2026-01-23,Mobile,5,0,2
U2981,2026-01-24,Mobile,2,0,0
U2981,2026-01-25,Mobile,3,0,2
U2981,2026-01-26,Mobile,5,0,0
U2981,2026-01-27,PC,5,1,3
U2981,2026-01-28,Mobile,2,1,0
U2982,2026-01-15,Mobile,4,0,4
U2982,2026-01-17,Mobile,5,0,0
U2982,2026-01-18,Mobile,4,0,2
U2982,2026-01-19,PC,4,1,3
U2982,2026-01-20,Mobile,3,1,2
U2982,2026-01-21,Mobile,3,1,1
U2982,2026-01-22,Mobile,3,0,0
U2982,2026-01-23,Mobile,4,0,1
U2982,2026-01-24,Mobile,3,0,1
U2982,2026-01-25,Mobile,4,0,0
U2982,2026-01-26,Mobile,1,0,0
U2982,2026-01-27,Mobile,4,0,3
U2982,2026-01-28,Mobile,2,0,0
U2983,2026-01-16,Mobile,2,0,1
U2983,2026-01-17,Mobile,4,2,1
U2983,2026-01-18,PC,3,2,1
U2983,2026-01-19,Mobile,2,0,0
U2983,2026-01-20,Mobile,3,0,3
U2983,2026-01-21,Mobile,3,0,1
U2983,2026-01-22,PC,1,0,0
U2983,2026-01-23,Mobile,4,1,0
U2983,2026-01-24,Mobile,4,2,2
U2983,2026-01-26,Mobile,5,0,0
U2983,2026-01-28,Mobile,1,0,1
U2984,2026-01-15,Mobile,1,1,0
U2984,2026-01-16,PC,3,1,0
U2984,2026-01-17,Mobile,3,0,1
U2984,2026-01-18,Mobile,2,0,1
U2984,2026-01-19,Mobile,4,1,2
U2984,2026-01-20,PC,5,2,2
U2984,2026-01-21,Mobile,5,0,0
U2984,2026-01-22,Mobile,5,0,0
U2984,2026-01-23,Mobile,4,0,3
U2984,2026-01-24,Mobile,2,2,0
U2984,2026-01-25,Mobile,1,1,0
U2984,2026-01-26,PC,4,0,2
U2984,2026-01-27,Mobile,5,0,0
U2984,2026-01-28,Mobile,4,0,1
U2985,2026-01-15,Mobile,2,0,0
U2985,2026-01-16,PC,5,0,5
U2985,2026-01-17,Mobile,2,0,2
U2985,2026-01-18,Mobile,4,0,1
U2985,2026-01-19,PC,5,0,2
U2985,2026-01-20,Mobile,5,0,0
U2985,2026-01-21,PC,4,0,0
U2985,2026-01-22,PC,2,0,2
U2985,2026-01-23,Mobile,1,0,1
U2985,2026-01-24,Mobile,2,0,2
U2985,2026-01-25,Mobile,1,0,0
U2985,2026-01-26,Mobile,2,0,0
U2985,2026-01-28,Mobile,5,0,2
U2986,2026-01-15,PC,3,1,0
U2986,2026-01-17,PC,3,1,1
U2986,2026-01-18,PC,3,1,1
U2986,2026-01-19,Mobile,5,1,3
U2986,2026-01-21,Mobile,2,0,1
U2986,2026-01-23,Mobile,4,0,1
U2986,2026-01-24,PC,5,0,2
U2986,2026-01-25,PC,5,0,0
U2986,2026-01-26,PC,1,0,0
U2986,2026-01-27,PC,4,0,2
U2986,2026-01-28,PC,3,0,2
U2987,2026-01-15,Mobile,1,0,0
U2987,2026-01-16,Mobile,2,0,0
U2987,2026-01-17,Mobile,4,1,2
U2987,2026-01-18,PC,5,0,1
U2987,2026-01-19,Mobile,2,0,0
U2987,2026-01-20,PC,2,1,1
U2987,2026-01-21,Mobile,4,3,1
U2987,2026-01-22,Mobile,3,0,0
U2987,2026-01-23,PC,3,0,1
U2987,2026-01-25,Mobile,5,0,0
U2987,2026-01-26,PC,5,2,3
U2987,2026-01-27,PC,5,3,2
U2987,2026-01-28,PC,5,3,2
U2988,2026-01-15,PC,3,1,0
U2988,2026-01-16,PC,4,2,1
U2988,2026-01-18,PC,2,0,0
U2988,2026-01-19,Mobile,3,1,0
U2988,2026-01-20,PC,3,0,2
U2988,2026-01-21,Mobile,3,2,1
U2988,2026-01-22,Mobile,2,2,0
U2988,2026-01-23,Mobile,5,1,0
U2988,2026-01-24,PC,4,1,2
U2988,2026-01-25,Mobile,3,0,0
U2988,2026-01-26,PC,3,2,0
U2988,2026-01-27,Mobile,4,3,1
U2988,2026-01-28,PC,5,1,0
U2989,2026-01-15,Mobile,4,0,0
U2989,2026-01-16,Mobile,4,2,0
U2989,2026-01-17,PC,5,2,1
U2989,2026-01-18,PC,5,0,0
U2989,2026-01-19,Mobile,3,1,0
U2989,2026-01-20,Mobile,4,4,0
U2989,2026-01-21,PC,2,2,0
U2989,2026-01-22,Mobile,4,1,1
U2989,2026-01-23,Mobile,4,2,1
U2989,2026-01-24,PC,1,1,0
U2989,2026-01-25,PC,5,0,0
U2989,2026-01-26,Mobile,4,1,0
U2989,2026-01-27,Mobile,2,0,0
U2989,2026-01-28,Mobile,4,1,1
U2990,2026-01-15,Mobile,1,0,0
U2990,2026-01-16,Mobile,2,0,0
U2990,2026-01-17,PC,3,0,0
U2990,2026-01-18,Mobile,1,1,0
U2990,2026-01-19,Mobile,2,1,0
U2990,2026-01-20,Mobile,4,2,2
U2990,2026-01-21,Mobile,5,1,1
U2990,2026-01-22,PC,3,0,2
U2990,2026-01-23,Mobile,4,0,0
U2990,2026-01-24,PC,1,1,0
U2990,2026-01-25,PC,3,0,0
U2990,2026-01-26,PC,4,1,2
U2990,2026-01-27,PC,1,0,1
U2990,2026-01-28,Mobile,3,1,1
U2991,2026-01-15,Mobile,3,0,2
U2991,2026-01-16,PC,5,4,1
U2991,2026-01-17,PC,5,4,1
U2991,2026-01-18,Mobile,4,1,0
U2991,2026-01-19,Mobile,3,2,0
U2991,2026-01-20,Mobile,2,0,1
U2991,2026-01-21,Mobile,2,1,0
U2991,2026-01-23,Mobile,4,2,2
U2991,2026-01-25,Mobile,1,1,0
U2991,2026-01-27,Mobile,4,0,0
U2991,2026-01-28,PC,1,1,0
U2992,2026-01-15,Mobile,1,0,1
U2992,2026-01-16,Mobile,4,0,0
U2992,2026-01-17,PC,4,0,3
U2992,2026-01-18,Mobile,4,1,1
U2992,2026-01-19,Mobile,1,1,0
U2992,2026-01-20,Mobile,5,0,0
U2992,2026-01-21,Mobile,3,0,2
U2992,2026-01-22,Mobile,4,1,3
U2992,2026-01-23,PC,1,0,0
U2992,2026-01-24,Mobile,4,0,1
U2992,2026-01-25,PC,1,0,1
U2992,2026-01-26,PC,5,0,3
U2992,2026-01-27,PC,3,1,1
U2992,2026-01-28,PC,1,0,0
U2993,2026-01-15,Mobile,2,1,0
U2993,2026-01-16,PC,5,1,2
U2993,2026-01-17,PC,3,1,2
U2993,2026-01-18,Mobile,1,0,0
U2993,2026-01-19,Mobile,2,2,0
U2993,2026-01-20,PC,5,0,0
U2993,2026-01-21,PC,3,0,3
U2993,2026-01-22,Mobile,1,1,0
U2993,2026-01-23,Mobile,2,0,0
U2993,2026-01-24,Mobile,4,2,2
U2993,2026-01-25,Mobile,5,1,0
U2993,2026-01-26,PC,5,0,2
U2993,2026-01-27,Mobile,2,0,2
U2993,2026-01-28,PC,3,1,2
U2994,2026-01-15,Mobile,3,0,3
U2994,2026-01-16,PC,3,0,2
U2994,2026-01-17,PC,4,1,3
U2994,2026-01-18,Mobile,5,1,0
U2994,2026-01-19,PC,1,0,1
U2994,2026-01-20,Mobile,5,2,2
U2994,2026-01-21,Mobile,4,0,0
U2994,2026-01-22,PC,3,0,2
U2994,2026-01-23,Mobile,1,0,1
U2994,2026-01-24,Mobile,3,0,1
U2994,2026-01-26,PC,2,0,0
U2994,2026-01-27,PC,4,0,2
U2994,2026-01-28,Mobile,3,1,2
U2995,2026-01-15,PC,2,1,0
U2995,2026-01-16,PC,5,1,1
U2995,2026-01-17,Mobile,1,1,0
U2995,2026-01-18,PC,3,0,2
U2995,2026-01-19,Mobile,5,2,1
U2995,2026-01-20,Mobile,3,0,1
U2995,2026-01-21,Mobile,1,0,0
U2995,2026-01-22,Mobile,2,1,0
U2995,2026-01-23,Mobile,1,0,1
U2995,2026-01-24,Mobile,4,0,0
U2995,2026-01-25,Mobile,5,3,2
U2995,2026-01-26,Mobile,1,0,1
U2995,2026-01-27,Mobile,2,1,0
U2996,2026-01-15,PC,4,1,0
U2996,2026-01-16,Mobile,2,0,0
U2996,2026-01-17,Mobile,2,0,0
U2996,2026-01-18,PC,2,1,0
U2996,2026-01-19,Mobile,4,2,1
U2996,2026-01-20,Mobile,3,1,0
U2996,2026-01-21,Mobile,2,2,0
U2996,2026-01-22,PC,4,1,1
U2996,2026-01-23,Mobile,1,1,0
U2996,2026-01-24,Mobile,3,0,0
U2996,2026-01-25,PC,2,0,1
U2996,2026-01-27,Mobile,2,0,0
U2996,2026-01-28,PC,3,1,0
U2997,2026-01-15,Mobile,4,2,2
U2997,2026-01-16,Mobile,3,0,0
U2997,2026-01-17,PC,5,1,1
U2997,2026-01-19,Mobile,1,0,0
U2997,2026-01-20,Mobile,4,1,2
U2997,2026-01-21,Mobile,3,1,0
U2997,2026-01-22,Mobile,4,4,0
U2997,2026-01-23,Mobile,1,0,1
U2997,2026-01-25,Mobile,4,1,2
U2997,2026-01-26,Mobile,3,2,1
U2997,2026-01-27,Mobile,2,1,1
U2997,2026-01-28,Mobile,5,0,0
U2998,2026-01-15,PC,3,0,1
U2998,2026-01-16,PC,3,1,1
U2998,2026-01-18,PC,3,2,0
U2998,2026-01-19,PC,2,0,1
U2998,2026-01-20,Mobile,5,1,1
U2998,2026-01-22,Mobile,3,1,2
U2998,2026-01-23,PC,5,3,2
U2998,2026-01-24,Mobile,2,2,0
U2998,2026-01-25,PC,2,1,1
U2998,2026-01-26,Mobile,5,0,0
U2998,2026-01-28,PC,4,1,0
U2999,2026-01-15,PC,5,0,0
U2999,2026-01-16,Mobile,3,0,0
U2999,2026-01-17,PC,1,0,1
U2999,2026-01-18,Mobile,5,1,2
U2999,2026-01-19,Mobile,5,2,1
U2999,2026-01-20,PC,5,2,0
U2999,2026-01-21,Mobile,4,0,0
U2999,2026-01-22,PC,2,2,0
U2999,2026-01-23,Mobile,5,3,2
U2999,2026-01-24,Mobile,5,3,0
U2999,2026-01-25,Mobile,2,2,0
U2999,2026-01-26,PC,5,1,0
U2999,2026-01-27,Mobile,5,2,1
U2999,2026-01-28,PC,2,0,1
U3000,2026-01-16,Mobile,1,1,0
U3000,2026-01-17,Mobile,4,2,1
U3000,2026-01-18,Mobile,5,0,2
U3000,2026-01-19,PC,4,2,1
U3000,2026-01-20,PC,5,1,3
U3000,2026-01-21,PC,2,1,0
U3000,2026-01-23,Mobile,3,2,0
U3000,2026-01-24,Mobile,4,1,3
U3000,2026-01-25,PC,3,1,1
U3000,2026-01-27,PC,3,0,0
U3000,2026-01-28,PC,1,0,0
U3001,2026-01-15,PC,4,1,1
U3001,2026-01-16,PC,1,0,0
U3001,2026-01-17,Mobile,2,1,1
U3001,2026-01-18,Mobile,1,1,0
U3001,2026-01-19,PC,2,0,0
U3001,2026-01-20,PC,5,3,1
U3001,2026-01-22,Mobile,2,0,0
U3001,2026-01-24,Mobile,1,1,0
U3001,2026-01-25,PC,5,0,0
U3001,2026-01-26,Mobile,3,2,1
U3001,2026-01-27,Mobile,5,1,1
U3001,2026-01-28,PC,4,2,1
U3002,2026-01-15,Mobile,2,1,1
U3002,2026-01-16,PC,2,0,0
U3002,2026-01-17,PC,5,0,1
U3002,2026-01-18,Mobile,1,0,0
U3002,2026-01-19,Mobile,4,0,0
U3002,2026-01-20,Mobile,4,0,1
U3002,2026-01-21,Mobile,3,2,1
U3002,2026-01-22,Mobile,1,0,1
U3002,2026-01-23,Mobile,1,0,1
U3002,2026-01-24,PC,5,1,4
U3002,2026-01-25,PC,3,1,0
U3002,2026-01-26,PC,2,0,2
U3002,2026-01-27,Mobile,4,0,1
U3002,2026-01-28,Mobile,3,0,3
U3003,2026-01-15,Mobile,2,0,0
U3003,2026-01-16,Mobile,1,0,0
U3003,2026-01-17,Mobile,2,1,0
U3003,2026-01-18,Mobile,1,0,0
U3003,2026-01-19,Mobile,5,2,2
U3003,2026-01-20,Mobile,4,1,2
U3003,2026-01-21,PC,3,0,0
U3003,2026-01-22,Mobile,3,1,0
U3003,2026-01-23,Mobile,3,0,0
U3003,2026-01-24,Mobile,2,0,1
U3003,2026-01-25,Mobile,3,0,0
U3003,2026-01-26,Mobile,3,0,1
U3003,2026-01-27,Mobile,5,2,3
U3003,2026-01-28,Mobile,1,0,1
U3004,2026-01-15,Mobile,1,0,0
U3004,2026-01-16,Mobile,1,0,1
U3004,2026-01-17,Mobile,5,1,3
U3004,2026-01-18,PC,1,0,0
U3004,2026-01-19,Mobile,4,1,0
U3004,2026-01-20,PC,4,1,2
U3004,2026-01-23,Mobile,4,0,0
U3004,2026-01-24,PC,4,4,0
U3004,2026-01-25,Mobile,5,2,3
U3004,2026-01-26,PC,5,1,1
U3004,2026-01-27,Mobile,2,0,0
U3005,2026-01-15,Mobile,5,2,2
U3005,2026-01-16,Mobile,3,0,0
U3005,2026-01-17,Mobile,5,1,0
U3005,2026-01-18,Mobile,4,1,1
U3005,2026-01-19,Mobile,1,0,1
U3005,2026-01-20,Mobile,1,0,0
U3005,2026-01-21,Mobile,4,3,1
U3005,2026-01-22,Mobile,3,1,1
U3005,2026-01-23,PC,3,2,0
U3005,2026-01-24,Mobile,5,3,0
U3005,2026-01-25,Mobile,2,2,0
U3005,2026-01-26,PC,3,1,0
U3005,2026-01-27,PC,4,3,1
U3005,2026-01-28,Mobile,4,1,0
U3006,2026-01-15,Mobile,3,0,0
U3006,2026-01-16,Mobile,2,0,1
U3006,2026-01-17,PC,2,0,0
U3006,2026-01-18,Mobile,2,0,2
U3006,2026-01-19,Mobile,2,0,1
U3006,2026-01-20,Mobile,2,0,0
U3006,2026-01-21,PC,1,1,0
U3006,2026-01-22,PC,5,1,3
U3006,2026-01-23,Mobile,5,0,0
U3006,2026-01-25,Mobile,2,0,2
U3006,2026-01-26,Mobile,5,0,3
U3006,2026-01-27,PC,5,1,0
U3006,2026-01-28,PC,2,1,0
U3007,2026-01-15,Mobile,1,0,0
U3007,2026-01-16,Mobile,2,0,1
U3007,2026-01-17,PC,2,0,2
U3007,2026-01-18,Mobile,3,0,0
U3007,2026-01-19,Mobile,3,0,3
U3007,2026-01-20,PC,2,0,0
U3007,2026-01-21,Mobile,4,0,2
U3007,2026-01-22,PC,4,0,2
U3007,2026-01-23,PC,2,2,0
U3007,2026-01-24,PC,1,1,0
U3007,2026-01-25,Mobile,1,0,1
U3007,2026-01-27,Mobile,3,0,1
U3007,2026-01-28,PC,5,1,2
U3008,2026-01-15,Mobile,4,2,2
U3008,2026-01-16,Mobile,5,0,0
U3008,2026-01-17,Mobile,2,0,0
U3008,2026-01-18,Mobile,2,0,0
U3008,2026-01-19,Mobile,3,0,0
U3008,2026-01-20,Mobile,4,0,0
U3008,2026-01-23,Mobile,1,0,0
U3008,2026-01-24,Mobile,1,1,0
U3008,2026-01-25,Mobile,3,0,0
U3008,2026-01-26,Mobile,5,0,0
U3008,2026-01-27,PC,4,2,0
U3008,2026-01-28,Mobile,2,0,0
U3009,2026-01-15,Mobile,2,2,0
U3009,2026-01-16,Mobile,3,0,0
U3009,2026-01-17,PC,1,0,0
U3009,2026-01-18,PC,1,1,0
U3009,2026-01-19,Mobile,5,2,3
U3009,2026-01-20,Mobile,5,0,0
U3009,2026-01-21,PC,4,1,3
U3009,2026-01-22,Mobile,5,4,1
U3009,2026-01-23,Mobile,3,0,0
U3009,2026-01-24,Mobile,5,1,4
U3009,2026-01-26,Mobile,4,0,3
U3009,2026-01-27,PC,3,2,1
U3009,2026-01-28,Mobile,5,1,0
U3010,2026-01-15,PC,2,0,2
U3010,2026-01-16,PC,2,0,0
U3010,2026-01-17,PC,3,0,1
U3010,2026-01-18,PC,4,2,1
U3010,2026-01-19,PC,2,0,2
U3010,2026-01-20,PC,4,0,0
U3010,2026-01-21,Mobile,4,0,4
U3010,2026-01-22,Mobile,5,0,0
U3010,2026-01-23,Mobile,3,0,0
U3010,2026-01-24,Mobile,5,1,3
U3010,2026-01-25,Mobile,2,0,2
U3010,2026-01-26,Mobile,1,0,1
U3010,2026-01-27,PC,2,2,0
U3010,2026-01-28,PC,4,0,3
U3011,2026-01-15,PC,5,2,2
U3011,2026-01-16,Mobile,1,0,1
U3011,2026-01-17,Mobile,2,0,2
U3011,2026-01-18,Mobile,3,0,1
U3011,2026-01-19,PC,1,0,1
U3011,2026-01-20,Mobile,1,0,0
U3011,2026-01-21,PC,3,0,0
U3011,2026-01-22,Mobile,4,0,1
U3011,2026-01-23,Mobile,2,0,2
U3011,2026-01-24,PC,3,0,3
U3011,2026-01-25,Mobile,5,2,2
U3011,2026-01-26,Mobile,1,0,0
U3011,2026-01-27,Mobile,3,0,2
U3011,2026-01-28,Mobile,4,0,0
U3012,2026-01-15,PC,5,1,0
U3012,2026-01-16,Mobile,3,1,1
U3012,2026-01-17,Mobile,4,0,3
U3012,2026-01-18,PC,5,1,2
U3012,2026-01-19,PC,1,0,0
U3012,2026-01-20,PC,3,1,0
U3012,2026-01-21,PC,5,2,0
U3012,2026-01-23,PC,5,2,0
U3012,2026-01-25,Mobile,2,1,0
U3012,2026-01-27,PC,4,1,0
U3012,2026-01-28,Mobile,3,2,0
U3013,2026-01-15,Mobile,3,0,0
U3013,2026-01-16,PC,1,0,0
U3013,2026-01-17,PC,3,0,3
U3013,2026-01-18,Mobile,2,0,1
U3013,2026-01-19,Mobile,1,0,0
U3013,2026-01-21,Mobile,1,0,0
U3013,2026-01-22,Mobile,1,0,0
U3013,2026-01-23,PC,4,0,0
U3013,2026-01-24,PC,1,0,0
U3013,2026-01-25,Mobile,3,1,2
U3013,2026-01-27,Mobile,2,0,1
U3014,2026-01-15,PC,5,2,1
U3014,2026-01-16,Mobile,5,1,0
U3014,2026-01-18,Mobile,4,0,1
U3014,2026-01-19,Mobile,3,2,0
U3014,2026-01-20,Mobile,5,1,2
U3014,2026-01-22,PC,4,2,1
U3014,2026-01-23,Mobile,3,0,1
U3014,2026-01-24,PC,5,2,3
U3014,2026-01-25,PC,4,3,1
U3014,2026-01-26,PC,4,1,2
U3014,2026-01-27,Mobile,4,2,2
U3014,2026-01-28,PC,3,2,1
U3015,2026-01-15,Mobile,5,0,0
U3015,2026-01-16,PC,1,0,0
U3015,2026-01-17,Mobile,5,0,0
U3015,2026-01-18,Mobile,3,1,2
U3015,2026-01-19,Mobile,3,0,0
U3015,2026-01-20,Mobile,4,1,0
U3015,2026-01-21,Mobile,1,1,0
U3015,2026-01-22,Mobile,5,1,1
U3015,2026-01-23,Mobile,3,1,1
U3015,2026-01-24,Mobile,1,0,0
U3015,2026-01-25,Mobile,1,0,0
U3015,2026-01-26,Mobile,4,0,0
U3015,2026-01-27,PC,1,0,1
U3015,2026-01-28,Mobile,3,2,0
U3016,2026-01-15,PC,3,2,1
U3016,2026-01-16,PC,5,3,1
U3016,2026-01-17,PC,1,0,0
U3016,2026-01-18,PC,2,0,0
U3016,2026-01-19,Mobile,2,0,0
U3016,2026-01-20,PC,4,1,0
U3016,2026-01-21,PC,4,0,1
U3016,2026-01-22,Mobile,3,3,0
U3016,2026-01-23,Mobile,5,0,1
U3016,2026-01-24,Mobile,3,0,0
U3016,2026-01-25,PC,4,1,1
U3016,2026-01-26,Mobile,1,0,0
U3016,2026-01-27,Mobile,4,1,0
U3017,2026-01-15,Mobile,1,0,1
U3017,2026-01-16,PC,3,3,0
U3017,2026-01-17,Mobile,4,2,2
U3017,2026-01-18,Mobile,2,0,2
U3017,2026-01-20,Mobile,1,0,0
U3017,2026-01-21,PC,4,1,0
U3017,2026-01-23,PC,2,0,0
U3017,2026-01-24,PC,4,3,0
U3017,2026-01-26,Mobile,2,2,0
U3017,2026-01-27,Mobile,3,0,0
U3017,2026-01-28,Mobile,2,0,1
U3018,2026-01-15,Mobile,1,0,0
U3018,2026-01-16,Mobile,1,0,0
U3018,2026-01-17,Mobile,2,0,1
U3018,2026-01-18,Mobile,3,1,1
U3018,2026-01-20,Mobile,3,0,1
U3018,2026-01-21,PC,3,1,1
U3018,2026-01-22,Mobile,1,1,0
U3018,2026-01-23,Mobile,5,1,2
U3018,2026-01-24,Mobile,3,0,3
U3018,2026-01-25,PC,4,1,0
U3018,2026-01-26,PC,3,0,3
U3018,2026-01-27,PC,1,0,1
U3018,2026-01-28,Mobile,3,1,1
U3019,2026-01-15,Mobile,2,1,1
U3019,2026-01-16,Mobile,5,1,0
U3019,2026-01-17,Mobile,3,1,1
U3019,2026-01-18,Mobile,1,0,0
U3019,2026-01-19,PC,5,1,3
U3019,2026-01-20,PC,5,1,0
U3019,2026-01-21,PC,2,2,0
U3019,2026-01-22,Mobile,3,1,0
U3019,2026-01-24,PC,3,0,0
U3019,2026-01-25,PC,3,0,1
U3019,2026-01-26,PC,4,0,0
U3019,2026-01-27,PC,4,1,2
U3019,2026-01-28,Mobile,4,0,3
U3020,2026-01-15,PC,4,2,2
U3020,2026-01-16,PC,1,0,0
U3020,2026-01-17,Mobile,1,0,0
U3020,2026-01-18,Mobile,5,0,3
U3020,2026-01-19,PC,2,0,0
U3020,2026-01-20,Mobile,2,2,0
U3020,2026-01-21,PC,2,0,2
U3020,2026-01-22,PC,1,0,1
U3020,2026-01-23,PC,3,0,2
U3020,2026-01-24,PC,5,2,2
U3020,2026-01-25,PC,4,0,4
U3020,2026-01-26,Mobile,1,0,0
U3020,2026-01-27,PC,1,0,0
U3020,2026-01-28,PC,3,0,3
U3021,2026-01-15,Mobile,1,0,1
U3021,2026-01-16,Mobile,1,0,1
U3021,2026-01-17,PC,3,1,1
U3021,2026-01-18,Mobile,3,1,1
U3021,2026-01-19,PC,3,2,1
U3021,2026-01-20,Mobile,5,0,1
U3021,2026-01-21,Mobile,2,0,1
U3021,2026-01-22,Mobile,3,1,1
U3021,2026-01-23,Mobile,4,1,1
U3021,2026-01-24,Mobile,2,1,0
U3021,2026-01-25,PC,2,1,0
U3021,2026-01-26,PC,2,0,2
U3021,2026-01-27,Mobile,1,0,0
U3021,2026-01-28,PC,3,0,1
U3022,2026-01-15,PC,4,2,0
U3022,2026-01-16,PC,1,0,0
U3022,2026-01-17,Mobile,1,0,0
U3022,2026-01-18,Mobile,2,0,1
U3022,2026-01-19,Mobile,4,2,1
U3022,2026-01-20,PC,3,1,2
U3022,2026-01-21,PC,3,0,0
U3022,2026-01-22,Mobile,2,0,0
U3022,2026-01-23,Mobile,1,0,1
U3022,2026-01-24,PC,4,1,1
U3022,2026-01-25,Mobile,5,1,2
U3022,2026-01-26,Mobile,5,1,0
U3022,2026-01-27,Mobile,3,3,0
U3022,2026-01-28,PC,3,0,0
U3023,2026-01-15,Mobile,4,1,0
U3023,2026-01-16,Mobile,2,1,1
U3023,2026-01-17,Mobile,4,1,0
U3023,2026-01-18,Mobile,1,0,0
U3023,2026-01-19,PC,3,0,1
U3023,2026-01-20,Mobile,5,0,3
U3023,2026-01-21,Mobile,4,2,0
U3023,2026-01-22,Mobile,1,0,0
U3023,2026-01-23,Mobile,5,0,0
U3023,2026-01-24,Mobile,1,0,0
U3023,2026-01-25,PC,1,0,0
U3023,2026-01-26,Mobile,5,0,0
U3023,2026-01-27,Mobile,2,1,1
U3023,2026-01-28,Mobile,2,0,0
U3024,2026-01-15,PC,1,0,1
U3024,2026-01-16,Mobile,4,1,1
U3024,2026-01-17,PC,4,1,0
U3024,2026-01-18,Mobile,4,0,2
U3024,2026-01-19,Mobile,2,1,1
U3024,2026-01-20,Mobile,2,0,2
U3024,2026-01-21,Mobile,3,0,0
U3024,2026-01-22,Mobile,3,0,3
U3024,2026-01-23,Mobile,2,0,0
U3024,2026-01-24,Mobile,3,0,0
U3024,2026-01-25,Mobile,1,0,0
U3024,2026-01-26,PC,1,0,1
U3024,2026-01-27,Mobile,2,0,1
U3024,2026-01-28,Mobile,4,0,2
U3025,2026-01-15,PC,3,0,1
U3025,2026-01-16,PC,4,2,1
U3025,2026-01-17,Mobile,1,0,0
U3025,2026-01-18,Mobile,4,0,4
U3025,2026-01-19,Mobile,5,0,3
U3025,2026-01-20,Mobile,5,3,1
U3025,2026-01-21,PC,5,1,3
U3025,2026-01-22,Mobile,3,1,0
U3025,2026-01-23,PC,3,2,1
U3025,2026-01-24,Mobile,1,0,0
U3025,2026-01-25,Mobile,3,1,0
U3025,2026-01-26,Mobile,4,0,3
U3025,2026-01-27,Mobile,3,2,1
U3025,2026-01-28,Mobile,1,0,0
U3026,2026-01-15,Mobile,4,0,2
U3026,2026-01-16,PC,2,0,1
U3026,2026-01-17,Mobile,2,0,1
U3026,2026-01-18,Mobile,4,2,1
U3026,2026-01-19,Mobile,2,1,1
U3026,2026-01-20,PC,1,0,0
U3026,2026-01-21,PC,4,1,1
U3026,2026-01-22,Mobile,3,1,0
U3026,2026-01-23,Mobile,4,1,1
U3026,2026-01-24,Mobile,3,0,0
U3026,2026-01-25,Mobile,1,0,1
U3026,2026-01-28,PC,5,0,0
U3027,2026-01-15,Mobile,4,1,1
U3027,2026-01-16,Mobile,2,0,2
U3027,2026-01-17,Mobile,1,0,1
U3027,2026-01-18,Mobile,1,0,1
U3027,2026-01-19,Mobile,2,0,1
U3027,2026-01-21,PC,4,0,2
U3027,2026-01-23,Mobile,3,0,2
U3027,2026-01-24,PC,5,1,2
U3027,2026-01-25,Mobile,1,0,1
U3027,2026-01-26,PC,2,0,0
U3027,2026-01-27,Mobile,3,0,0
U3027,2026-01-28,PC,2,0,0
U3028,2026-01-15,Mobile,1,0,0
U3028,2026-01-16,Mobile,5,0,1
U3028,2026-01-18,Mobile,1,0,1
U3028,2026-01-19,PC,1,0,0
U3028,2026-01-20,PC,5,0,4
U3028,2026-01-21,PC,2,0,1
U3028,2026-01-22,Mobile,2,0,1
U3028,2026-01-23,Mobile,3,0,0
U3028,2026-01-24,Mobile,2,0,1
U3028,2026-01-25,PC,1,0,0
U3028,2026-01-26,Mobile,4,0,2
U3028,2026-01-27,PC,5,1,3
U3029,2026-01-15,Mobile,4,2,2
U3029,2026-01-16,Mobile,5,0,0
U3029,2026-01-17,Mobile,3,0,0
U3029,2026-01-18,Mobile,1,0,0
U3029,2026-01-19,Mobile,2,2,0
U3029,2026-01-20,PC,4,4,0
U3029,2026-01-22,PC,5,1,0
U3029,2026-01-23,Mobile,4,0,1
U3029,2026-01-24,Mobile,3,0,2
U3029,2026-01-25,Mobile,2,0,1
U3029,2026-01-26,PC,1,0,0
U3029,2026-01-27,Mobile,1,0,1
U3029,2026-01-28,Mobile,2,0,1
U3030,2026-01-15,PC,2,0,0
U3030,2026-01-16,Mobile,3,0,0
U3030,2026-01-17,Mobile,4,0,1
U3030,2026-01-18,Mobile,5,0,1
U3030,2026-01-19,Mobile,4,0,0
U3030,2026-01-20,PC,5,0,2
U3030,2026-01-21,Mobile,4,0,2
U3030,2026-01-22,Mobile,3,0,1
U3030,2026-01-23,Mobile,2,1,1
U3030,2026-01-24,PC,5,3,1
U3030,2026-01-25,PC,3,0,1
U3030,2026-01-26,PC,2,0,0
U3030,2026-01-27,Mobile,5,0,0
U3030,2026-01-28,Mobile,3,0,0
U3031,2026-01-15,Mobile,2,1,1
U3031,2026-01-16,PC,4,0,0
U3031,2026-01-17,PC,3,0,1
U3031,2026-01-18,PC,5,0,1
U3031,2026-01-19,Mobile,1,0,0
U3031,2026-01-20,PC,1,0,0
U3031,2026-01-21,PC,4,0,1
U3031,2026-01-22,Mobile,2,0,1
U3031,2026-01-23,PC,4,0,2
U3031,2026-01-25,Mobile,3,2,1
U3031,2026-01-26,Mobile,1,0,0
U3031,2026-01-27,Mobile,4,1,1
U3031,2026-01-28,PC,4,3,0
U3032,2026-01-16,Mobile,5,1,1
U3032,2026-01-17,Mobile,1,0,1
U3032,2026-01-18,Mobile,2,0,0
U3032,2026-01-19,PC,2,0,1
U3032,2026-01-20,Mobile,5,0,2
U3032,2026-01-21,Mobile,1,0,1
U3032,2026-01-22,Mobile,5,0,1
U3032,2026-01-25,Mobile,4,0,0
U3032,2026-01-26,Mobile,2,0,2
U3032,2026-01-27,PC,1,0,1
U3032,2026-01-28,PC,1,0,1
U3033,2026-01-15,Mobile,4,0,1
U3033,2026-01-16,PC,4,1,0
U3033,2026-01-18,PC,2,0,1
U3033,2026-01-19,PC,4,1,1
U3033,2026-01-20,Mobile,2,0,1
U3033,2026-01-21,PC,3,0,1
U3033,2026-01-22,Mobile,1,0,1
U3033,2026-01-23,PC,3,0,0
U3033,2026-01-24,Mobile,3,2,1
U3033,2026-01-25,Mobile,1,0,1
U3033,2026-01-26,PC,5,0,2
U3033,2026-01-27,Mobile,2,0,2
U3034,2026-01-15,Mobile,1,1,0
U3034,2026-01-16,PC,2,0,1
U3034,2026-01-17,Mobile,3,0,3
U3034,2026-01-18,Mobile,1,0,0
U3034,2026-01-19,Mobile,3,1,1
U3034,2026-01-20,PC,1,0,0
U3034,2026-01-21,PC,3,0,3
U3034,2026-01-22,Mobile,5,1,1
U3034,2026-01-23,Mobile,3,0,0
U3034,2026-01-24,PC,1,0,1
U3034,2026-01-25,PC,5,1,1
U3034,2026-01-26,PC,5,0,2
U3034,2026-01-27,PC,1,0,0
U3034,2026-01-28,PC,5,0,0
U3035,2026-01-15,Mobile,1,1,0
U3035,2026-01-16,Mobile,4,2,0
U3035,2026-01-17,Mobile,4,0,0
U3035,2026-01-18,Mobile,2,0,0
U3035,2026-01-19,Mobile,5,0,0
U3035,2026-01-20,PC,3,1,1
U3035,2026-01-21,PC,3,0,0
U3035,2026-01-22,PC,2,0,0
U3035,2026-01-23,PC,2,0,2
U3035,2026-01-26,Mobile,4,2,1
U3035,2026-01-27,Mobile,5,1,0
U3035,2026-01-28,Mobile,3,1,1
U3036,2026-01-16,Mobile,2,0,2
U3036,2026-01-17,Mobile,4,0,0
U3036,2026-01-18,PC,4,0,4
U3036,2026-01-19,PC,1,0,1
U3036,2026-01-20,PC,4,1,1
U3036,2026-01-21,Mobile,3,0,0
U3036,2026-01-22,Mobile,2,1,0
U3036,2026-01-23,Mobile,4,3,1
U3036,2026-01-24,Mobile,4,3,0
U3036,2026-01-25,Mobile,5,1,1
U3036,2026-01-26,Mobile,3,2,1
U3036,2026-01-27,PC,3,0,0
U3036,2026-01-28,PC,3,0,0
U3037,2026-01-15,Mobile,3,2,1
U3037,2026-01-16,PC,5,2,0
U3037,2026-01-17,PC,1,1,0
U3037,2026-01-18,Mobile,5,0,0
U3037,2026-01-19,PC,2,0,0
U3037,2026-01-20,Mobile,2,0,1
U3037,2026-01-21,PC,2,0,1
U3037,2026-01-22,PC,3,0,0
U3037,2026-01-23,Mobile,1,1,0
U3037,2026-01-24,PC,3,1,1
U3037,2026-01-25,Mobile,1,0,1
U3037,2026-01-26,Mobile,4,1,1
U3037,2026-01-27,Mobile,4,0,0
U3037,2026-01-28,Mobile,5,2,2
U3038,2026-01-15,PC,5,1,0
U3038,2026-01-16,PC,3,2,0
U3038,2026-01-17,Mobile,1,0,1
U3038,2026-01-19,PC,5,1,2
U3038,2026-01-20,Mobile,3,3,0
U3038,2026-01-22,Mobile,2,1,0
U3038,2026-01-24,Mobile,4,2,1
U3038,2026-01-25,PC,1,0,1
U3038,2026-01-26,Mobile,2,0,0
U3038,2026-01-27,PC,3,1,0
U3038,2026-01-28,PC,5,3,2
U3039,2026-01-15,Mobile,3,0,1
U3039,2026-01-16,Mobile,2,1,0
U3039,2026-01-17,PC,1,0,0
U3039,2026-01-18,Mobile,2,0,0
U3039,2026-01-19,Mobile,2,2,0
U3039,2026-01-20,Mobile,5,4,0
U3039,2026-01-21,PC,2,1,0
U3039,2026-01-22,Mobile,4,1,2
U3039,2026-01-23,PC,5,0,1
U3039,2026-01-24,Mobile,4,0,1
U3039,2026-01-25,PC,1,0,0
U3039,2026-01-26,Mobile,2,0,1
U3039,2026-01-27,PC,2,1,0
U3039,2026-01-28,Mobile,3,0,0
U3040,2026-01-15,PC,4,0,0
U3040,2026-01-16,PC,5,0,4
U3040,2026-01-17,Mobile,1,1,0
U3040,2026-01-18,Mobile,5,0,5
U3040,2026-01-19,Mobile,1,0,1
U3040,2026-01-20,PC,1,1,0
U3040,2026-01-21,PC,5,0,2
U3040,2026-01-22,PC,4,0,0
U3040,2026-01-23,Mobile,3,0,1
U3040,2026-01-24,Mobile,4,0,0
U3040,2026-01-25,Mobile,1,0,0
U3040,2026-01-26,PC,4,0,2
U3040,2026-01-27,Mobile,3,0,2
U3040,2026-01-28,Mobile,3,0,0
U3041,2026-01-15,Mobile,1,1,0
U3041,2026-01-16,Mobile,4,0,0
U3041,2026-01-17,PC,3,1,1
U3041,2026-01-18,Mobile,1,0,1
U3041,2026-01-19,PC,3,1,0
U3041,2026-01-20,Mobile,4,0,1
U3041,2026-01-21,Mobile,1,1,0
U3041,2026-01-22,PC,3,0,1
U3041,2026-01-23,Mobile,3,0,0
U3041,2026-01-24,Mobile,2,1,0
U3041,2026-01-25,Mobile,2,2,0
U3041,2026-01-26,Mobile,5,1,2
U3042,2026-01-15,PC,4,2,0
U3042,2026-01-16,PC,1,0,0
U3042,2026-01-17,Mobile,2,0,0
U3042,2026-01-18,Mobile,1,0,0
U3042,2026-01-19,PC,1,0,0
U3042,2026-01-20,Mobile,5,0,3
U3042,2026-01-21,Mobile,1,0,0
U3042,2026-01-22,PC,4,0,2
U3042,2026-01-23,Mobile,3,0,0
U3042,2026-01-24,PC,2,2,0
U3042,2026-01-26,Mobile,3,1,0
U3042,2026-01-27,Mobile,4,1,2
U3042,2026-01-28,Mobile,4,1,0
U3043,2026-01-15,Mobile,2,0,0
U3043,2026-01-16,Mobile,4,1,0
U3043,2026-01-17,Mobile,5,3,2
U3043,2026-01-18,PC,1,0,0
U3043,2026-01-19,PC,2,2,0
U3043,2026-01-20,Mobile,5,0,2
U3043,2026-01-21,PC,5,0,0
U3043,2026-01-23,Mobile,5,0,0
U3043,2026-01-24,PC,2,0,0
U3043,2026-01-26,Mobile,4,2,2
U3043,2026-01-27,Mobile,2,1,1
U3043,2026-01-28,PC,4,0,1
U3044,2026-01-15,PC,1,0,0
U3044,2026-01-16,PC,5,0,0
U3044,2026-01-17,PC,4,0,1
U3044,2026-01-18,Mobile,3,0,0
U3044,2026-01-19,Mobile,3,0,3
U3044,2026-01-21,PC,4,1,1
U3044,2026-01-23,Mobile,4,1,1
U3044,2026-01-24,PC,2,0,2
U3044,2026-01-25,PC,3,2,0
U3044,2026-01-26,PC,4,0,0
U3044,2026-01-27,Mobile,1,0,1
U3044,2026-01-28,Mobile,4,1,1
U3045,2026-01-15,Mobile,5,0,2
U3045,2026-01-16,PC,5,0,0
U3045,2026-01-17,PC,3,0,1
U3045,2026-01-18,Mobile,2,1,0
U3045,2026-01-19,PC,2,0,0
U3045,2026-01-20,PC,2,0,1
U3045,2026-01-21,PC,2,0,0
U3045,2026-01-22,PC,1,0,1
U3045,2026-01-23,Mobile,3,0,0
U3045,2026-01-24,Mobile,2,0,2
U3045,2026-01-25,PC,4,1,0
U3045,2026-01-26,Mobile,1,0,1
U3045,2026-01-27,Mobile,1,0,0
U3046,2026-01-15,Mobile,3,1,0
U3046,2026-01-16,PC,1,0,1
U3046,2026-01-17,PC,1,1,0
U3046,2026-01-19,PC,4,2,0
U3046,2026-01-20,Mobile,2,1,1
U3046,2026-01-22,Mobile,2,1,1
U3046,2026-01-23,PC,3,0,0
U3046,2026-01-26,PC,2,1,0
U3046,2026-01-27,Mobile,4,0,0
U3046,2026-01-28,Mobile,1,0,0
U3047,2026-01-15,Mobile,2,2,0
U3047,2026-01-16,Mobile,1,0,0
U3047,2026-01-17,PC,1,1,0
U3047,2026-01-18,PC,1,1,0
U3047,2026-01-19,Mobile,3,0,3
U3047,2026-01-21,PC,2,1,0
U3047,2026-01-22,Mobile,5,0,4
U3047,2026-01-23,Mobile,4,0,2
U3047,2026-01-24,Mobile,5,1,2
U3047,2026-01-25,Mobile,3,2,0
U3047,2026-01-27,PC,5,0,4
U3047,2026-01-28,Mobile,5,0,1
U3048,2026-01-15,Mobile,4,2,0
U3048,2026-01-16,PC,3,1,1
U3048,2026-01-18,Mobile,1,1,0
U3048,2026-01-19,Mobile,3,2,1
U3048,2026-01-20,Mobile,2,0,0
U3048,2026-01-21,Mobile,2,0,0
U3048,2026-01-22,Mobile,3,0,0
U3048,2026-01-23,PC,1,0,0
U3048,2026-01-24,PC,3,0,3
U3048,2026-01-25,Mobile,4,2,1
U3048,2026-01-27,PC,2,0,1
U3049,2026-01-15,PC,2,0,0
U3049,2026-01-16,Mobile,3,0,2
U3049,2026-01-17,Mobile,2,0,0
U3049,2026-01-18,Mobile,3,0,0
U3049,2026-01-19,PC,1,0,1
U3049,2026-01-20,PC,1,0,1
U3049,2026-01-21,Mobile,3,2,1
U3049,2026-01-22,PC,4,0,0
U3049,2026-01-23,Mobile,1,0,1
U3049,2026-01-24,PC,4,1,1
U3049,2026-01-25,PC,2,1,1
U3049,2026-01-26,Mobile,4,1,3
U3049,2026-01-28,Mobile,3,0,1
U3050,2026-01-15,Mobile,1,1,0
U3050,2026-01-16,Mobile,3,0,0
U3050,2026-01-17,Mobile,1,0,1
U3050,2026-01-19,PC,2,1,0
U3050,2026-01-20,PC,1,1,0
U3050,2026-01-22,PC,2,1,1
U3050,2026-01-23,Mobile,1,0,0
U3050,2026-01-24,PC,1,1,0
U3050,2026-01-25,PC,5,1,3
U3050,2026-01-26,Mobile,4,4,0
U3050,2026-01-27,Mobile,1,0,0
U3050,2026-01-28,PC,3,2,1
U3051,2026-01-15,PC,2,0,0
U3051,2026-01-16,Mobile,1,0,0
U3051,2026-01-18,Mobile,2,0,1
U3051,2026-01-19,PC,1,1,0
U3051,2026-01-20,Mobile,4,2,2
U3051,2026-01-21,PC,4,0,0
U3051,2026-01-22,Mobile,5,1,2
U3051,2026-01-23,Mobile,3,0,0
U3051,2026-01-24,PC,4,0,0
U3051,2026-01-25,Mobile,3,0,0
U3051,2026-01-26,Mobile,3,0,0
U3051,2026-01-27,Mobile,5,1,3
U3051,2026-01-28,PC,4,0,0
U3052,2026-01-15,PC,3,1,0
U3052,2026-01-16,Mobile,3,1,0
U3052,2026-01-17,PC,1,0,1
U3052,2026-01-18,Mobile,4,0,0
U3052,2026-01-20,Mobile,2,1,0
U3052,2026-01-21,PC,3,1,0
U3052,2026-01-22,PC,2,2,0
U3052,2026-01-23,PC,1,1,0
U3052,2026-01-24,PC,1,0,0
U3052,2026-01-25,Mobile,1,0,0
U3052,2026-01-26,Mobile,4,0,1
U3052,2026-01-27,Mobile,3,0,1
U3053,2026-01-15,PC,2,1,0
U3053,2026-01-16,Mobile,4,1,3
U3053,2026-01-17,PC,4,1,3
U3053,2026-01-18,Mobile,3,1,1
U3053,2026-01-19,Mobile,1,1,0
U3053,2026-01-21,Mobile,3,0,2
U3053,2026-01-22,PC,5,0,0
U3053,2026-01-23,Mobile,1,0,1
U3053,2026-01-24,Mobile,5,1,4
U3053,2026-01-25,Mobile,3,0,1
U3053,2026-01-26,Mobile,2,1,1
U3053,2026-01-27,PC,4,3,1
U3054,2026-01-15,PC,5,2,2
U3054,2026-01-17,Mobile,2,0,1
U3054,2026-01-18,Mobile,1,0,0
U3054,2026-01-19,PC,1,1,0
U3054,2026-01-21,PC,3,1,2
U3054,2026-01-22,Mobile,2,0,2
U3054,2026-01-23,Mobile,3,2,1
U3054,2026-01-24,Mobile,5,0,0
U3054,2026-01-25,Mobile,3,0,3
U3054,2026-01-26,Mobile,4,0,2
U3054,2026-01-28,PC,5,0,0
U3055,2026-01-16,Mobile,4,1,3
U3055,2026-01-17,PC,3,0,0
U3055,2026-01-18,PC,2,0,1
U3055,2026-01-19,Mobile,5,2,0
U3055,2026-01-20,Mobile,3,1,0
U3055,2026-01-21,Mobile,3,0,1
U3055,2026-01-22,Mobile,4,1,0
U3055,2026-01-23,Mobile,2,0,2
U3055,2026-01-24,Mobile,1,1,0
U3055,2026-01-25,PC,3,0,0
U3055,2026-01-26,PC,2,0,0
U3055,2026-01-27,PC,4,0,2
U3056,2026-01-15,PC,5,0,0
U3056,2026-01-17,Mobile,3,3,0
U3056,2026-01-18,PC,3,1,1
U3056,2026-01-20,PC,5,1,2
U3056,2026-01-21,Mobile,3,1,2
U3056,2026-01-22,PC,5,3,1
U3056,2026-01-23,PC,5,0,0
U3056,2026-01-25,Mobile,1,0,1
U3056,2026-01-26,Mobile,2,0,1
U3056,2026-01-27,Mobile,5,0,0
U3057,2026-01-15,PC,2,0,2
U3057,2026-01-16,Mobile,5,1,2
U3057,2026-01-17,PC,5,2,0
U3057,2026-01-18,Mobile,5,0,0
U3057,2026-01-20,Mobile,3,0,2
U3057,2026-01-21,PC,3,2,0
U3057,2026-01-22,PC,1,0,0
U3057,2026-01-23,Mobile,4,2,1
U3057,2026-01-24,Mobile,5,1,0
U3057,2026-01-25,PC,5,1,2
U3057,2026-01-26,PC,3,1,0
U3057,2026-01-27,PC,5,1,1
U3057,2026-01-28,PC,2,0,0
U3058,2026-01-15,Mobile,5,0,0
U3058,2026-01-16,Mobile,3,2,0
U3058,2026-01-17,Mobile,4,1,3
U3058,2026-01-18,Mobile,3,1,1
U3058,2026-01-19,Mobile,4,0,3
U3058,2026-01-20,Mobile,2,0,0
U3058,2026-01-21,Mobile,5,3,1
U3058,2026-01-22,Mobile,2,0,1
U3058,2026-01-23,Mobile,5,0,3
U3058,2026-01-24,PC,2,1,1
U3058,2026-01-25,PC,1,0,1
U3058,2026-01-26,Mobile,5,1,1
U3058,2026-01-27,Mobile,1,0,1
U3058,2026-01-28,Mobile,4,1,2
U3059,2026-01-15,PC,5,2,1
U3059,2026-01-16,Mobile,4,0,0
U3059,2026-01-17,Mobile,1,0,0
U3059,2026-01-18,Mobile,4,0,0
U3059,2026-01-19,Mobile,3,3,0
U3059,2026-01-20,Mobile,3,1,1
U3059,2026-01-21,PC,3,0,0
U3059,2026-01-22,Mobile,1,1,0
U3059,2026-01-24,PC,5,2,2
U3059,2026-01-25,PC,3,1,0
U3059,2026-01-26,PC,3,0,0
U3059,2026-01-28,Mobile,3,0,2
U3060,2026-01-15,Mobile,4,2,1
U3060,2026-01-16,Mobile,5,4,1
U3060,2026-01-17,Mobile,3,0,0
U3060,2026-01-18,PC,2,0,2
U3060,2026-01-19,PC,2,0,0
U3060,2026-01-20,Mobile,3,1,0
U3060,2026-01-21,PC,1,0,0
U3060,2026-01-22,PC,2,0,2
U3060,2026-01-23,Mobile,5,1,1
U3060,2026-01-24,PC,2,1,0
U3060,2026-01-25,Mobile,5,3,1
U3060,2026-01-26,PC,2,0,1
U3060,2026-01-27,PC,5,0,0
U3060,2026-01-28,Mobile,4,2,0
U3061,2026-01-15,Mobile,3,0,0
U3061,2026-01-16,Mobile,5,0,1
U3061,2026-01-17,PC,2,0,0
U3061,2026-01-18,Mobile,3,0,0
U3061,2026-01-19,Mobile,3,0,0
U3061,2026-01-20,Mobile,1,0,1
U3061,2026-01-21,Mobile,4,2,0
U3061,2026-01-22,Mobile,3,1,2
U3061,2026-01-23,Mobile,4,1,2
U3061,2026-01-24,Mobile,1,1,0
U3061,2026-01-25,Mobile,5,0,1
U3061,2026-01-26,PC,1,1,0
U3061,2026-01-27,Mobile,5,1,4
U3061,2026-01-28,PC,5,0,1
U3062,2026-01-15,PC,4,1,0
U3062,2026-01-17,Mobile,5,3,2
U3062,2026-01-18,PC,4,1,1
U3062,2026-01-20,PC,4,1,1
U3062,2026-01-21,Mobile,4,0,2
U3062,2026-01-22,PC,3,0,2
U3062,2026-01-23,PC,3,0,3
U3062,2026-01-24,PC,3,0,1
U3062,2026-01-25,Mobile,2,0,1
U3062,2026-01-26,Mobile,3,0,2
U3062,2026-01-27,Mobile,4,0,2
U3062,2026-01-28,Mobile,1,1,0
U3063,2026-01-15,Mobile,1,0,0
U3063,2026-01-16,Mobile,4,1,2
U3063,2026-01-17,Mobile,3,0,1
U3063,2026-01-18,PC,1,0,1
U3063,2026-01-19,PC,1,0,1
U3063,2026-01-20,Mobile,2,0,2
U3063,2026-01-21,Mobile,1,1,0
U3063,2026-01-22,Mobile,4,0,4
U3063,2026-01-23,Mobile,4,0,0
U3063,2026-01-26,PC,1,0,0
U3063,2026-01-27,Mobile,4,0,2
U3063,2026-01-28,PC,2,1,0
U3064,2026-01-15,Mobile,5,2,3
U3064,2026-01-16,Mobile,2,0,1
U3064,2026-01-17,Mobile,3,0,1
U3064,2026-01-18,PC,3,0,1
U3064,2026-01-19,Mobile,2,0,2
U3064,2026-01-20,PC,3,0,3
U3064,2026-01-22,Mobile,1,0,1
U3064,2026-01-23,Mobile,4,0,1
U3064,2026-01-24,PC,5,1,2
U3064,2026-01-25,Mobile,4,1,2
U3064,2026-01-27,PC,4,1,2
U3064,2026-01-28,PC,4,1,3
U3065,2026-01-15,Mobile,2,2,0
U3065,2026-01-17,Mobile,3,0,1
U3065,2026-01-18,PC,5,0,1
U3065,2026-01-20,Mobile,2,1,1
U3065,2026-01-21,PC,5,4,1
U3065,2026-01-22,Mobile,1,0,0
U3065,2026-01-23,Mobile,5,0,1
U3065,2026-01-24,Mobile,2,0,0
U3065,2026-01-25,Mobile,4,0,1
U3065,2026-01-26,Mobile,1,1,0
U3065,2026-01-27,Mobile,4,3,1
U3065,2026-01-28,Mobile,3,0,1
U3066,2026-01-15,PC,5,0,1
U3066,2026-01-16,Mobile,1,0,1
U3066,2026-01-17,PC,2,0,0
U3066,2026-01-18,Mobile,4,1,1
U3066,2026-01-19,Mobile,1,0,1
U3066,2026-01-20,Mobile,5,1,2
U3066,2026-01-21,PC,5,0,2
U3066,2026-01-22,PC,5,0,1
U3066,2026-01-23,Mobile,3,0,0
U3066,2026-01-24,Mobile,4,1,0
U3066,2026-01-25,Mobile,2,0,0
U3066,2026-01-26,Mobile,2,1,1
U3066,2026-01-27,PC,2,1,1
U3066,2026-01-28,PC,2,0,2
U3067,2026-01-15,Mobile,2,0,2
U3067,2026-01-16,Mobile,1,1,0
U3067,2026-01-17,PC,4,0,2
U3067,2026-01-18,Mobile,3,1,1
U3067,2026-01-19,Mobile,2,1,1
U3067,2026-01-20,PC,2,0,0
U3067,2026-01-21,Mobile,3,1,0
U3067,2026-01-23,Mobile,3,0,1
U3067,2026-01-24,PC,5,0,2
U3067,2026-01-26,PC,5,0,4
U3067,2026-01-27,Mobile,3,0,0
U3067,2026-01-28,Mobile,4,1,2
U3068,2026-01-15,PC,4,0,0
U3068,2026-01-16,Mobile,2,2,0
U3068,2026-01-17,Mobile,5,0,0
U3068,2026-01-18,PC,5,1,1
U3068,2026-01-19,Mobile,3,2,0
U3068,2026-01-20,Mobile,2,1,1
U3068,2026-01-21,PC,3,2,1
U3068,2026-01-22,PC,3,1,2
U3068,2026-01-23,PC,3,0,0
U3068,2026-01-24,PC,2,0,0
U3068,2026-01-25,Mobile,1,0,0
U3068,2026-01-27,PC,3,0,0
U3068,2026-01-28,Mobile,3,1,0
U3069,2026-01-15,Mobile,3,0,3
U3069,2026-01-16,PC,1,1,0
U3069,2026-01-17,Mobile,1,0,1
U3069,2026-01-18,PC,4,0,1
U3069,2026-01-19,PC,5,0,2
U3069,2026-01-20,PC,5,0,3
U3069,2026-01-21,Mobile,1,0,0
U3069,2026-01-22,PC,4,0,0
U3069,2026-01-23,Mobile,2,1,1
U3069,2026-01-24,Mobile,4,1,1
U3069,2026-01-25,PC,2,0,0
U3069,2026-01-26,Mobile,2,1,0
U3069,2026-01-27,Mobile,5,1,3
U3069,2026-01-28,Mobile,1,0,0
U3070,2026-01-15,PC,5,1,3
U3070,2026-01-16,PC,1,1,0
U3070,2026-01-17,Mobile,1,0,1
U3070,2026-01-18,PC,2,0,0
U3070,2026-01-19,PC,5,0,2
U3070,2026-01-20,Mobile,4,0,0
U3070,2026-01-22,Mobile,1,0,1
U3070,2026-01-23,Mobile,3,0,0
U3070,2026-01-24,PC,2,0,0
U3070,2026-01-25,Mobile,5,0,1
U3070,2026-01-26,Mobile,1,0,0
U3070,2026-01-27,PC,4,1,1
U3070,2026-01-28,PC,3,1,0
U3071,2026-01-15,PC,5,0,0
U3071,2026-01-16,PC,5,0,1
U3071,2026-01-18,Mobile,5,0,5
U3071,2026-01-19,PC,4,0,0
U3071,2026-01-20,Mobile,3,1,2
U3071,2026-01-21,PC,4,0,0
U3071,2026-01-22,Mobile,1,0,0
U3071,2026-01-23,PC,5,1,1
U3071,2026-01-24,PC,4,0,3
U3071,2026-01-25,PC,2,0,0
U3071,2026-01-26,Mobile,1,0,1
U3071,2026-01-27,PC,5,1,2
U3071,2026-01-28,Mobile,3,0,0
U3072,2026-01-15,Mobile,2,0,0
U3072,2026-01-16,Mobile,3,3,0
U3072,2026-01-18,Mobile,4,0,0
U3072,2026-01-19,PC,3,0,0
U3072,2026-01-20,Mobile,2,0,0
U3072,2026-01-21,Mobile,5,0,0
U3072,2026-01-22,PC,1,0,1
U3072,2026-01-23,PC,4,0,0
U3072,2026-01-24,Mobile,3,1,2
U3072,2026-01-25,Mobile,1,0,1
U3072,2026-01-27,PC,5,1,1
U3072,2026-01-28,PC,3,0,3
U3073,2026-01-15,Mobile,3,0,0
U3073,2026-01-16,Mobile,4,2,1
U3073,2026-01-17,Mobile,1,0,1
U3073,2026-01-18,Mobile,5,1,2
U3073,2026-01-19,Mobile,4,2,2
U3073,2026-01-20,PC,5,1,0
U3073,2026-01-21,PC,3,0,0
U3073,2026-01-22,PC,1,0,0
U3073,2026-01-23,PC,1,1,0
U3073,2026-01-24,Mobile,2,0,0
U3073,2026-01-25,Mobile,1,0,1
U3073,2026-01-26,Mobile,2,0,1
U3073,2026-01-27,Mobile,5,1,4
U3073,2026-01-28,Mobile,1,0,0
U3074,2026-01-15,Mobile,1,0,1
U3074,2026-01-16,Mobile,2,0,1
U3074,2026-01-17,Mobile,4,0,4
U3074,2026-01-18,Mobile,1,0,0
U3074,2026-01-19,Mobile,1,0,0
U3074,2026-01-20,PC,3,0,3
U3074,2026-01-21,Mobile,3,0,1
U3074,2026-01-22,Mobile,2,1,1
U3074,2026-01-24,Mobile,1,0,0
U3074,2026-01-25,Mobile,2,0,0
U3074,2026-01-26,Mobile,1,1,0
U3074,2026-01-27,Mobile,1,0,1
U3075,2026-01-15,PC,3,0,2
U3075,2026-01-16,PC,4,0,3
U3075,2026-01-17,Mobile,4,1,3
U3075,2026-01-18,Mobile,5,2,3
U3075,2026-01-19,PC,3,2,1
U3075,2026-01-20,PC,2,0,0
U3075,2026-01-21,Mobile,4,0,3
U3075,2026-01-22,PC,4,1,0
U3075,2026-01-23,Mobile,1,0,0
U3075,2026-01-24,Mobile,2,0,2
U3075,2026-01-25,Mobile,4,0,0
U3075,2026-01-26,Mobile,4,1,3
U3075,2026-01-27,Mobile,1,0,0
U3075,2026-01-28,PC,5,0,3
U3076,2026-01-15,Mobile,1,0,0
U3076,2026-01-16,PC,5,0,0
U3076,2026-01-17,Mobile,2,1,0
U3076,2026-01-18,Mobile,5,2,1
U3076,2026-01-19,PC,2,1,0
U3076,2026-01-20,PC,1,1,0
U3076,2026-01-21,Mobile,5,0,3
U3076,2026-01-22,Mobile,2,0,0
U3076,2026-01-23,Mobile,2,2,0
U3076,2026-01-24,Mobile,3,0,2
U3076,2026-01-25,Mobile,1,0,1
U3076,2026-01-26,PC,1,0,1
U3076,2026-01-27,Mobile,1,0,1
U3076,2026-01-28,PC,1,1,0
U3077,2026-01-15,Mobile,5,0,0
U3077,2026-01-16,Mobile,3,0,3
U3077,2026-01-17,Mobile,4,1,1
U3077,2026-01-18,Mobile,2,1,1
U3077,2026-01-19,Mobile,4,0,1
U3077,2026-01-20,Mobile,2,0,1
U3077,2026-01-21,PC,4,0,0
U3077,2026-01-22,Mobile,5,0,1
U3077,2026-01-23,Mobile,3,0,1
U3077,2026-01-24,PC,1,0,0
U3077,2026-01-25,Mobile,3,2,1
U3077,2026-01-26,Mobile,4,0,4
U3077,2026-01-27,Mobile,1,0,1
U3077,2026-01-28,Mobile,5,1,1
U3078,2026-01-15,Mobile,4,0,0
U3078,2026-01-17,Mobile,3,1,0
U3078,2026-01-19,PC,1,0,0
U3078,2026-01-20,PC,2,0,0
U3078,2026-01-21,Mobile,3,1,0
U3078,2026-01-22,Mobile,1,1,0
U3078,2026-01-23,Mobile,1,0,1
U3078,2026-01-24,PC,3,1,1
U3078,2026-01-26,PC,4,2,2
U3078,2026-01-27,PC,4,2,0
U3078,2026-01-28,Mobile,2,0,0
U3079,2026-01-15,Mobile,3,0,0
U3079,2026-01-16,PC,1,0,0
U3079,2026-01-17,Mobile,1,0,0
U3079,2026-01-18,Mobile,4,1,1
U3079,2026-01-19,Mobile,3,2,0
U3079,2026-01-20,Mobile,2,2,0
U3079,2026-01-21,PC,2,0,1
U3079,2026-01-22,Mobile,4,1,0
U3079,2026-01-23,Mobile,5,2,0
U3079,2026-01-24,Mobile,5,0,0
U3079,2026-01-25,PC,1,0,1
U3079,2026-01-26,Mobile,2,0,0
U3079,2026-01-27,Mobile,2,0,1
U3079,2026-01-28,PC,2,1,0
U3080,2026-01-15,PC,3,0,0
U3080,2026-01-16,PC,1,0,1
U3080,2026-01-17,PC,5,0,1
U3080,2026-01-18,Mobile,4,0,0
U3080,2026-01-19,Mobile,2,0,0
U3080,2026-01-20,Mobile,2,0,1
U3080,2026-01-22,Mobile,5,0,4
U3080,2026-01-23,PC,4,0,0
U3080,2026-01-24,PC,2,0,0
U3080,2026-01-25,PC,1,0,1
U3080,2026-01-26,Mobile,2,0,1
U3080,2026-01-27,PC,1,1,0
U3080,2026-01-28,Mobile,1,0,1
U3081,2026-01-15,Mobile,5,0,1
U3081,2026-01-16,Mobile,2,2,0
U3081,2026-01-17,PC,3,0,0
U3081,2026-01-18,PC,3,0,1
U3081,2026-01-19,PC,5,3,0
U3081,2026-01-20,Mobile,2,0,0
U3081,2026-01-21,PC,1,0,1
U3081,2026-01-22,PC,5,3,2
U3081,2026-01-23,Mobile,4,1,3
U3081,2026-01-24,Mobile,2,0,2
U3081,2026-01-25,Mobile,4,0,2
U3081,2026-01-28,Mobile,2,0,2
U3082,2026-01-15,PC,2,0,0
U3082,2026-01-16,Mobile,5,2,1
U3082,2026-01-17,Mobile,2,1,0
U3082,2026-01-18,Mobile,2,0,1
U3082,2026-01-19,PC,1,0,0
U3082,2026-01-20,PC,3,0,0
U3082,2026-01-21,PC,4,1,1
U3082,2026-01-22,Mobile,5,0,0
U3082,2026-01-23,Mobile,3,2,0
U3082,2026-01-24,PC,4,1,3
U3082,2026-01-25,PC,5,0,1
U3082,2026-01-26,Mobile,2,0,1
U3082,2026-01-27,PC,5,4,1
U3082,2026-01-28,Mobile,2,1,1
U3083,2026-01-15,PC,2,1,1
U3083,2026-01-16,PC,2,0,1
U3083,2026-01-19,Mobile,2,0,0
U3083,2026-01-20,Mobile,3,0,1
U3083,2026-01-21,PC,4,0,1
U3083,2026-01-22,Mobile,3,1,0
U3083,2026-01-23,PC,1,0,0
U3083,2026-01-24,Mobile,3,0,1
U3083,2026-01-26,PC,2,1,1
U3083,2026-01-27,PC,3,0,1
U3084,2026-01-15,Mobile,2,0,1
U3084,2026-01-16,Mobile,3,1,0
U3084,2026-01-17,Mobile,1,0,0
U3084,2026-01-18,Mobile,5,0,0
U3084,2026-01-19,Mobile,1,0,0
U3084,2026-01-20,Mobile,4,1,1
U3084,2026-01-22,Mobile,5,0,4
U3084,2026-01-23,Mobile,3,0,3
U3084,2026-01-24,PC,1,0,0
U3084,2026-01-25,PC,4,1,1
U3084,2026-01-26,PC,5,2,3
U3084,2026-01-27,PC,4,0,0
U3084,2026-01-28,Mobile,2,2,0
U3085,2026-01-15,Mobile,1,0,0
U3085,2026-01-17,Mobile,4,1,0
U3085,2026-01-18,PC,2,1,1
U3085,2026-01-19,PC,4,3,1
U3085,2026-01-20,Mobile,4,0,2
U3085,2026-01-22,Mobile,5,0,0
U3085,2026-01-23,PC,1,0,0
U3085,2026-01-24,Mobile,4,0,0
U3085,2026-01-25,Mobile,3,0,2
U3085,2026-01-26,Mobile,4,1,0
U3085,2026-01-27,PC,4,0,0
U3085,2026-01-28,PC,4,0,0
U3086,2026-01-15,Mobile,2,0,0
U3086,2026-01-16,PC,5,0,2
U3086,2026-01-17,Mobile,5,1,0
U3086,2026-01-19,PC,5,0,0
U3086,2026-01-20,PC,3,0,0
U3086,2026-01-21,PC,2,0,0
U3086,2026-01-22,Mobile,4,2,1
U3086,2026-01-23,PC,2,0,0
U3086,2026-01-24,PC,2,2,0
U3086,2026-01-25,PC,5,3,2
U3086,2026-01-26,Mobile,3,0,0
U3086,2026-01-27,PC,2,0,2
U3086,2026-01-28,Mobile,4,0,0
U3087,2026-01-15,Mobile,3,0,0
U3087,2026-01-16,Mobile,3,1,2
U3087,2026-01-17,PC,5,0,0
U3087,2026-01-18,Mobile,3,1,1
U3087,2026-01-20,PC,4,2,2
U3087,2026-01-21,PC,2,0,1
U3087,2026-01-22,Mobile,4,3,1
U3087,2026-01-23,Mobile,4,1,3
U3087,2026-01-24,PC,5,0,2
U3087,2026-01-25,Mobile,1,1,0
U3087,2026-01-26,PC,2,0,2
U3087,2026-01-27,PC,5,1,1
U3087,2026-01-28,Mobile,3,1,1
U3088,2026-01-15,Mobile,2,0,1
U3088,2026-01-16,Mobile,3,1,2
U3088,2026-01-18,PC,3,0,0
U3088,2026-01-20,Mobile,5,1,1
U3088,2026-01-21,PC,4,2,2
U3088,2026-01-22,PC,2,0,2
U3088,2026-01-23,PC,3,0,2
U3088,2026-01-24,Mobile,1,0,0
U3088,2026-01-26,PC,2,2,0
U3088,2026-01-27,Mobile,1,0,1
U3088,2026-01-28,PC,2,0,0
U3089,2026-01-15,PC,1,0,0
U3089,2026-01-16,PC,3,2,0
U3089,2026-01-17,PC,3,0,0
U3089,2026-01-18,PC,2,0,0
U3089,2026-01-20,Mobile,2,0,2
U3089,2026-01-21,PC,1,0,0
U3089,2026-01-22,Mobile,5,1,4
U3089,2026-01-23,Mobile,5,1,3
U3089,2026-01-24,PC,1,0,0
U3089,2026-01-26,PC,3,0,3
U3089,2026-01-27,Mobile,5,0,1
U3089,2026-01-28,PC,1,0,0
U3090,2026-01-15,Mobile,2,2,0
U3090,2026-01-16,Mobile,5,0,2
U3090,2026-01-17,Mobile,4,1,1
U3090,2026-01-18,Mobile,5,1,0
U3090,2026-01-19,Mobile,1,0,0
U3090,2026-01-20,Mobile,5,0,0
U3090,2026-01-21,Mobile,3,0,2
U3090,2026-01-22,Mobile,4,0,0
U3090,2026-01-23,Mobile,2,1,0
U3090,2026-01-24,Mobile,3,1,1
U3090,2026-01-26,Mobile,5,2,1
U3090,2026-01-27,PC,5,0,0
U3090,2026-01-28,Mobile,5,2,1
U3091,2026-01-15,Mobile,2,0,0
U3091,2026-01-16,Mobile,3,1,2
U3091,2026-01-17,PC,1,0,1
U3091,2026-01-18,Mobile,1,0,0
U3091,2026-01-19,PC,5,0,0
U3091,2026-01-20,PC,2,0,0
U3091,2026-01-21,Mobile,5,2,3
U3091,2026-01-22,PC,1,0,0
U3091,2026-01-23,Mobile,5,1,0
U3091,2026-01-24,Mobile,1,0,1
U3091,2026-01-25,Mobile,1,0,0
U3091,2026-01-26,Mobile,4,0,4
U3091,2026-01-27,PC,5,4,0
U3091,2026-01-28,Mobile,2,0,1
U3092,2026-01-15,PC,2,1,0
U3092,2026-01-16,Mobile,4,1,2
U3092,2026-01-17,Mobile,2,0,2
U3092,2026-01-18,Mobile,3,1,1
U3092,2026-01-19,PC,2,0,0
U3092,2026-01-20,Mobile,2,2,0
U3092,2026-01-21,Mobile,3,0,1
U3092,2026-01-22,PC,3,0,1
U3092,2026-01-23,PC,3,2,0
U3092,2026-01-24,PC,3,2,0
U3092,2026-01-25,Mobile,3,0,1
U3092,2026-01-26,PC,3,0,1
U3092,2026-01-27,Mobile,3,0,0
U3092,2026-01-28,Mobile,1,0,0
U3093,2026-01-15,Mobile,4,0,1
U3093,2026-01-16,Mobile,1,0,1
U3093,2026-01-17,Mobile,1,0,1
U3093,2026-01-18,PC,1,1,0
U3093,2026-01-19,Mobile,4,0,0
U3093,2026-01-20,PC,4,0,0
U3093,2026-01-21,Mobile,5,1,4
U3093,2026-01-22,Mobile,5,0,2
U3093,2026-01-24,Mobile,4,1,0
U3093,2026-01-25,Mobile,2,0,0
U3093,2026-01-26,Mobile,4,0,0
U3093,2026-01-27,Mobile,2,2,0
U3093,2026-01-28,PC,2,0,0
U3094,2026-01-16,Mobile,3,1,2
U3094,2026-01-17,Mobile,2,0,1
U3094,2026-01-18,Mobile,3,0,1
U3094,2026-01-19,PC,4,0,0
U3094,2026-01-20,PC,3,3,0
U3094,2026-01-21,PC,3,0,0
U3094,2026-01-22,Mobile,5,0,3
U3094,2026-01-24,Mobile,4,0,1
U3094,2026-01-26,Mobile,3,0,1
U3094,2026-01-27,PC,5,0,3
U3094,2026-01-28,PC,1,0,0
U3095,2026-01-15,Mobile,4,0,2
U3095,2026-01-16,Mobile,5,0,0
U3095,2026-01-17,PC,3,1,1
U3095,2026-01-18,PC,1,0,0
U3095,2026-01-19,PC,1,0,0
U3095,2026-01-20,PC,1,0,0
U3095,2026-01-21,PC,3,0,0
U3095,2026-01-22,PC,4,1,1
U3095,2026-01-24,Mobile,4,2,2
U3095,2026-01-25,Mobile,3,0,1
U3095,2026-01-26,PC,4,1,0
U3095,2026-01-28,PC,2,2,0
U3096,2026-01-15,Mobile,3,1,1
U3096,2026-01-16,PC,4,2,1
U3096,2026-01-17,Mobile,2,0,0
U3096,2026-01-18,PC,3,0,0
U3096,2026-01-19,Mobile,2,0,2
U3096,2026-01-20,Mobile,3,2,0
U3096,2026-01-22,Mobile,4,0,0
U3096,2026-01-23,Mobile,1,0,0
U3096,2026-01-24,PC,5,1,1
U3096,2026-01-25,Mobile,3,0,0
U3096,2026-01-26,PC,5,1,3
U3096,2026-01-27,Mobile,1,0,0
U3096,2026-01-28,PC,2,0,1
U3097,2026-01-15,Mobile,3,0,1
U3097,2026-01-16,Mobile,4,1,3
U3097,2026-01-17,PC,2,1,0
U3097,2026-01-18,PC,2,2,0
U3097,2026-01-19,Mobile,1,0,0
U3097,2026-01-20,PC,1,0,1
U3097,2026-01-21,Mobile,1,0,0
U3097,2026-01-22,Mobile,2,0,2
U3097,2026-01-24,PC,1,1,0
U3097,2026-01-25,Mobile,3,0,0
U3097,2026-01-26,PC,5,0,5
U3097,2026-01-27,Mobile,4,0,3
U3097,2026-01-28,PC,4,1,1
U3098,2026-01-15,PC,1,0,0
U3098,2026-01-16,Mobile,4,1,3
U3098,2026-01-17,Mobile,2,0,0
U3098,2026-01-18,PC,1,0,0
U3098,2026-01-19,PC,5,2,2
U3098,2026-01-20,Mobile,1,0,0
U3098,2026-01-22,Mobile,4,0,0
U3098,2026-01-24,Mobile,3,2,0
U3098,2026-01-25,Mobile,2,0,1
U3098,2026-01-26,PC,2,0,2
U3098,2026-01-27,PC,4,2,1
U3098,2026-01-28,PC,2,1,0
U3099,2026-01-15,Mobile,1,0,1
U3099,2026-01-17,Mobile,1,0,0
U3099,2026-01-18,PC,4,0,4
U3099,2026-01-19,PC,5,1,4
U3099,2026-01-20,PC,1,0,1
U3099,2026-01-21,Mobile,3,1,0
U3099,2026-01-22,PC,4,0,0
U3099,2026-01-23,PC,3,0,1
U3099,2026-01-24,PC,4,0,2
U3099,2026-01-25,Mobile,5,1,0
U3099,2026-01-27,PC,5,1,2
U3099,2026-01-28,PC,3,1,1
U3100,2026-01-15,Mobile,2,0,0
U3100,2026-01-17,Mobile,5,0,1
U3100,2026-01-18,PC,1,0,0
U3100,2026-01-19,Mobile,4,3,1
U3100,2026-01-20,Mobile,1,0,0
U3100,2026-01-21,PC,4,2,1
U3100,2026-01-22,PC,1,0,0
U3100,2026-01-23,Mobile,5,2,3
U3100,2026-01-24,PC,4,0,2
U3100,2026-01-25,Mobile,1,1,0
U3100,2026-01-26,PC,3,2,1
U3100,2026-01-27,PC,5,1,4
U3100,2026-01-28,Mobile,4,4,0
U3101,2026-01-15,PC,5,2,1
U3101,2026-01-16,Mobile,2,0,1
U3101,2026-01-17,Mobile,4,0,0
U3101,2026-01-18,PC,5,4,1
U3101,2026-01-19,Mobile,4,1,1
U3101,2026-01-20,Mobile,5,0,0
U3101,2026-01-21,PC,1,0,1
U3101,2026-01-22,Mobile,1,0,0
U3101,2026-01-23,PC,1,1,0
U3101,2026-01-24,PC,4,1,2
U3101,2026-01-25,Mobile,5,0,0
U3101,2026-01-26,Mobile,4,3,1
U3101,2026-01-27,Mobile,5,3,0
U3101,2026-01-28,Mobile,4,1,0
U3102,2026-01-15,PC,5,0,1
U3102,2026-01-16,Mobile,4,1,1
U3102,2026-01-17,PC,3,1,2
U3102,2026-01-18,Mobile,3,1,0
U3102,2026-01-19,Mobile,2,0,0
U3102,2026-01-20,PC,3,2,1
U3102,2026-01-22,Mobile,5,1,3
U3102,2026-01-23,Mobile,2,1,0
U3102,2026-01-24,Mobile,5,2,1
U3102,2026-01-27,Mobile,3,0,3
U3103,2026-01-15,PC,3,1,2
U3103,2026-01-16,PC,4,1,0
U3103,2026-01-17,PC,3,0,0
U3103,2026-01-19,Mobile,5,2,1
U3103,2026-01-20,Mobile,2,2,0
U3103,2026-01-21,Mobile,5,0,0
U3103,2026-01-23,Mobile,3,0,0
U3103,2026-01-24,PC,1,0,0
U3103,2026-01-25,Mobile,3,2,0
U3103,2026-01-26,Mobile,4,1,3
U3103,2026-01-27,Mobile,2,0,0
U3103,2026-01-28,PC,1,0,0
U3104,2026-01-16,Mobile,1,1,0
U3104,2026-01-17,PC,2,1,0
U3104,2026-01-18,PC,4,1,2
U3104,2026-01-19,PC,1,0,0
U3104,2026-01-20,PC,3,2,0
U3104,2026-01-21,PC,3,1,2
U3104,2026-01-22,PC,5,3,0
U3104,2026-01-23,Mobile,5,2,0
U3104,2026-01-24,PC,2,0,0
U3104,2026-01-25,Mobile,3,0,0
U3104,2026-01-26,Mobile,5,1,2
U3104,2026-01-27,Mobile,2,1,1
U3104,2026-01-28,Mobile,5,1,3
U3105,2026-01-15,Mobile,5,0,0
U3105,2026-01-16,PC,5,1,0
U3105,2026-01-17,Mobile,3,2,0
U3105,2026-01-18,Mobile,5,0,0
U3105,2026-01-19,Mobile,3,0,0
U3105,2026-01-20,PC,1,0,1
U3105,2026-01-21,PC,4,0,0
U3105,2026-01-22,Mobile,2,0,1
U3105,2026-01-23,Mobile,2,1,1
U3105,2026-01-24,Mobile,4,1,1
U3105,2026-01-25,Mobile,4,1,2
U3105,2026-01-26,PC,2,1,1
U3105,2026-01-27,PC,2,1,1
U3105,2026-01-28,PC,5,0,0
U3106,2026-01-15,PC,5,3,1
U3106,2026-01-16,Mobile,5,3,0
U3106,2026-01-17,Mobile,3,0,0
U3106,2026-01-18,Mobile,3,0,1
U3106,2026-01-19,PC,2,0,1
U3106,2026-01-20,PC,1,0,0
U3106,2026-01-21,Mobile,4,1,1
U3106,2026-01-23,PC,4,0,0
U3106,2026-01-24,PC,2,0,0
U3106,2026-01-26,Mobile,2,1,0
U3106,2026-01-27,PC,3,2,1
U3107,2026-01-16,PC,5,1,4
U3107,2026-01-17,PC,4,0,3
U3107,2026-01-18,Mobile,2,0,0
U3107,2026-01-19,PC,1,1,0
U3107,2026-01-20,Mobile,2,0,0
U3107,2026-01-21,Mobile,5,0,0
U3107,2026-01-22,Mobile,2,1,1
U3107,2026-01-24,PC,5,0,4
U3107,2026-01-25,Mobile,4,0,0
U3107,2026-01-27,Mobile,3,0,0
U3107,2026-01-28,PC,1,0,0
U3108,2026-01-15,Mobile,1,0,1
U3108,2026-01-16,Mobile,2,0,1
U3108,2026-01-17,PC,4,1,2
U3108,2026-01-18,Mobile,1,0,0
U3108,2026-01-19,PC,5,0,0
U3108,2026-01-20,PC,3,1,0
U3108,2026-01-21,PC,3,0,0
U3108,2026-01-22,Mobile,1,0,0
U3108,2026-01-23,Mobile,4,1,0
U3108,2026-01-24,Mobile,3,1,1
U3108,2026-01-25,PC,5,2,3
U3108,2026-01-26,PC,3,0,0
U3108,2026-01-28,PC,2,0,0
U3109,2026-01-15,Mobile,5,1,1
U3109,2026-01-17,PC,1,0,1
U3109,2026-01-18,Mobile,4,0,2
U3109,2026-01-19,Mobile,2,0,2
U3109,2026-01-20,PC,4,1,3
U3109,2026-01-21,Mobile,4,0,2
U3109,2026-01-22,Mobile,1,1,0
U3109,2026-01-23,PC,3,0,3
U3109,2026-01-24,Mobile,4,2,1
U3109,2026-01-25,Mobile,3,0,3
U3109,2026-01-26,Mobile,3,1,0
U3109,2026-01-28,Mobile,4,0,1
U3110,2026-01-15,Mobile,5,1,3
U3110,2026-01-16,Mobile,2,0,0
U3110,2026-01-17,PC,5,0,2
U3110,2026-01-18,Mobile,5,1,2
U3110,2026-01-19,PC,2,0,2
U3110,2026-01-20,Mobile,5,0,1
U3110,2026-01-21,PC,1,1,0
U3110,2026-01-22,Mobile,2,0,0
U3110,2026-01-23,PC,4,0,0
U3110,2026-01-24,PC,2,0,0
U3110,2026-01-25,PC,3,0,3
U3110,2026-01-26,Mobile,2,0,1
U3110,2026-01-27,PC,3,2,0
U3110,2026-01-28,Mobile,5,0,2
U3111,2026-01-15,PC,1,1,0
U3111,2026-01-16,Mobile,1,0,0
U3111,2026-01-17,Mobile,2,2,0
U3111,2026-01-18,PC,4,3,1
U3111,2026-01-19,PC,4,1,1
U3111,2026-01-20,PC,3,0,0
U3111,2026-01-21,Mobile,2,0,0
U3111,2026-01-22,PC,5,1,0
U3111,2026-01-23,PC,4,0,2
U3111,2026-01-24,PC,5,0,3
U3111,2026-01-25,PC,3,1,0
U3111,2026-01-26,Mobile,2,0,0
U3111,2026-01-27,PC,3,1,0
U3111,2026-01-28,PC,5,0,0
U3112,2026-01-15,PC,1,1,0
U3112,2026-01-16,Mobile,3,1,0
U3112,2026-01-17,Mobile,3,2,1
U3112,2026-01-18,PC,5,2,1
U3112,2026-01-19,PC,1,1,0
U3112,2026-01-20,PC,1,1,0
U3112,2026-01-22,Mobile,1,0,0
U3112,2026-01-23,Mobile,3,2,1
U3112,2026-01-24,PC,2,0,1
U3112,2026-01-25,Mobile,1,0,1
U3112,2026-01-26,Mobile,1,1,0
U3112,2026-01-27,PC,2,1,0
U3113,2026-01-15,Mobile,2,1,1
U3113,2026-01-16,Mobile,2,0,0
U3113,2026-01-17,PC,5,2,0
U3113,2026-01-19,PC,2,1,1
U3113,2026-01-20,Mobile,3,1,0
U3113,2026-01-21,Mobile,3,1,2
U3113,2026-01-22,Mobile,2,0,1
U3113,2026-01-23,PC,5,2,1
U3113,2026-01-24,PC,1,1,0
U3113,2026-01-25,Mobile,2,0,1
U3113,2026-01-26,Mobile,3,1,1
U3113,2026-01-28,Mobile,4,1,0
U3114,2026-01-15,Mobile,5,1,2
U3114,2026-01-17,PC,1,0,0
U3114,2026-01-18,Mobile,4,0,0
U3114,2026-01-19,PC,3,0,0
U3114,2026-01-20,PC,3,1,2
U3114,2026-01-21,Mobile,2,0,0
U3114,2026-01-22,PC,1,0,1
U3114,2026-01-23,Mobile,4,0,2
U3114,2026-01-24,Mobile,3,0,3
U3114,2026-01-25,PC,2,0,2
U3114,2026-01-26,Mobile,5,0,0
U3114,2026-01-27,Mobile,1,0,0
U3114,2026-01-28,Mobile,2,0,0
U3115,2026-01-15,Mobile,2,0,0
U3115,2026-01-16,PC,2,1,0
U3115,2026-01-17,PC,5,1,3
U3115,2026-01-18,Mobile,3,0,0
U3115,2026-01-19,Mobile,4,2,2
U3115,2026-01-20,Mobile,4,1,1
U3115,2026-01-21,Mobile,1,0,0
U3115,2026-01-22,Mobile,2,0,1
U3115,2026-01-24,Mobile,2,1,1
U3115,2026-01-25,PC,4,0,0
U3115,2026-01-26,Mobile,4,0,1
U3115,2026-01-27,Mobile,3,0,2
U3115,2026-01-28,Mobile,5,0,5
U3116,2026-01-15,Mobile,5,0,1
U3116,2026-01-16,PC,5,0,3
U3116,2026-01-17,Mobile,5,2,3
U3116,2026-01-18,PC,3,3,0
U3116,2026-01-19,PC,3,0,2
U3116,2026-01-20,PC,1,0,0
U3116,2026-01-21,PC,1,0,0
U3116,2026-01-22,PC,5,2,2
U3116,2026-01-23,Mobile,2,1,0
U3116,2026-01-24,PC,2,0,1
U3116,2026-01-25,Mobile,1,0,0
U3116,2026-01-26,Mobile,1,0,1
U3116,2026-01-28,Mobile,3,1,2
U3117,2026-01-15,PC,4,1,1
U3117,2026-01-16,Mobile,2,1,1
U3117,2026-01-17,Mobile,1,0,0
U3117,2026-01-18,PC,3,0,2
U3117,2026-01-19,Mobile,4,0,4
U3117,2026-01-20,Mobile,5,0,0
U3117,2026-01-21,Mobile,3,1,1
U3117,2026-01-22,Mobile,1,0,0
U3117,2026-01-23,PC,2,0,2
U3117,2026-01-24,Mobile,2,0,2
U3117,2026-01-26,PC,2,2,0
U3117,2026-01-28,PC,3,1,0
U3118,2026-01-15,Mobile,5,3,2
U3118,2026-01-16,PC,5,2,2
U3118,2026-01-17,Mobile,2,1,0
U3118,2026-01-18,PC,4,0,0
U3118,2026-01-19,Mobile,4,2,0
U3118,2026-01-20,Mobile,2,0,0
U3118,2026-01-21,Mobile,1,0,0
U3118,2026-01-22,Mobile,3,2,1
U3118,2026-01-23,PC,3,1,0
U3118,2026-01-24,Mobile,2,2,0
U3118,2026-01-25,Mobile,4,2,1
U3118,2026-01-26,Mobile,1,0,1
U3118,2026-01-28,PC,3,0,0
U3119,2026-01-15,Mobile,4,0,0
U3119,2026-01-16,PC,2,0,2
U3119,2026-01-17,PC,3,1,2
U3119,2026-01-18,PC,4,1,0
U3119,2026-01-19,Mobile,5,0,0
U3119,2026-01-20,Mobile,5,2,3
U3119,2026-01-21,PC,2,0,0
U3119,2026-01-22,Mobile,1,1,0
U3119,2026-01-23,PC,1,1,0
U3119,2026-01-24,Mobile,4,1,2
U3119,2026-01-25,PC,5,1,1
U3119,2026-01-26,PC,3,1,1
U3119,2026-01-27,Mobile,4,0,0
U3119,2026-01-28,PC,3,1,0
U3120,2026-01-15,Mobile,1,0,1
U3120,2026-01-17,Mobile,5,1,2
U3120,2026-01-18,Mobile,2,1,1
U3120,2026-01-19,PC,2,0,2
U3120,2026-01-20,Mobile,1,0,0
U3120,2026-01-21,PC,5,2,2
U3120,2026-01-22,Mobile,5,0,0
U3120,2026-01-23,PC,4,0,1
U3120,2026-01-24,PC,5,0,2
U3120,2026-01-25,Mobile,5,2,1
U3120,2026-01-26,Mobile,2,0,0
U3120,2026-01-27,Mobile,3,1,1
U3120,2026-01-28,PC,4,0,1
U3121,2026-01-15,Mobile,1,0,1
U3121,2026-01-16,PC,2,1,1
U3121,2026-01-17,Mobile,2,1,0
U3121,2026-01-18,Mobile,1,0,0
U3121,2026-01-19,PC,1,0,1
U3121,2026-01-20,Mobile,1,0,0
U3121,2026-01-21,Mobile,3,1,0
U3121,2026-01-23,Mobile,5,0,2
U3121,2026-01-25,Mobile,2,1,1
U3121,2026-01-26,Mobile,2,2,0
U3121,2026-01-27,Mobile,4,1,0
U3121,2026-01-28,PC,1,0,1
U3122,2026-01-15,Mobile,3,0,1
U3122,2026-01-16,PC,4,0,0
U3122,2026-01-17,Mobile,3,0,0
U3122,2026-01-18,Mobile,3,1,2
U3122,2026-01-19,Mobile,5,0,1
U3122,2026-01-20,Mobile,5,0,0
U3122,2026-01-21,Mobile,1,0,0
U3122,2026-01-22,Mobile,5,2,3
U3122,2026-01-24,Mobile,3,1,1
U3122,2026-01-25,Mobile,5,1,3
U3122,2026-01-26,PC,2,0,0
U3122,2026-01-27,Mobile,1,0,0
U3123,2026-01-15,Mobile,3,1,2
U3123,2026-01-16,PC,5,0,4
U3123,2026-01-17,Mobile,3,0,3
U3123,2026-01-18,Mobile,1,0,0
U3123,2026-01-19,Mobile,1,0,0
U3123,2026-01-20,PC,4,0,1
U3123,2026-01-21,Mobile,4,1,1
U3123,2026-01-22,PC,3,0,1
U3123,2026-01-23,PC,2,1,1
U3123,2026-01-24,Mobile,3,0,2
U3123,2026-01-25,Mobile,1,0,0
U3123,2026-01-26,Mobile,2,0,1
U3123,2026-01-27,Mobile,1,0,0
U3123,2026-01-28,Mobile,2,0,2
U3124,2026-01-15,Mobile,1,1,0
U3124,2026-01-16,Mobile,3,1,0
U3124,2026-01-17,PC,2,0,1
U3124,2026-01-18,PC,5,0,0
U3124,2026-01-19,Mobile,4,1,2
U3124,2026-01-20,Mobile,1,1,0
U3124,2026-01-21,Mobile,2,0,0
U3124,2026-01-22,Mobile,2,0,0
U3124,2026-01-23,PC,2,0,1
U3124,2026-01-24,Mobile,1,0,0
U3124,2026-01-25,PC,1,1,0
U3124,2026-01-26,Mobile,4,1,1
U3124,2026-01-27,Mobile,1,0,1
U3124,2026-01-28,Mobile,5,2,0
U3125,2026-01-16,Mobile,2,1,0
U3125,2026-01-17,PC,2,0,0
U3125,2026-01-18,Mobile,2,0,0
U3125,2026-01-19,PC,3,0,0
U3125,2026-01-20,PC,4,0,4
U3125,2026-01-21,PC,5,2,3
U3125,2026-01-22,Mobile,3,1,0
U3125,2026-01-23,Mobile,3,0,0
U3125,2026-01-24,Mobile,4,1,0
U3125,2026-01-25,PC,5,1,1
U3125,2026-01-27,PC,4,0,2
U3125,2026-01-28,PC,2,0,1
U3126,2026-01-15,Mobile,3,0,1
U3126,2026-01-16,PC,4,1,1
U3126,2026-01-17,PC,2,1,1
U3126,2026-01-18,PC,1,0,0
U3126,2026-01-19,Mobile,3,1,1
U3126,2026-01-20,PC,3,0,2
U3126,2026-01-21,Mobile,4,0,0
U3126,2026-01-23,Mobile,2,1,1
U3126,2026-01-24,Mobile,4,1,0
U3126,2026-01-25,PC,3,1,2
U3126,2026-01-26,Mobile,3,0,0
U3126,2026-01-27,PC,2,0,0
U3126,2026-01-28,Mobile,4,0,0
U3127,2026-01-15,PC,3,2,1
U3127,2026-01-16,Mobile,3,1,0
U3127,2026-01-17,Mobile,4,0,0
U3127,2026-01-18,PC,1,1,0
U3127,2026-01-19,PC,4,2,0
U3127,2026-01-20,Mobile,5,2,1
U3127,2026-01-21,PC,3,0,0
U3127,2026-01-22,PC,5,2,1
U3127,2026-01-23,Mobile,4,1,1
U3127,2026-01-24,Mobile,1,0,0
U3127,2026-01-26,Mobile,2,0,1
U3127,2026-01-27,PC,3,3,0
U3128,2026-01-15,PC,3,1,2
U3128,2026-01-16,Mobile,1,0,0
U3128,2026-01-17,PC,2,0,0
U3128,2026-01-18,PC,4,0,1
U3128,2026-01-19,PC,5,0,1
U3128,2026-01-20,PC,4,1,0
U3128,2026-01-21,Mobile,2,0,0
U3128,2026-01-22,PC,2,0,1
U3128,2026-01-23,Mobile,3,0,0
U3128,2026-01-24,Mobile,1,0,0
U3128,2026-01-25,PC,4,3,1
U3128,2026-01-26,Mobile,2,0,0
U3128,2026-01-27,PC,2,0,0
U3128,2026-01-28,Mobile,2,1,0
U3129,2026-01-16,Mobile,1,1,0
U3129,2026-01-17,PC,4,0,0
U3129,2026-01-18,Mobile,4,1,3
U3129,2026-01-19,PC,5,3,0
U3129,2026-01-20,Mobile,2,0,0
U3129,2026-01-21,Mobile,4,0,0
U3129,2026-01-22,PC,5,1,4
U3129,2026-01-23,Mobile,1,0,1
U3129,2026-01-24,Mobile,1,1,0
U3129,2026-01-25,Mobile,5,1,1
U3129,2026-01-26,Mobile,3,0,0
U3129,2026-01-27,PC,2,0,0
U3129,2026-01-28,PC,1,0,0
U3130,2026-01-16,PC,5,1,0
U3130,2026-01-17,PC,3,0,3
U3130,2026-01-18,PC,1,0,0
U3130,2026-01-19,PC,1,0,0
U3130,2026-01-20,Mobile,4,0,0
U3130,2026-01-21,Mobile,4,3,1
U3130,2026-01-23,Mobile,4,3,1
U3130,2026-01-24,Mobile,4,0,0
U3130,2026-01-25,PC,2,0,0
U3130,2026-01-26,PC,4,2,2
U3130,2026-01-27,Mobile,1,0,0
U3131,2026-01-16,Mobile,5,1,1
U3131,2026-01-17,PC,2,0,0
U3131,2026-01-20,Mobile,1,0,1
U3131,2026-01-21,Mobile,3,0,3
U3131,2026-01-22,Mobile,4,0,2
U3131,2026-01-23,Mobile,4,0,3
U3131,2026-01-24,Mobile,4,0,4
U3131,2026-01-25,Mobile,3,0,1
U3131,2026-01-27,PC,2,0,1
U3131,2026-01-28,Mobile,3,0,1
U3132,2026-01-15,Mobile,2,0,1
U3132,2026-01-16,PC,4,0,0
U3132,2026-01-17,PC,4,0,3
U3132,2026-01-18,Mobile,1,0,0
U3132,2026-01-20,Mobile,2,0,0
U3132,2026-01-21,Mobile,5,1,4
U3132,2026-01-22,Mobile,5,1,4
U3132,2026-01-25,PC,4,0,0
U3132,2026-01-26,PC,3,0,1
U3132,2026-01-27,PC,4,0,1
U3132,2026-01-28,Mobile,1,0,1
U3133,2026-01-16,PC,5,0,2
U3133,2026-01-17,Mobile,1,0,1
U3133,2026-01-18,PC,3,0,0
U3133,2026-01-19,PC,5,1,3
U3133,2026-01-20,Mobile,1,0,0
U3133,2026-01-22,Mobile,2,0,0
U3133,2026-01-23,Mobile,5,1,1
U3133,2026-01-24,PC,3,1,2
U3133,2026-01-25,PC,5,1,0
U3133,2026-01-26,PC,1,0,0
U3133,2026-01-27,Mobile,3,0,1
U3133,2026-01-28,Mobile,5,1,2
U3134,2026-01-15,Mobile,3,0,0
U3134,2026-01-16,PC,4,0,0
U3134,2026-01-17,Mobile,3,2,1
U3134,2026-01-18,PC,3,0,0
U3134,2026-01-20,Mobile,5,5,0
U3134,2026-01-21,PC,2,1,1
U3134,2026-01-22,Mobile,5,3,0
U3134,2026-01-23,PC,5,4,1
U3134,2026-01-24,PC,2,2,0
U3134,2026-01-25,Mobile,4,2,1
U3134,2026-01-26,Mobile,2,0,0
U3134,2026-01-27,PC,5,1,1
U3134,2026-01-28,Mobile,3,1,1
U3135,2026-01-15,PC,3,1,1
U3135,2026-01-16,PC,4,0,1
U3135,2026-01-17,Mobile,5,1,2
U3135,2026-01-18,PC,5,2,2
U3135,2026-01-19,PC,5,1,1
U3135,2026-01-20,PC,3,2,0
U3135,2026-01-21,Mobile,4,0,0
U3135,2026-01-22,Mobile,4,3,0
U3135,2026-01-23,Mobile,4,2,2
U3135,2026-01-24,Mobile,3,0,0
U3135,2026-01-25,Mobile,2,1,1
U3135,2026-01-26,Mobile,5,1,0
U3135,2026-01-27,Mobile,5,3,1
U3135,2026-01-28,PC,5,3,1
U3136,2026-01-15,PC,5,0,2
U3136,2026-01-16,Mobile,5,0,3
U3136,2026-01-17,PC,1,0,0
U3136,2026-01-18,Mobile,2,0,1
U3136,2026-01-19,Mobile,1,0,0
U3136,2026-01-20,Mobile,5,0,5
U3136,2026-01-21,Mobile,1,0,0
U3136,2026-01-22,PC,5,0,1
U3136,2026-01-23,PC,2,0,1
U3136,2026-01-25,PC,2,0,0
U3136,2026-01-26,Mobile,3,0,0
U3136,2026-01-27,Mobile,2,0,2
U3136,2026-01-28,Mobile,2,0,1
U3137,2026-01-15,PC,5,0,1
U3137,2026-01-16,Mobile,3,2,0
U3137,2026-01-17,PC,2,0,1
U3137,2026-01-18,PC,1,1,0
U3137,2026-01-19,Mobile,3,0,1
U3137,2026-01-20,PC,2,0,1
U3137,2026-01-21,Mobile,2,2,0
U3137,2026-01-22,Mobile,5,0,1
U3137,2026-01-23,PC,4,1,0
U3137,2026-01-26,PC,2,1,1
U3137,2026-01-27,Mobile,5,0,1
U3137,2026-01-28,Mobile,1,0,0
U3138,2026-01-15,Mobile,4,1,0
U3138,2026-01-16,Mobile,1,0,0
U3138,2026-01-17,Mobile,5,3,1
U3138,2026-01-18,Mobile,2,1,1
U3138,2026-01-19,Mobile,3,0,0
U3138,2026-01-20,Mobile,5,2,2
U3138,2026-01-21,Mobile,1,0,0
U3138,2026-01-22,Mobile,5,2,0
U3138,2026-01-24,Mobile,1,1,0
U3138,2026-01-25,Mobile,2,1,0
U3138,2026-01-26,Mobile,2,0,0
U3138,2026-01-27,PC,3,1,2
U3138,2026-01-28,Mobile,4,1,0
U3139,2026-01-15,Mobile,1,1,0
U3139,2026-01-16,Mobile,3,0,0
U3139,2026-01-17,PC,1,0,1
U3139,2026-01-18,PC,3,0,0
U3139,2026-01-19,Mobile,5,4,1
U3139,2026-01-20,PC,5,2,2
U3139,2026-01-21,Mobile,1,0,0
U3139,2026-01-22,PC,4,1,0
U3139,2026-01-23,Mobile,3,0,0
U3139,2026-01-24,PC,3,0,0
U3139,2026-01-25,Mobile,4,1,2
U3139,2026-01-26,Mobile,4,1,0
U3139,2026-01-27,PC,3,0,0
U3139,2026-01-28,Mobile,3,3,0
U3140,2026-01-15,PC,5,0,0
U3140,2026-01-16,Mobile,4,1,1
U3140,2026-01-17,Mobile,4,0,1
U3140,2026-01-18,Mobile,5,2,3
U3140,2026-01-19,Mobile,1,0,1
U3140,2026-01-20,Mobile,3,0,0
U3140,2026-01-22,Mobile,1,0,0
U3140,2026-01-23,Mobile,2,0,0
U3140,2026-01-24,Mobile,5,1,4
U3140,2026-01-25,PC,1,0,1
U3140,2026-01-26,Mobile,3,1,0
U3140,2026-01-27,Mobile,2,0,0
U3140,2026-01-28,PC,2,1,1
U3141,2026-01-15,Mobile,3,1,1
U3141,2026-01-16,Mobile,2,0,0
U3141,2026-01-17,Mobile,3,0,0
U3141,2026-01-18,Mobile,5,5,0
U3141,2026-01-19,PC,2,0,1
U3141,2026-01-20,Mobile,5,1,2
U3141,2026-01-21,Mobile,1,0,0
U3141,2026-01-22,PC,5,3,2
U3141,2026-01-23,PC,5,0,0
U3141,2026-01-24,Mobile,5,3,1
U3141,2026-01-25,Mobile,5,0,1
U3141,2026-01-26,PC,3,0,0
U3141,2026-01-28,Mobile,1,0,1
U3142,2026-01-15,PC,2,1,0
U3142,2026-01-16,Mobile,4,0,4
U3142,2026-01-17,Mobile,1,0,0
U3142,2026-01-18,Mobile,3,0,3
U3142,2026-01-19,PC,2,0,2
U3142,2026-01-20,Mobile,2,1,1
U3142,2026-01-21,Mobile,3,0,2
U3142,2026-01-23,PC,2,0,0
U3142,2026-01-24,Mobile,4,0,1
U3142,2026-01-25,PC,2,0,0
U3142,2026-01-26,Mobile,5,0,0
U3142,2026-01-28,Mobile,2,1,1
U3143,2026-01-15,Mobile,5,1,4
U3143,2026-01-16,PC,3,0,2
U3143,2026-01-17,PC,1,0,0
U3143,2026-01-18,PC,3,1,1
U3143,2026-01-19,Mobile,5,2,1
U3143,2026-01-20,PC,2,0,1
U3143,2026-01-21,PC,3,0,1
U3143,2026-01-22,PC,4,2,1
U3143,2026-01-23,Mobile,1,0,1
U3143,2026-01-24,Mobile,1,0,1
U3143,2026-01-25,PC,1,0,1
U3143,2026-01-26,Mobile,5,1,1
U3143,2026-01-27,PC,4,0,4
U3144,2026-01-15,PC,4,2,0
U3144,2026-01-16,PC,5,1,3
U3144,2026-01-17,Mobile,4,1,1
U3144,2026-01-18,PC,2,1,1
U3144,2026-01-19,PC,1,0,0
U3144,2026-01-20,Mobile,1,0,0
U3144,2026-01-21,Mobile,5,2,1
U3144,2026-01-22,Mobile,3,1,0
U3144,2026-01-23,Mobile,3,1,0
U3144,2026-01-24,Mobile,4,0,0
U3144,2026-01-25,Mobile,2,0,1
U3144,2026-01-26,Mobile,4,1,0
U3144,2026-01-27,PC,3,1,1
U3144,2026-01-28,Mobile,3,0,0
U3145,2026-01-15,PC,3,2,1
U3145,2026-01-16,Mobile,1,0,1
U3145,2026-01-17,Mobile,3,0,1
U3145,2026-01-18,PC,1,0,0
U3145,2026-01-19,Mobile,4,0,0
U3145,2026-01-20,PC,2,0,0
U3145,2026-01-21,PC,1,0,0
U3145,2026-01-22,Mobile,5,3,2
U3145,2026-01-25,Mobile,5,2,1
U3145,2026-01-26,Mobile,5,1,0
U3145,2026-01-27,Mobile,1,1,0
U3145,2026-01-28,PC,3,1,0
U3146,2026-01-16,Mobile,3,2,1
U3146,2026-01-17,PC,3,0,0
U3146,2026-01-18,Mobile,5,0,0
U3146,2026-01-19,PC,1,0,1
U3146,2026-01-20,Mobile,4,1,1
U3146,2026-01-21,PC,5,1,4
U3146,2026-01-22,Mobile,4,0,2
U3146,2026-01-23,PC,3,0,2
U3146,2026-01-24,PC,3,1,0
U3146,2026-01-25,Mobile,5,0,4
U3146,2026-01-26,Mobile,1,0,0
U3146,2026-01-27,Mobile,4,0,0
U3146,2026-01-28,Mobile,3,1,1
U3147,2026-01-16,PC,3,0,0
U3147,2026-01-17,Mobile,5,0,0
U3147,2026-01-18,Mobile,5,0,0
U3147,2026-01-19,PC,4,0,1
U3147,2026-01-20,PC,3,0,2
U3147,2026-01-22,PC,2,1,1
U3147,2026-01-23,PC,2,0,2
U3147,2026-01-24,Mobile,1,0,1
U3147,2026-01-25,Mobile,5,0,1
U3147,2026-01-26,Mobile,3,0,1
U3147,2026-01-27,Mobile,2,0,0
U3148,2026-01-15,PC,4,1,1
U3148,2026-01-16,Mobile,5,1,3
U3148,2026-01-17,Mobile,5,1,1
U3148,2026-01-18,Mobile,1,0,0
U3148,2026-01-19,PC,2,0,1
U3148,2026-01-20,Mobile,4,0,2
U3148,2026-01-21,Mobile,3,0,3
U3148,2026-01-22,Mobile,3,0,2
U3148,2026-01-23,Mobile,2,0,1
U3148,2026-01-24,PC,3,1,1
U3148,2026-01-25,Mobile,3,1,0
U3148,2026-01-26,PC,3,1,1
U3148,2026-01-27,Mobile,4,1,1
U3148,2026-01-28,PC,4,0,2
U3149,2026-01-15,Mobile,3,0,0
U3149,2026-01-16,Mobile,2,0,2
U3149,2026-01-17,Mobile,5,0,0
U3149,2026-01-18,Mobile,2,0,1
U3149,2026-01-19,Mobile,1,0,1
U3149,2026-01-20,PC,4,0,0
U3149,2026-01-21,Mobile,4,1,1
U3149,2026-01-22,Mobile,5,2,2
U3149,2026-01-23,Mobile,2,0,0
U3149,2026-01-24,Mobile,3,0,0
U3149,2026-01-25,PC,5,0,3
U3149,2026-01-26,Mobile,3,1,2
U3149,2026-01-28,Mobile,2,0,2
U3150,2026-01-15,PC,2,0,0
U3150,2026-01-16,Mobile,4,1,1
U3150,2026-01-17,Mobile,3,1,0
U3150,2026-01-18,Mobile,2,1,1
U3150,2026-01-19,Mobile,1,0,1
U3150,2026-01-22,PC,3,0,0
U3150,2026-01-23,Mobile,4,2,0
U3150,2026-01-24,PC,3,2,1
U3150,2026-01-25,PC,1,0,1
U3150,2026-01-26,PC,2,0,1
U3150,2026-01-27,Mobile,1,0,0
U3150,2026-01-28,Mobile,3,2,0
U3151,2026-01-15,Mobile,2,0,2
U3151,2026-01-16,PC,3,0,3
U3151,2026-01-17,PC,4,0,0
U3151,2026-01-18,Mobile,1,0,0
U3151,2026-01-19,PC,1,0,0
U3151,2026-01-20,Mobile,4,1,2
U3151,2026-01-21,PC,4,2,2
U3151,2026-01-22,Mobile,5,1,2
U3151,2026-01-23,Mobile,5,0,5
U3151,2026-01-24,PC,2,1,1
U3151,2026-01-25,Mobile,2,1,0
U3151,2026-01-26,Mobile,2,0,0
U3151,2026-01-27,Mobile,3,0,0
U3152,2026-01-15,PC,1,0,0
U3152,2026-01-16,PC,4,2,0
U3152,2026-01-18,PC,1,0,1
U3152,2026-01-19,PC,1,0,0
U3152,2026-01-20,Mobile,2,0,0
U3152,2026-01-21,Mobile,1,0,0
U3152,2026-01-23,PC,2,1,1
U3152,2026-01-24,Mobile,1,1,0
U3152,2026-01-25,PC,4,1,3
U3152,2026-01-26,Mobile,1,1,0
U3152,2026-01-27,PC,4,1,1
U3152,2026-01-28,PC,5,1,4
U3153,2026-01-15,PC,2,0,1
U3153,2026-01-16,PC,2,0,0
U3153,2026-01-17,Mobile,2,2,0
U3153,2026-01-18,Mobile,3,2,0
U3153,2026-01-19,Mobile,3,1,1
U3153,2026-01-20,PC,1,0,0
U3153,2026-01-21,PC,3,0,0
U3153,2026-01-22,PC,1,0,0
U3153,2026-01-23,PC,2,0,0
U3153,2026-01-24,Mobile,1,0,0
U3153,2026-01-25,PC,3,0,0
U3153,2026-01-26,Mobile,5,0,0
U3153,2026-01-27,Mobile,2,1,0
U3154,2026-01-15,PC,1,0,0
U3154,2026-01-16,Mobile,5,0,3
U3154,2026-01-17,PC,2,0,2
U3154,2026-01-18,PC,1,0,0
U3154,2026-01-19,Mobile,1,1,0
U3154,2026-01-20,Mobile,1,0,0
U3154,2026-01-21,Mobile,5,3,1
U3154,2026-01-22,Mobile,5,1,0
U3154,2026-01-23,Mobile,1,0,0
U3154,2026-01-24,Mobile,2,0,0
U3154,2026-01-25,PC,4,2,2
U3154,2026-01-27,PC,3,1,2
U3154,2026-01-28,PC,5,0,0
U3155,2026-01-15,PC,5,2,0
U3155,2026-01-16,Mobile,4,1,3
U3155,2026-01-17,Mobile,5,0,5
U3155,2026-01-19,Mobile,4,1,3
U3155,2026-01-20,PC,1,0,0
U3155,2026-01-21,PC,2,0,1
U3155,2026-01-22,Mobile,5,1,2
U3155,2026-01-23,PC,4,1,0
U3155,2026-01-24,Mobile,3,0,1
U3155,2026-01-25,Mobile,3,0,2
U3155,2026-01-26,Mobile,5,0,3
U3155,2026-01-28,Mobile,2,0,0
U3156,2026-01-15,Mobile,1,1,0
U3156,2026-01-16,PC,4,0,3
U3156,2026-01-17,PC,3,1,1
U3156,2026-01-18,PC,5,1,0
U3156,2026-01-19,PC,1,0,1
U3156,2026-01-20,Mobile,1,0,1
U3156,2026-01-21,Mobile,3,1,1
U3156,2026-01-22,Mobile,5,2,3
U3156,2026-01-24,Mobile,2,1,1
U3156,2026-01-25,Mobile,4,1,2
U3156,2026-01-26,Mobile,1,0,0
U3156,2026-01-27,PC,2,0,1
U3156,2026-01-28,Mobile,4,1,2
U3157,2026-01-15,PC,5,0,0
U3157,2026-01-16,Mobile,2,0,0
U3157,2026-01-17,PC,3,0,3
U3157,2026-01-18,PC,2,0,0
U3157,2026-01-19,Mobile,2,0,1
U3157,2026-01-20,PC,4,1,2
U3157,2026-01-21,PC,4,0,2
U3157,2026-01-22,PC,2,0,0
U3157,2026-01-23,Mobile,5,0,1
U3157,2026-01-24,Mobile,5,0,0
U3157,2026-01-25,Mobile,4,1,2
U3157,2026-01-26,Mobile,3,1,2
U3157,2026-01-27,Mobile,3,0,1
U3157,2026-01-28,Mobile,1,0,1
U3158,2026-01-16,PC,4,0,0
U3158,2026-01-17,PC,1,0,0
U3158,2026-01-18,Mobile,4,1,0
U3158,2026-01-19,Mobile,2,1,1
U3158,2026-01-20,PC,3,1,0
U3158,2026-01-21,PC,3,0,0
U3158,2026-01-22,PC,4,0,1
U3158,2026-01-23,Mobile,4,1,0
U3158,2026-01-24,Mobile,3,0,2
U3158,2026-01-25,Mobile,5,0,0
U3158,2026-01-26,Mobile,5,2,1
U3158,2026-01-27,PC,4,3,0
U3158,2026-01-28,PC,4,1,2
U3159,2026-01-15,Mobile,3,0,0
U3159,2026-01-16,PC,4,0,2
U3159,2026-01-17,PC,4,0,1
U3159,2026-01-18,PC,4,1,1
U3159,2026-01-19,Mobile,1,0,1
U3159,2026-01-20,Mobile,3,0,3
U3159,2026-01-21,PC,2,1,1
U3159,2026-01-22,PC,1,0,0
U3159,2026-01-23,PC,2,0,1
U3159,2026-01-24,Mobile,3,0,0
U3159,2026-01-25,Mobile,2,1,1
U3159,2026-01-26,PC,1,0,1
U3159,2026-01-28,Mobile,1,1,0
U3160,2026-01-15,PC,3,0,0
U3160,2026-01-16,Mobile,4,1,1
U3160,2026-01-17,Mobile,5,1,1
U3160,2026-01-18,Mobile,2,0,0
U3160,2026-01-19,PC,1,0,1
U3160,2026-01-20,Mobile,3,0,2
U3160,2026-01-21,PC,2,0,2
U3160,2026-01-22,PC,2,0,0
U3160,2026-01-23,Mobile,2,0,0
U3160,2026-01-24,Mobile,3,0,3
U3160,2026-01-25,PC,2,0,0
U3160,2026-01-26,Mobile,1,0,1
U3160,2026-01-27,Mobile,5,3,2
U3160,2026-01-28,PC,3,1,0
U3161,2026-01-15,PC,3,0,0
U3161,2026-01-16,PC,3,1,0
U3161,2026-01-17,PC,1,1,0
U3161,2026-01-18,PC,2,0,1
U3161,2026-01-19,PC,2,1,0
U3161,2026-01-20,PC,4,2,0
U3161,2026-01-21,Mobile,2,1,1
U3161,2026-01-22,PC,3,0,1
U3161,2026-01-23,Mobile,5,2,3
U3161,2026-01-24,Mobile,2,0,0
U3161,2026-01-25,Mobile,3,0,1
U3161,2026-01-26,Mobile,5,1,2
U3161,2026-01-28,PC,2,1,0
U3162,2026-01-15,PC,5,0,5
U3162,2026-01-16,Mobile,4,1,2
U3162,2026-01-17,PC,1,0,0
U3162,2026-01-18,Mobile,1,0,1
U3162,2026-01-19,Mobile,1,0,1
U3162,2026-01-20,Mobile,1,0,1
U3162,2026-01-22,Mobile,1,0,0
U3162,2026-01-24,Mobile,1,0,0
U3162,2026-01-25,Mobile,2,0,0
U3162,2026-01-26,Mobile,5,1,2
U3162,2026-01-27,Mobile,4,0,3
U3162,2026-01-28,PC,5,2,3
U3163,2026-01-15,Mobile,3,1,1
U3163,2026-01-16,Mobile,1,0,1
U3163,2026-01-17,Mobile,2,1,0
U3163,2026-01-18,PC,1,0,1
U3163,2026-01-19,PC,4,2,1
U3163,2026-01-20,Mobile,2,0,0
U3163,2026-01-21,Mobile,4,2,2
U3163,2026-01-25,Mobile,4,0,0
U3163,2026-01-26,PC,5,3,1
U3163,2026-01-27,PC,1,0,0
U3163,2026-01-28,Mobile,4,2,2
U3164,2026-01-15,PC,2,0,1
U3164,2026-01-16,Mobile,5,1,0
U3164,2026-01-17,PC,5,4,0
U3164,2026-01-18,Mobile,4,3,1
U3164,2026-01-20,Mobile,1,0,0
U3164,2026-01-21,PC,3,0,0
U3164,2026-01-22,Mobile,3,0,1
U3164,2026-01-23,Mobile,4,1,0
U3164,2026-01-24,Mobile,4,1,3
U3164,2026-01-25,Mobile,4,1,3
U3164,2026-01-26,Mobile,3,2,1
U3164,2026-01-27,PC,2,0,0
U3165,2026-01-15,Mobile,3,1,2
U3165,2026-01-16,Mobile,2,1,1
U3165,2026-01-17,Mobile,4,1,1
U3165,2026-01-18,Mobile,1,0,1
U3165,2026-01-19,Mobile,4,0,2
U3165,2026-01-20,PC,3,0,1
U3165,2026-01-21,Mobile,3,1,2
U3165,2026-01-22,PC,5,2,3
U3165,2026-01-23,Mobile,5,0,3
U3165,2026-01-24,Mobile,5,0,1
U3165,2026-01-25,Mobile,4,1,2
U3165,2026-01-26,Mobile,2,0,1
U3165,2026-01-27,Mobile,5,2,0
U3166,2026-01-15,PC,5,0,1
U3166,2026-01-16,PC,1,0,1
U3166,2026-01-17,PC,2,0,0
U3166,2026-01-18,Mobile,4,0,4
U3166,2026-01-19,PC,5,2,2
U3166,2026-01-20,PC,4,1,1
U3166,2026-01-21,Mobile,2,0,2
U3166,2026-01-22,Mobile,4,0,1
U3166,2026-01-23,PC,1,0,0
U3166,2026-01-24,Mobile,4,1,3
U3166,2026-01-25,PC,1,0,0
U3166,2026-01-26,PC,2,1,1
U3166,2026-01-27,PC,5,1,1
U3166,2026-01-28,Mobile,3,0,3
U3167,2026-01-15,Mobile,1,0,0
U3167,2026-01-18,Mobile,1,0,1
U3167,2026-01-19,PC,4,2,0
U3167,2026-01-20,Mobile,5,0,0
U3167,2026-01-21,PC,4,1,3
U3167,2026-01-22,PC,2,0,0
U3167,2026-01-23,PC,1,0,0
U3167,2026-01-24,Mobile,3,2,1
U3167,2026-01-25,PC,5,1,0
U3167,2026-01-26,Mobile,2,1,0
U3167,2026-01-27,PC,4,0,0
U3168,2026-01-15,Mobile,3,0,0
U3168,2026-01-17,PC,2,0,0
U3168,2026-01-18,PC,2,0,0
U3168,2026-01-19,PC,3,0,0
U3168,2026-01-20,Mobile,1,0,1
U3168,2026-01-21,PC,3,0,2
U3168,2026-01-22,Mobile,2,1,1
U3168,2026-01-23,PC,2,0,0
U3168,2026-01-25,Mobile,1,0,1
U3168,2026-01-26,PC,5,1,1
U3168,2026-01-28,Mobile,5,1,2
U3169,2026-01-15,Mobile,1,0,0
U3169,2026-01-16,Mobile,1,1,0
U3169,2026-01-17,PC,2,1,1
U3169,2026-01-18,PC,5,0,0
U3169,2026-01-19,Mobile,2,0,0
U3169,2026-01-20,Mobile,3,0,0
U3169,2026-01-21,Mobile,3,0,0
U3169,2026-01-22,Mobile,1,0,1
U3169,2026-01-23,Mobile,4,1,1
U3169,2026-01-24,Mobile,3,1,1
U3169,2026-01-25,PC,4,3,1
U3169,2026-01-26,Mobile,5,4,0
U3169,2026-01-27,PC,5,0,0
U3169,2026-01-28,PC,3,0,0
U3170,2026-01-15,PC,2,2,0
U3170,2026-01-16,Mobile,1,1,0
U3170,2026-01-17,Mobile,3,1,1
U3170,2026-01-18,PC,1,1,0
U3170,2026-01-19,PC,3,0,0
U3170,2026-01-20,Mobile,5,3,0
U3170,2026-01-21,Mobile,1,0,1
U3170,2026-01-23,PC,3,2,0
U3170,2026-01-24,Mobile,5,1,4
U3170,2026-01-25,Mobile,1,1,0
U3170,2026-01-26,Mobile,3,0,2
U3170,2026-01-27,PC,2,0,2
U3170,2026-01-28,Mobile,5,2,0
U3171,2026-01-16,Mobile,2,0,0
U3171,2026-01-17,Mobile,1,1,0
U3171,2026-01-18,PC,5,2,1
U3171,2026-01-19,Mobile,3,0,0
U3171,2026-01-20,Mobile,1,0,0
U3171,2026-01-21,PC,1,0,0
U3171,2026-01-23,Mobile,3,3,0
U3171,2026-01-24,Mobile,3,0,3
U3171,2026-01-25,Mobile,4,3,0
U3171,2026-01-26,PC,3,1,1
U3171,2026-01-27,Mobile,3,2,0
U3171,2026-01-28,PC,2,1,0
U3172,2026-01-15,PC,3,2,1
U3172,2026-01-16,Mobile,3,2,1
U3172,2026-01-17,Mobile,3,0,0
U3172,2026-01-18,PC,1,0,0
U3172,2026-01-19,Mobile,1,0,0
U3172,2026-01-20,Mobile,4,4,0
U3172,2026-01-21,Mobile,4,2,0
U3172,2026-01-23,PC,2,0,0
U3172,2026-01-24,Mobile,2,0,0
U3172,2026-01-25,Mobile,2,0,0
U3172,2026-01-26,PC,4,0,0
U3172,2026-01-27,PC,1,0,0
U3172,2026-01-28,Mobile,3,2,1
U3173,2026-01-15,Mobile,4,2,2
U3173,2026-01-16,Mobile,4,1,2
U3173,2026-01-17,PC,3,0,0
U3173,2026-01-18,PC,4,0,0
U3173,2026-01-19,Mobile,4,0,1
U3173,2026-01-20,PC,3,1,1
U3173,2026-01-21,Mobile,1,0,0
U3173,2026-01-22,PC,2,0,0
U3173,2026-01-23,Mobile,3,0,2
U3173,2026-01-24,Mobile,5,2,2
U3173,2026-01-25,PC,1,1,0
U3173,2026-01-26,PC,4,0,1
U3173,2026-01-27,PC,4,0,3
U3173,2026-01-28,Mobile,3,2,1
U3174,2026-01-15,Mobile,2,0,0
U3174,2026-01-16,PC,2,0,0
U3174,2026-01-18,PC,1,0,0
U3174,2026-01-19,Mobile,3,0,3
U3174,2026-01-20,Mobile,3,0,2
U3174,2026-01-21,PC,2,0,1
U3174,2026-01-22,Mobile,2,0,1
U3174,2026-01-24,Mobile,2,0,1
U3174,2026-01-26,PC,3,0,2
U3174,2026-01-27,Mobile,1,0,0
U3174,2026-01-28,Mobile,2,0,0
U3175,2026-01-15,PC,1,1,0
U3175,2026-01-16,PC,3,0,1
U3175,2026-01-17,Mobile,1,0,0
U3175,2026-01-18,Mobile,5,0,0
U3175,2026-01-19,PC,2,0,1
U3175,2026-01-20,Mobile,4,0,1
U3175,2026-01-21,Mobile,4,1,1
U3175,2026-01-22,Mobile,2,0,2
U3175,2026-01-23,PC,3,0,0
U3175,2026-01-24,PC,4,0,0
U3175,2026-01-25,PC,3,1,1
U3175,2026-01-26,Mobile,2,2,0
U3175,2026-01-27,Mobile,5,3,1
U3175,2026-01-28,Mobile,4,1,0
U3176,2026-01-15,PC,3,1,0
U3176,2026-01-16,Mobile,5,0,1
U3176,2026-01-17,Mobile,4,0,0
U3176,2026-01-18,PC,5,1,4
U3176,2026-01-19,PC,2,1,1
U3176,2026-01-20,Mobile,2,0,2
U3176,2026-01-21,Mobile,2,1,1
U3176,2026-01-22,PC,3,0,2
U3176,2026-01-23,PC,2,0,2
U3176,2026-01-24,Mobile,4,1,3
U3176,2026-01-25,PC,5,0,3
U3176,2026-01-26,Mobile,5,1,1
U3176,2026-01-27,Mobile,2,0,0
U3176,2026-01-28,Mobile,4,1,3
U3177,2026-01-15,Mobile,5,1,3
U3177,2026-01-16,PC,4,1,0
U3177,2026-01-17,Mobile,5,1,0
U3177,2026-01-18,PC,4,0,4
U3177,2026-01-19,Mobile,3,0,2
U3177,2026-01-20,Mobile,4,0,0
U3177,2026-01-21,Mobile,4,1,3
U3177,2026-01-22,PC,3,0,1
U3177,2026-01-23,Mobile,3,0,2
U3177,2026-01-24,PC,5,0,0
U3177,2026-01-25,Mobile,2,1,1
U3177,2026-01-26,Mobile,3,0,2
U3178,2026-01-15,Mobile,5,1,1
U3178,2026-01-16,PC,3,0,1
U3178,2026-01-17,PC,5,0,2
U3178,2026-01-18,Mobile,4,1,3
U3178,2026-01-19,Mobile,1,1,0
U3178,2026-01-20,Mobile,3,0,1
U3178,2026-01-21,PC,1,0,1
U3178,2026-01-23,PC,2,2,0
U3178,2026-01-24,PC,2,1,1
U3178,2026-01-25,Mobile,5,2,2
U3178,2026-01-26,PC,4,2,1
U3178,2026-01-27,PC,5,0,3
U3178,2026-01-28,Mobile,3,0,1
U3179,2026-01-15,PC,1,0,1
U3179,2026-01-16,Mobile,5,0,1
U3179,2026-01-17,PC,2,0,0
U3179,2026-01-18,PC,4,0,3
U3179,2026-01-19,PC,1,0,1
U3179,2026-01-20,Mobile,1,0,0
U3179,2026-01-21,PC,3,0,0
U3179,2026-01-22,Mobile,5,0,0
U3179,2026-01-23,Mobile,4,0,4
U3179,2026-01-24,PC,4,0,1
U3179,2026-01-25,PC,5,1,1
U3179,2026-01-26,Mobile,1,0,0
U3179,2026-01-27,Mobile,2,0,1
U3179,2026-01-28,Mobile,2,0,0
U3180,2026-01-15,Mobile,1,0,0
U3180,2026-01-16,Mobile,2,0,0
U3180,2026-01-17,Mobile,2,1,1
U3180,2026-01-19,PC,2,0,1
U3180,2026-01-21,Mobile,4,2,1
U3180,2026-01-22,Mobile,5,4,0
U3180,2026-01-23,Mobile,4,0,1
U3180,2026-01-24,Mobile,1,1,0
U3180,2026-01-25,PC,1,0,1
U3180,2026-01-26,Mobile,1,1,0
U3180,2026-01-27,PC,2,0,1
U3180,2026-01-28,Mobile,3,0,0
U3181,2026-01-15,PC,5,1,4
U3181,2026-01-17,Mobile,3,1,2
U3181,2026-01-18,PC,5,0,1
U3181,2026-01-19,PC,5,0,0
U3181,2026-01-20,PC,3,1,2
U3181,2026-01-21,PC,5,0,1
U3181,2026-01-22,PC,1,0,0
U3181,2026-01-24,Mobile,3,0,0
U3181,2026-01-25,PC,2,0,1
U3181,2026-01-26,PC,2,0,0
U3181,2026-01-27,PC,2,0,0
U3181,2026-01-28,Mobile,5,0,0
U3182,2026-01-15,Mobile,3,0,1
U3182,2026-01-16,Mobile,5,4,1
U3182,2026-01-17,PC,5,1,0
U3182,2026-01-18,Mobile,3,0,2
U3182,2026-01-20,Mobile,1,0,0
U3182,2026-01-21,Mobile,2,0,0
U3182,2026-01-22,Mobile,2,0,0
U3182,2026-01-23,PC,1,0,1
U3182,2026-01-24,Mobile,5,2,1
U3182,2026-01-25,PC,3,2,1
U3182,2026-01-26,PC,5,2,1
U3182,2026-01-27,Mobile,4,1,1
U3182,2026-01-28,Mobile,1,0,0
U3183,2026-01-15,Mobile,2,0,1
U3183,2026-01-16,Mobile,4,4,0
U3183,2026-01-17,PC,1,0,0
U3183,2026-01-19,Mobile,3,0,0
U3183,2026-01-20,PC,4,0,1
U3183,2026-01-21,Mobile,5,1,0
U3183,2026-01-23,PC,5,3,1
U3183,2026-01-24,Mobile,2,0,0
U3183,2026-01-26,Mobile,2,1,1
U3183,2026-01-27,Mobile,3,2,1
U3184,2026-01-15,Mobile,1,0,0
U3184,2026-01-16,PC,3,2,1
U3184,2026-01-17,PC,5,3,2
U3184,2026-01-18,Mobile,2,1,1
U3184,2026-01-19,PC,4,1,0
U3184,2026-01-20,PC,1,0,1
U3184,2026-01-21,Mobile,1,0,0
U3184,2026-01-22,PC,5,2,0
U3184,2026-01-25,PC,1,0,1
U3184,2026-01-26,Mobile,1,0,1
U3184,2026-01-27,PC,5,0,1
U3184,2026-01-28,PC,1,0,1
U3185,2026-01-15,PC,2,0,0
U3185,2026-01-16,Mobile,4,1,3
U3185,2026-01-17,Mobile,1,0,0
U3185,2026-01-18,Mobile,2,2,0
U3185,2026-01-19,Mobile,4,0,1
U3185,2026-01-20,Mobile,4,3,1
U3185,2026-01-21,Mobile,4,3,0
U3185,2026-01-22,Mobile,3,0,1
U3185,2026-01-23,PC,5,2,2
U3185,2026-01-24,Mobile,4,2,0
U3185,2026-01-25,Mobile,1,1,0
U3185,2026-01-26,Mobile,1,0,0
U3185,2026-01-27,Mobile,1,0,1
U3185,2026-01-28,Mobile,4,1,1
U3186,2026-01-15,Mobile,1,0,0
U3186,2026-01-16,Mobile,2,0,1
U3186,2026-01-17,Mobile,1,1,0
U3186,2026-01-18,Mobile,1,0,0
U3186,2026-01-19,Mobile,1,1,0
U3186,2026-01-21,Mobile,3,0,3
U3186,2026-01-23,PC,4,0,2
U3186,2026-01-24,PC,2,0,2
U3186,2026-01-26,PC,1,0,0
U3186,2026-01-27,Mobile,1,0,1
U3187,2026-01-15,Mobile,4,0,0
U3187,2026-01-16,Mobile,5,0,0
U3187,2026-01-17,PC,2,0,0
U3187,2026-01-18,PC,4,0,0
U3187,2026-01-19,Mobile,5,1,3
U3187,2026-01-20,Mobile,1,0,1
U3187,2026-01-21,Mobile,2,0,1
U3187,2026-01-22,Mobile,5,0,1
U3187,2026-01-23,PC,5,1,4
U3187,2026-01-24,Mobile,5,1,1
U3187,2026-01-25,Mobile,2,0,0
U3187,2026-01-26,PC,2,0,0
U3187,2026-01-28,Mobile,1,0,1
U3188,2026-01-15,Mobile,2,0,2
U3188,2026-01-16,PC,2,0,0
U3188,2026-01-17,Mobile,1,0,0
U3188,2026-01-18,PC,3,2,1
U3188,2026-01-19,Mobile,5,2,3
U3188,2026-01-20,PC,4,0,2
U3188,2026-01-21,PC,4,0,0
U3188,2026-01-22,PC,2,1,0
U3188,2026-01-23,Mobile,4,1,3
U3188,2026-01-24,Mobile,2,0,0
U3188,2026-01-25,PC,1,0,0
U3188,2026-01-26,Mobile,5,1,3
U3188,2026-01-27,PC,2,2,0
U3188,2026-01-28,Mobile,2,1,1
U3189,2026-01-15,Mobile,5,2,1
U3189,2026-01-16,Mobile,2,0,2
U3189,2026-01-17,Mobile,4,0,0
U3189,2026-01-19,Mobile,5,3,1
U3189,2026-01-20,Mobile,1,0,0
U3189,2026-01-22,Mobile,2,1,1
U3189,2026-01-23,PC,2,0,0
U3189,2026-01-24,PC,5,1,3
U3189,2026-01-25,Mobile,3,1,0
U3189,2026-01-26,PC,3,0,3
U3189,2026-01-27,Mobile,2,2,0
U3189,2026-01-28,PC,1,0,0
U3190,2026-01-15,Mobile,4,1,2
U3190,2026-01-16,PC,3,1,1
U3190,2026-01-17,Mobile,5,0,2
U3190,2026-01-18,Mobile,2,0,0
U3190,2026-01-19,PC,5,0,4
U3190,2026-01-20,Mobile,3,0,2
U3190,2026-01-21,Mobile,4,1,3
U3190,2026-01-22,Mobile,2,0,0
U3190,2026-01-23,PC,4,0,0
U3190,2026-01-24,PC,1,0,0
U3190,2026-01-26,Mobile,1,1,0
U3190,2026-01-27,Mobile,4,1,1
U3191,2026-01-16,Mobile,4,0,3
U3191,2026-01-17,Mobile,3,0,2
U3191,2026-01-18,PC,4,0,4
U3191,2026-01-19,Mobile,1,0,0
U3191,2026-01-21,PC,4,0,0
U3191,2026-01-22,Mobile,2,0,1
U3191,2026-01-23,Mobile,2,0,1
U3191,2026-01-24,Mobile,5,0,0
U3191,2026-01-25,Mobile,4,1,3
U3191,2026-01-26,PC,4,0,1
U3191,2026-01-27,PC,2,1,1
U3191,2026-01-28,PC,1,0,0
U3192,2026-01-15,Mobile,1,0,0
U3192,2026-01-17,Mobile,2,1,1
U3192,2026-01-18,PC,4,2,2
U3192,2026-01-20,Mobile,2,0,2
U3192,2026-01-21,Mobile,3,0,0
U3192,2026-01-22,Mobile,4,1,3
U3192,2026-01-23,Mobile,5,2,1
U3192,2026-01-24,PC,1,0,0
U3192,2026-01-25,PC,5,2,2
U3192,2026-01-26,PC,2,2,0
U3193,2026-01-15,PC,1,0,1
U3193,2026-01-16,Mobile,3,1,2
U3193,2026-01-17,Mobile,3,0,1
U3193,2026-01-19,Mobile,1,0,1
U3193,2026-01-20,Mobile,5,0,1
U3193,2026-01-21,PC,3,0,1
U3193,2026-01-22,PC,2,0,0
U3193,2026-01-23,Mobile,1,0,1
U3193,2026-01-24,Mobile,5,0,0
U3193,2026-01-25,PC,2,0,1
U3193,2026-01-26,PC,3,0,0
U3193,2026-01-27,PC,3,0,0
U3193,2026-01-28,Mobile,1,0,1
U3194,2026-01-15,Mobile,3,1,1
U3194,2026-01-16,Mobile,3,1,1
U3194,2026-01-18,Mobile,5,1,0
U3194,2026-01-19,Mobile,3,0,3
U3194,2026-01-20,Mobile,3,0,1
U3194,2026-01-21,PC,2,0,0
U3194,2026-01-23,PC,3,0,3
U3194,2026-01-25,PC,3,0,1
U3194,2026-01-26,PC,1,1,0
U3194,2026-01-28,Mobile,2,1,0
U3195,2026-01-15,Mobile,2,1,0
U3195,2026-01-16,Mobile,1,0,1
U3195,2026-01-17,PC,3,0,0
U3195,2026-01-18,PC,2,0,1
U3195,2026-01-20,Mobile,3,0,0
U3195,2026-01-21,PC,3,2,0
U3195,2026-01-22,PC,2,2,0
U3195,2026-01-23,PC,3,1,0
U3195,2026-01-24,Mobile,2,0,2
U3195,2026-01-25,Mobile,5,1,4
U3195,2026-01-26,Mobile,4,1,0
U3195,2026-01-27,Mobile,5,0,0
U3195,2026-01-28,PC,3,0,0
U3196,2026-01-15,PC,4,2,2
U3196,2026-01-16,PC,5,0,0
U3196,2026-01-17,PC,2,0,1
U3196,2026-01-18,PC,1,0,1
U3196,2026-01-19,Mobile,1,1,0
U3196,2026-01-20,PC,2,2,0
U3196,2026-01-21,PC,4,0,0
U3196,2026-01-22,Mobile,1,1,0
U3196,2026-01-23,PC,2,0,0
U3196,2026-01-24,PC,5,1,0
U3196,2026-01-25,Mobile,4,0,1
U3196,2026-01-27,Mobile,5,3,1
U3196,2026-01-28,Mobile,5,0,2
U3197,2026-01-15,PC,1,1,0
U3197,2026-01-16,Mobile,3,1,1
U3197,2026-01-19,Mobile,1,0,0
U3197,2026-01-20,Mobile,1,0,0
U3197,2026-01-21,Mobile,1,0,0
U3197,2026-01-22,Mobile,3,0,0
U3197,2026-01-23,Mobile,4,1,1
U3197,2026-01-24,PC,1,0,0
U3197,2026-01-25,PC,3,0,0
U3197,2026-01-27,PC,4,1,1
U3197,2026-01-28,Mobile,3,0,0
U3198,2026-01-15,PC,2,1,0
U3198,2026-01-16,PC,5,0,1
U3198,2026-01-17,Mobile,5,3,2
U3198,2026-01-19,Mobile,1,0,0
U3198,2026-01-20,PC,1,1,0
U3198,2026-01-21,Mobile,1,1,0
U3198,2026-01-22,PC,4,2,2
U3198,2026-01-23,Mobile,5,1,0
U3198,2026-01-24,Mobile,5,1,2
U3198,2026-01-25,Mobile,2,0,0
U3198,2026-01-26,PC,1,0,0
U3198,2026-01-27,Mobile,4,4,0
U3198,2026-01-28,Mobile,1,0,0
U3199,2026-01-15,PC,3,0,1
U3199,2026-01-16,PC,5,0,0
U3199,2026-01-17,PC,3,0,0
U3199,2026-01-18,Mobile,2,0,1
U3199,2026-01-19,PC,3,0,2
U3199,2026-01-20,PC,5,1,4
U3199,2026-01-21,PC,3,0,0
U3199,2026-01-22,PC,2,0,0
U3199,2026-01-23,Mobile,2,0,0
U3199,2026-01-24,Mobile,4,1,1
U3199,2026-01-25,Mobile,2,1,0
U3199,2026-01-26,PC,5,0,4
U3199,2026-01-27,Mobile,4,0,3
U3200,2026-01-16,Mobile,2,0,1
U3200,2026-01-17,Mobile,3,1,1
U3200,2026-01-18,Mobile,1,0,1
U3200,2026-01-21,Mobile,4,1,2
U3200,2026-01-22,Mobile,5,0,0
U3200,2026-01-23,Mobile,3,1,1
U3200,2026-01-24,PC,1,0,1
U3200,2026-01-25,PC,5,0,1
U3200,2026-01-26,Mobile,3,0,1
U3200,2026-01-27,Mobile,2,0,0
U3200,2026-01-28,Mobile,5,1,1
U3201,2026-01-15,Mobile,3,1,1
U3201,2026-01-16,Mobile,4,2,0
U3201,2026-01-17,PC,5,0,1
U3201,2026-01-18,Mobile,2,0,0
U3201,2026-01-19,PC,3,0,0
U3201,2026-01-20,PC,1,0,0
U3201,2026-01-21,Mobile,5,1,0
U3201,2026-01-22,Mobile,3,1,0
U3201,2026-01-23,Mobile,3,1,0
U3201,2026-01-25,Mobile,5,0,3
U3201,2026-01-26,Mobile,5,1,2
U3201,2026-01-27,Mobile,3,2,0
U3201,2026-01-28,PC,1,0,0
U3202,2026-01-15,Mobile,2,0,1
U3202,2026-01-16,PC,4,1,0
U3202,2026-01-17,Mobile,2,0,0
U3202,2026-01-18,PC,2,2,0
U3202,2026-01-19,PC,2,0,1
U3202,2026-01-20,PC,2,0,0
U3202,2026-01-21,PC,3,2,0
U3202,2026-01-22,Mobile,5,3,2
U3202,2026-01-23,PC,2,0,0
U3202,2026-01-24,Mobile,2,0,0
U3202,2026-01-25,Mobile,4,0,1
U3202,2026-01-26,Mobile,4,1,3
U3202,2026-01-27,Mobile,5,1,2
U3202,2026-01-28,PC,4,0,3
U3203,2026-01-15,PC,1,0,1
U3203,2026-01-16,Mobile,1,0,0
U3203,2026-01-17,PC,2,0,1
U3203,2026-01-18,Mobile,3,0,0
U3203,2026-01-19,PC,1,0,1
U3203,2026-01-20,PC,5,0,1
U3203,2026-01-22,PC,1,0,0
U3203,2026-01-23,PC,3,0,2
U3203,2026-01-24,Mobile,1,0,0
U3203,2026-01-25,PC,5,0,1
U3203,2026-01-26,Mobile,3,0,0
U3203,2026-01-27,Mobile,2,0,0
U3203,2026-01-28,Mobile,1,0,0
U3204,2026-01-15,PC,2,0,0
U3204,2026-01-16,Mobile,3,0,0
U3204,2026-01-17,Mobile,4,2,1
U3204,2026-01-18,Mobile,5,1,0
U3204,2026-01-19,Mobile,4,2,1
U3204,2026-01-20,PC,2,1,1
U3204,2026-01-21,Mobile,1,1,0
U3204,2026-01-22,Mobile,1,1,0
U3204,2026-01-23,Mobile,4,1,3
U3204,2026-01-24,Mobile,4,2,1
U3204,2026-01-26,PC,5,1,1
U3204,2026-01-27,PC,4,1,0
U3204,2026-01-28,PC,3,2,0
U3205,2026-01-15,Mobile,3,0,0
U3205,2026-01-16,PC,2,0,1
U3205,2026-01-18,Mobile,5,0,2
U3205,2026-01-19,Mobile,1,0,0
U3205,2026-01-20,Mobile,1,0,1
U3205,2026-01-21,PC,2,1,0
U3205,2026-01-22,Mobile,2,0,0
U3205,2026-01-23,Mobile,3,1,2
U3205,2026-01-24,Mobile,4,0,0
U3205,2026-01-25,Mobile,5,1,2
U3205,2026-01-26,Mobile,3,0,3
U3205,2026-01-27,Mobile,5,0,0
U3205,2026-01-28,Mobile,1,0,1
U3206,2026-01-15,PC,3,1,1
U3206,2026-01-17,Mobile,3,0,1
U3206,2026-01-19,Mobile,3,1,0
U3206,2026-01-20,Mobile,4,2,1
U3206,2026-01-21,Mobile,5,4,1
U3206,2026-01-22,Mobile,5,2,0
U3206,2026-01-23,Mobile,2,0,0
U3206,2026-01-24,Mobile,2,2,0
U3206,2026-01-25,PC,1,0,0
U3206,2026-01-26,Mobile,2,2,0
U3206,2026-01-27,Mobile,2,1,1
U3206,2026-01-28,PC,1,0,0
U3207,2026-01-15,Mobile,2,0,0
U3207,2026-01-16,Mobile,5,1,1
U3207,2026-01-17,Mobile,2,0,1
U3207,2026-01-18,Mobile,5,2,1
U3207,2026-01-19,Mobile,3,1,2
U3207,2026-01-21,Mobile,4,0,0
U3207,2026-01-22,Mobile,4,1,0
U3207,2026-01-23,PC,4,1,2
U3207,2026-01-24,PC,4,1,0
U3207,2026-01-25,PC,5,0,1
U3207,2026-01-26,Mobile,3,1,0
U3207,2026-01-27,PC,1,1,0
U3207,2026-01-28,PC,3,0,3
U3208,2026-01-15,PC,3,0,1
U3208,2026-01-16,PC,3,1,0
U3208,2026-01-17,PC,2,0,1
U3208,2026-01-18,Mobile,4,0,1
U3208,2026-01-19,Mobile,2,0,0
U3208,2026-01-20,Mobile,1,0,1
U3208,2026-01-21,Mobile,5,3,2
U3208,2026-01-22,Mobile,5,0,3
U3208,2026-01-23,Mobile,2,0,0
U3208,2026-01-24,Mobile,5,5,0
U3208,2026-01-25,Mobile,4,2,2
U3208,2026-01-26,Mobile,5,2,2
U3208,2026-01-27,PC,4,3,0
U3208,2026-01-28,Mobile,3,1,0
U3209,2026-01-15,Mobile,1,0,1
U3209,2026-01-16,PC,4,0,3
U3209,2026-01-17,PC,2,1,1
U3209,2026-01-18,Mobile,1,0,0
U3209,2026-01-19,PC,4,2,1
U3209,2026-01-21,Mobile,5,1,1
U3209,2026-01-22,PC,3,0,1
U3209,2026-01-23,Mobile,3,0,0
U3209,2026-01-24,Mobile,4,0,0
U3209,2026-01-25,Mobile,1,0,0
U3209,2026-01-26,Mobile,2,1,1
U3209,2026-01-27,PC,5,2,0
U3209,2026-01-28,Mobile,4,1,2
U3210,2026-01-15,PC,1,0,0
U3210,2026-01-16,Mobile,1,0,1
U3210,2026-01-17,PC,3,1,1
U3210,2026-01-18,PC,1,0,0
U3210,2026-01-19,Mobile,4,2,2
U3210,2026-01-20,PC,2,2,0
U3210,2026-01-21,PC,2,0,2
U3210,2026-01-23,Mobile,2,0,1
U3210,2026-01-24,Mobile,4,0,2
U3210,2026-01-25,Mobile,2,0,2
U3210,2026-01-26,PC,3,0,1
U3210,2026-01-27,Mobile,4,0,4
U3211,2026-01-15,Mobile,5,1,4
U3211,2026-01-16,PC,1,0,0
U3211,2026-01-17,Mobile,1,0,1
U3211,2026-01-18,PC,3,0,2
U3211,2026-01-20,PC,5,1,1
U3211,2026-01-22,Mobile,5,2,3
U3211,2026-01-23,Mobile,3,0,1
U3211,2026-01-24,PC,2,0,1
U3211,2026-01-25,Mobile,3,1,0
U3211,2026-01-26,Mobile,1,0,1
U3211,2026-01-27,Mobile,5,0,4
U3211,2026-01-28,Mobile,4,0,0
U3212,2026-01-15,PC,5,0,0
U3212,2026-01-16,PC,1,0,0
U3212,2026-01-17,Mobile,4,0,0
U3212,2026-01-18,Mobile,2,0,1
U3212,2026-01-20,Mobile,1,0,1
U3212,2026-01-21,Mobile,4,1,1
U3212,2026-01-22,PC,4,0,0
U3212,2026-01-23,Mobile,4,1,1
U3212,2026-01-24,Mobile,5,2,3
U3212,2026-01-25,Mobile,2,0,0
U3212,2026-01-26,PC,5,2,2
U3212,2026-01-27,PC,4,0,0
U3212,2026-01-28,Mobile,4,0,2
U3213,2026-01-15,PC,5,0,1
U3213,2026-01-16,Mobile,1,0,0
U3213,2026-01-17,PC,1,0,1
U3213,2026-01-18,PC,2,0,0
U3213,2026-01-19,PC,1,0,0
U3213,2026-01-21,PC,1,0,0
U3213,2026-01-22,PC,2,1,0
U3213,2026-01-23,Mobile,1,0,0
U3213,2026-01-24,Mobile,3,0,0
U3213,2026-01-26,Mobile,4,1,1
U3213,2026-01-28,Mobile,2,0,0
U3214,2026-01-15,PC,4,0,0
U3214,2026-01-16,Mobile,4,1,3
U3214,2026-01-18,Mobile,3,1,2
U3214,2026-01-19,Mobile,4,0,4
U3214,2026-01-20,Mobile,3,0,3
U3214,2026-01-21,PC,2,0,0
U3214,2026-01-23,PC,5,1,0
U3214,2026-01-24,Mobile,3,0,2
U3214,2026-01-25,Mobile,4,0,2
U3214,2026-01-26,PC,1,0,0
U3214,2026-01-27,Mobile,4,0,0
U3214,2026-01-28,Mobile,4,0,1
U3215,2026-01-15,Mobile,2,0,2
U3215,2026-01-16,Mobile,4,3,1
U3215,2026-01-17,Mobile,1,0,1
U3215,2026-01-18,Mobile,3,0,0
U3215,2026-01-19,PC,1,0,0
U3215,2026-01-20,PC,5,2,1
U3215,2026-01-21,PC,2,2,0
U3215,2026-01-22,PC,5,0,0
U3215,2026-01-23,Mobile,3,0,0
U3215,2026-01-24,PC,1,0,1
U3215,2026-01-25,PC,4,0,0
U3215,2026-01-26,Mobile,2,0,0
U3215,2026-01-27,Mobile,1,0,0
U3215,2026-01-28,PC,2,1,0
U3216,2026-01-15,Mobile,5,0,0
U3216,2026-01-16,PC,4,0,2
U3216,2026-01-17,PC,2,0,0
U3216,2026-01-18,PC,2,0,2
U3216,2026-01-19,Mobile,4,2,1
U3216,2026-01-20,Mobile,4,0,1
U3216,2026-01-21,PC,5,2,3
U3216,2026-01-22,PC,3,1,2
U3216,2026-01-23,Mobile,3,0,0
U3216,2026-01-24,Mobile,4,0,2
U3216,2026-01-25,PC,4,1,1
U3216,2026-01-26,Mobile,5,0,2
U3216,2026-01-27,Mobile,1,1,0
U3216,2026-01-28,PC,2,0,0
U3217,2026-01-15,Mobile,4,2,2
U3217,2026-01-16,PC,4,1,1
U3217,2026-01-17,Mobile,3,2,1
U3217,2026-01-18,Mobile,4,4,0
U3217,2026-01-19,PC,4,2,2
U3217,2026-01-20,PC,5,1,1
U3217,2026-01-21,Mobile,1,0,1
U3217,2026-01-22,Mobile,1,0,1
U3217,2026-01-23,PC,3,1,1
U3217,2026-01-24,Mobile,5,2,2
U3217,2026-01-25,Mobile,3,1,2
U3217,2026-01-28,PC,2,0,1
U3218,2026-01-15,Mobile,3,1,0
U3218,2026-01-16,Mobile,1,0,0
U3218,2026-01-17,PC,4,0,4
U3218,2026-01-18,PC,5,0,1
U3218,2026-01-19,PC,1,0,1
U3218,2026-01-20,Mobile,4,1,3
U3218,2026-01-21,Mobile,1,0,0
U3218,2026-01-22,Mobile,2,1,1
U3218,2026-01-23,Mobile,1,0,0
U3218,2026-01-24,PC,1,0,1
U3218,2026-01-25,Mobile,2,0,0
U3218,2026-01-26,PC,4,0,3
U3218,2026-01-27,Mobile,1,0,1
U3218,2026-01-28,Mobile,3,0,0
U3219,2026-01-15,PC,5,2,0
U3219,2026-01-16,PC,1,0,0
U3219,2026-01-17,PC,4,1,0
U3219,2026-01-18,Mobile,3,0,0
U3219,2026-01-19,Mobile,1,1,0
U3219,2026-01-20,Mobile,4,2,0
U3219,2026-01-21,Mobile,4,0,1
U3219,2026-01-22,Mobile,3,0,1
U3219,2026-01-23,Mobile,2,1,0
U3219,2026-01-24,Mobile,2,1,1
U3219,2026-01-26,Mobile,2,0,0
U3219,2026-01-27,PC,5,2,3
U3219,2026-01-28,Mobile,2,1,1
U3220,2026-01-15,Mobile,2,0,0
U3220,2026-01-16,PC,5,1,3
U3220,2026-01-17,Mobile,4,1,1
U3220,2026-01-18,Mobile,5,0,4
U3220,2026-01-19,PC,1,0,0
U3220,2026-01-20,Mobile,3,1,1
U3220,2026-01-21,Mobile,5,1,4
U3220,2026-01-23,Mobile,5,0,0
U3220,2026-01-24,Mobile,5,2,3
U3220,2026-01-25,PC,3,2,1
U3220,2026-01-26,Mobile,2,2,0
U3220,2026-01-27,Mobile,2,2,0
U3220,2026-01-28,Mobile,2,0,1
U3221,2026-01-15,Mobile,1,0,1
U3221,2026-01-16,Mobile,5,0,0
U3221,2026-01-17,PC,4,0,2
U3221,2026-01-18,PC,5,0,2
U3221,2026-01-19,Mobile,4,0,0
U3221,2026-01-20,Mobile,4,0,2
U3221,2026-01-21,PC,5,0,3
U3221,2026-01-23,Mobile,2,1,0
U3221,2026-01-24,PC,4,0,0
U3221,2026-01-25,Mobile,1,0,1
U3221,2026-01-26,Mobile,1,0,1
U3221,2026-01-27,PC,3,0,0
U3221,2026-01-28,PC,1,0,0
U3222,2026-01-15,Mobile,3,1,1
U3222,2026-01-16,PC,2,0,0
U3222,2026-01-17,PC,4,1,1
U3222,2026-01-18,PC,1,1,0
U3222,2026-01-19,Mobile,1,0,1
U3222,2026-01-20,Mobile,1,1,0
U3222,2026-01-21,PC,4,0,0
U3222,2026-01-22,PC,2,0,0
U3222,2026-01-23,Mobile,1,0,0
U3222,2026-01-24,Mobile,1,1,0
U3222,2026-01-25,Mobile,3,1,1
U3222,2026-01-27,PC,4,2,0
U3222,2026-01-28,Mobile,3,1,0
U3223,2026-01-15,Mobile,5,1,1
U3223,2026-01-16,PC,2,1,0
U3223,2026-01-17,Mobile,1,0,1
U3223,2026-01-18,Mobile,1,0,0
U3223,2026-01-19,PC,1,0,1
U3223,2026-01-21,Mobile,5,1,4
U3223,2026-01-22,Mobile,1,0,0
U3223,2026-01-23,Mobile,5,3,2
U3223,2026-01-24,Mobile,4,0,1
U3223,2026-01-25,PC,3,2,1
U3223,2026-01-26,PC,2,0,1
U3223,2026-01-27,Mobile,4,0,2
U3223,2026-01-28,Mobile,4,2,1
U3224,2026-01-15,Mobile,5,0,4
U3224,2026-01-16,Mobile,2,0,0
U3224,2026-01-17,Mobile,2,1,1
U3224,2026-01-18,Mobile,1,1,0
U3224,2026-01-19,PC,2,0,0
U3224,2026-01-20,Mobile,4,0,1
U3224,2026-01-21,PC,5,0,0
U3224,2026-01-22,Mobile,3,0,1
U3224,2026-01-24,Mobile,3,1,2
U3224,2026-01-25,PC,5,2,1
U3224,2026-01-26,PC,3,3,0
U3224,2026-01-27,Mobile,5,2,0
U3224,2026-01-28,Mobile,5,4,0
U3225,2026-01-16,PC,3,0,0
U3225,2026-01-17,Mobile,4,0,0
U3225,2026-01-18,PC,1,0,0
U3225,2026-01-19,PC,3,0,0
U3225,2026-01-20,Mobile,4,1,0
U3225,2026-01-21,PC,2,1,0
U3225,2026-01-22,Mobile,2,0,1
U3225,2026-01-23,PC,1,1,0
U3225,2026-01-24,PC,3,1,2
U3225,2026-01-25,PC,3,3,0
U3225,2026-01-27,Mobile,3,0,2
U3225,2026-01-28,PC,4,1,1
U3226,2026-01-15,PC,3,0,2
U3226,2026-01-16,PC,2,0,2
U3226,2026-01-17,PC,1,0,1
U3226,2026-01-19,Mobile,4,0,3
U3226,2026-01-21,PC,5,0,4
U3226,2026-01-23,PC,2,0,1
U3226,2026-01-24,PC,2,1,0
U3226,2026-01-25,PC,5,2,1
U3226,2026-01-26,Mobile,3,0,0
U3226,2026-01-27,PC,1,1,0
U3226,2026-01-28,Mobile,2,1,1
U3227,2026-01-15,PC,4,2,2
U3227,2026-01-16,Mobile,5,2,2
U3227,2026-01-17,Mobile,5,2,2
U3227,2026-01-18,Mobile,2,0,0
U3227,2026-01-19,PC,4,0,0
U3227,2026-01-20,PC,3,1,0
U3227,2026-01-21,PC,3,1,1
U3227,2026-01-22,PC,5,2,2
U3227,2026-01-23,Mobile,4,2,2
U3227,2026-01-25,Mobile,3,0,2
U3227,2026-01-27,PC,5,1,2
U3227,2026-01-28,Mobile,3,1,1
U3228,2026-01-15,PC,1,1,0
U3228,2026-01-16,Mobile,4,1,1
U3228,2026-01-18,Mobile,2,0,0
U3228,2026-01-19,Mobile,5,1,3
U3228,2026-01-20,PC,5,2,1
U3228,2026-01-21,Mobile,4,2,1
U3228,2026-01-22,Mobile,4,0,0
U3228,2026-01-23,Mobile,5,0,0
U3228,2026-01-24,PC,3,1,1
U3228,2026-01-25,Mobile,1,1,0
U3228,2026-01-26,Mobile,5,1,0
U3228,2026-01-27,Mobile,4,0,2
U3228,2026-01-28,Mobile,4,3,1
U3229,2026-01-15,Mobile,3,0,2
U3229,2026-01-16,Mobile,3,0,2
U3229,2026-01-17,Mobile,1,0,0
U3229,2026-01-18,PC,3,3,0
U3229,2026-01-19,Mobile,5,0,1
U3229,2026-01-21,Mobile,3,0,3
U3229,2026-01-22,PC,1,0,0
U3229,2026-01-23,PC,4,0,2
U3229,2026-01-24,PC,5,1,3
U3229,2026-01-25,Mobile,2,0,0
U3229,2026-01-26,PC,5,0,3
U3229,2026-01-27,Mobile,3,0,0
U3229,2026-01-28,Mobile,5,2,3
U3230,2026-01-15,PC,2,1,1
U3230,2026-01-16,Mobile,2,1,1
U3230,2026-01-17,Mobile,3,0,0
U3230,2026-01-18,PC,5,2,3
U3230,2026-01-19,PC,1,1,0
U3230,2026-01-20,Mobile,3,1,1
U3230,2026-01-21,Mobile,1,0,1
U3230,2026-01-22,PC,3,2,1
U3230,2026-01-23,Mobile,4,1,2
U3230,2026-01-24,Mobile,5,0,1
U3230,2026-01-25,Mobile,3,0,0
U3230,2026-01-26,Mobile,1,0,0
U3230,2026-01-28,Mobile,1,0,0
U3231,2026-01-15,PC,5,2,1
U3231,2026-01-17,Mobile,4,0,3
U3231,2026-01-18,Mobile,1,0,0
U3231,2026-01-19,PC,5,2,2
U3231,2026-01-20,Mobile,1,0,0
U3231,2026-01-21,Mobile,2,0,1
U3231,2026-01-22,Mobile,1,0,1
U3231,2026-01-23,Mobile,4,0,0
U3231,2026-01-24,PC,2,0,0
U3231,2026-01-25,Mobile,2,1,0
U3231,2026-01-27,Mobile,1,0,1
U3231,2026-01-28,Mobile,4,0,0
U3232,2026-01-15,PC,2,0,1
U3232,2026-01-16,PC,5,1,1
U3232,2026-01-18,PC,1,0,0
U3232,2026-01-19,PC,3,1,1
U3232,2026-01-20,Mobile,1,0,1
U3232,2026-01-21,Mobile,2,0,0
U3232,2026-01-22,PC,1,0,1
U3232,2026-01-25,Mobile,2,0,2
U3232,2026-01-26,PC,4,0,3
U3232,2026-01-27,Mobile,1,0,0
U3232,2026-01-28,Mobile,2,0,1
U3233,2026-01-15,Mobile,2,2,0
U3233,2026-01-16,PC,4,1,3
U3233,2026-01-17,Mobile,5,1,1
U3233,2026-01-18,Mobile,1,0,0
U3233,2026-01-19,PC,4,1,0
U3233,2026-01-20,Mobile,2,0,1
U3233,2026-01-21,Mobile,5,3,2
U3233,2026-01-22,PC,3,0,0
U3233,2026-01-23,Mobile,4,1,2
U3233,2026-01-24,Mobile,4,0,0
U3233,2026-01-25,PC,2,0,1
U3233,2026-01-26,Mobile,1,0,0
U3233,2026-01-27,PC,4,0,0
U3233,2026-01-28,PC,4,2,1
U3234,2026-01-15,Mobile,4,1,0
U3234,2026-01-16,PC,5,1,2
U3234,2026-01-17,PC,3,1,0
U3234,2026-01-18,Mobile,3,0,0
U3234,2026-01-19,Mobile,3,0,0
U3234,2026-01-20,Mobile,5,0,0
U3234,2026-01-21,PC,3,0,1
U3234,2026-01-22,Mobile,5,2,3
U3234,2026-01-23,Mobile,2,0,1
U3234,2026-01-24,PC,4,0,4
U3234,2026-01-25,PC,1,0,0
U3234,2026-01-26,PC,3,0,1
U3234,2026-01-27,PC,2,1,0
U3234,2026-01-28,PC,4,1,2
U3235,2026-01-15,Mobile,3,0,3
U3235,2026-01-17,Mobile,1,0,1
U3235,2026-01-18,Mobile,4,0,2
U3235,2026-01-20,Mobile,5,0,2
U3235,2026-01-21,Mobile,2,0,1
U3235,2026-01-22,PC,3,0,3
U3235,2026-01-23,Mobile,1,0,0
U3235,2026-01-24,Mobile,1,0,1
U3235,2026-01-25,PC,3,0,3
U3235,2026-01-26,PC,2,0,1
U3235,2026-01-27,PC,2,0,1
U3235,2026-01-28,PC,1,0,1
U3236,2026-01-15,Mobile,1,1,0
U3236,2026-01-16,PC,2,0,0
U3236,2026-01-17,PC,1,0,0
U3236,2026-01-18,PC,5,1,1
U3236,2026-01-19,Mobile,2,0,2
U3236,2026-01-20,PC,1,1,0
U3236,2026-01-21,Mobile,2,2,0
U3236,2026-01-22,PC,2,0,1
U3236,2026-01-23,Mobile,4,0,1
U3236,2026-01-25,Mobile,1,0,1
U3236,2026-01-26,PC,3,0,0
U3236,2026-01-27,Mobile,1,0,0
U3236,2026-01-28,Mobile,4,1,1
U3237,2026-01-15,Mobile,2,1,1
U3237,2026-01-16,PC,4,0,0
U3237,2026-01-17,PC,3,0,1
U3237,2026-01-18,PC,4,1,3
U3237,2026-01-19,Mobile,3,0,0
U3237,2026-01-20,PC,1,0,0
U3237,2026-01-21,Mobile,5,0,1
U3237,2026-01-23,PC,5,0,5
U3237,2026-01-24,Mobile,4,0,0
U3237,2026-01-25,Mobile,1,0,0
U3237,2026-01-26,PC,4,0,1
U3237,2026-01-27,PC,2,0,0
U3237,2026-01-28,PC,4,0,0
U3238,2026-01-15,Mobile,2,0,2
U3238,2026-01-16,Mobile,2,0,0
U3238,2026-01-17,PC,1,0,0
U3238,2026-01-19,PC,4,1,0
U3238,2026-01-20,Mobile,4,2,0
U3238,2026-01-21,Mobile,1,0,1
U3238,2026-01-22,PC,2,0,0
U3238,2026-01-23,PC,1,0,1
U3238,2026-01-24,Mobile,1,0,0
U3238,2026-01-25,PC,1,0,0
U3238,2026-01-26,PC,5,0,2
U3238,2026-01-27,Mobile,4,0,0
U3238,2026-01-28,Mobile,5,0,3
U3239,2026-01-15,Mobile,4,0,1
U3239,2026-01-16,PC,4,1,0
U3239,2026-01-17,Mobile,4,0,0
U3239,2026-01-18,Mobile,3,0,1
U3239,2026-01-19,PC,2,0,1
U3239,2026-01-20,Mobile,2,0,0
U3239,2026-01-21,Mobile,5,1,3
U3239,2026-01-24,Mobile,2,1,1
U3239,2026-01-25,Mobile,2,0,1
U3239,2026-01-26,Mobile,3,0,3
U3239,2026-01-27,PC,1,0,0
U3239,2026-01-28,Mobile,2,0,2
U3240,2026-01-15,PC,4,2,0
U3240,2026-01-16,PC,2,0,0
U3240,2026-01-17,Mobile,3,1,1
U3240,2026-01-18,PC,4,0,1
U3240,2026-01-19,PC,1,0,1
U3240,2026-01-20,Mobile,3,0,0
U3240,2026-01-21,PC,1,1,0
U3240,2026-01-22,Mobile,5,1,0
U3240,2026-01-23,PC,3,3,0
U3240,2026-01-24,Mobile,2,0,0
U3240,2026-01-25,PC,4,1,1
U3240,2026-01-26,Mobile,5,0,1
U3240,2026-01-27,PC,1,0,1
U3240,2026-01-28,Mobile,3,2,1
U3241,2026-01-15,Mobile,5,0,0
U3241,2026-01-16,Mobile,5,0,1
U3241,2026-01-17,Mobile,3,0,1
U3241,2026-01-19,PC,1,0,1
U3241,2026-01-20,PC,4,0,1
U3241,2026-01-21,Mobile,1,0,0
U3241,2026-01-22,PC,5,2,3
U3241,2026-01-23,PC,2,0,2
U3241,2026-01-24,Mobile,1,0,0
U3241,2026-01-25,PC,5,2,1
U3241,2026-01-26,Mobile,2,0,2
U3241,2026-01-27,Mobile,5,2,3
U3241,2026-01-28,Mobile,4,1,2
U3242,2026-01-15,Mobile,5,0,3
U3242,2026-01-16,Mobile,5,0,0
U3242,2026-01-17,Mobile,3,1,1
U3242,2026-01-18,Mobile,3,0,3
U3242,2026-01-19,Mobile,3,0,2
U3242,2026-01-20,PC,2,1,1
U3242,2026-01-21,Mobile,3,0,2
U3242,2026-01-22,PC,5,0,0
U3242,2026-01-23,PC,4,0,0
U3242,2026-01-24,Mobile,5,0,1
U3242,2026-01-25,PC,5,1,2
U3242,2026-01-26,Mobile,1,0,0
U3242,2026-01-27,PC,5,3,0
U3242,2026-01-28,Mobile,2,0,1
U3243,2026-01-15,PC,5,2,0
U3243,2026-01-16,Mobile,5,2,2
U3243,2026-01-17,Mobile,5,2,1
U3243,2026-01-18,PC,5,3,1
U3243,2026-01-19,PC,1,1,0
U3243,2026-01-20,PC,2,0,0
U3243,2026-01-21,Mobile,5,1,1
U3243,2026-01-22,Mobile,3,0,0
U3243,2026-01-23,Mobile,1,0,1
U3243,2026-01-24,Mobile,2,0,2
U3243,2026-01-25,Mobile,5,2,2
U3243,2026-01-26,Mobile,1,0,0
U3243,2026-01-27,Mobile,1,0,0
U3243,2026-01-28,Mobile,4,0,2
U3244,2026-01-15,PC,4,1,2
U3244,2026-01-16,PC,2,0,0
U3244,2026-01-17,PC,1,0,0
U3244,2026-01-18,PC,1,0,0
U3244,2026-01-20,Mobile,4,1,1
U3244,2026-01-22,PC,5,2,3
U3244,2026-01-23,Mobile,5,2,2
U3244,2026-01-24,Mobile,4,0,0
U3244,2026-01-25,PC,2,0,1
U3244,2026-01-26,PC,1,0,1
U3244,2026-01-27,PC,3,0,0
U3244,2026-01-28,PC,4,2,0
U3245,2026-01-15,Mobile,2,0,0
U3245,2026-01-16,Mobile,5,3,0
U3245,2026-01-17,PC,1,0,0
U3245,2026-01-18,PC,2,0,0
U3245,2026-01-19,Mobile,2,1,0
U3245,2026-01-20,Mobile,1,0,1
U3245,2026-01-21,Mobile,3,0,2
U3245,2026-01-22,Mobile,1,1,0
U3245,2026-01-24,PC,5,1,1
U3245,2026-01-25,Mobile,3,0,1
U3245,2026-01-26,Mobile,5,0,1
U3245,2026-01-27,Mobile,1,0,0
U3245,2026-01-28,Mobile,4,3,0
U3246,2026-01-15,Mobile,2,0,1
U3246,2026-01-16,PC,1,0,0
U3246,2026-01-17,PC,1,1,0
U3246,2026-01-18,Mobile,5,0,1
U3246,2026-01-19,Mobile,4,0,3
U3246,2026-01-21,Mobile,2,0,1
U3246,2026-01-22,PC,3,1,2
U3246,2026-01-23,PC,5,2,1
U3246,2026-01-25,Mobile,5,0,5
U3246,2026-01-27,PC,2,0,1
U3246,2026-01-28,Mobile,4,0,4
U3247,2026-01-15,Mobile,1,0,0
U3247,2026-01-16,Mobile,1,0,0
U3247,2026-01-17,PC,4,2,2
U3247,2026-01-18,Mobile,5,2,2
U3247,2026-01-19,PC,5,0,1
U3247,2026-01-20,PC,1,0,0
U3247,2026-01-21,PC,4,1,1
U3247,2026-01-22,Mobile,5,0,0
U3247,2026-01-24,Mobile,1,0,0
U3247,2026-01-25,Mobile,4,3,1
U3247,2026-01-26,PC,2,1,1
U3247,2026-01-27,Mobile,2,1,1
U3247,2026-01-28,Mobile,1,1,0
U3248,2026-01-15,PC,2,0,0
U3248,2026-01-16,Mobile,5,0,1
U3248,2026-01-17,Mobile,4,0,0
U3248,2026-01-18,Mobile,3,2,1
U3248,2026-01-19,Mobile,4,2,2
U3248,2026-01-20,Mobile,2,1,1
U3248,2026-01-21,PC,2,0,2
U3248,2026-01-22,Mobile,4,1,2
U3248,2026-01-23,PC,3,2,1
U3248,2026-01-24,Mobile,3,0,0
U3248,2026-01-25,PC,4,0,4
U3248,2026-01-28,Mobile,1,1,0
U3249,2026-01-15,Mobile,1,1,0
U3249,2026-01-16,PC,5,0,1
U3249,2026-01-17,PC,3,2,1
U3249,2026-01-18,PC,3,0,0
U3249,2026-01-19,Mobile,1,0,1
U3249,2026-01-20,Mobile,3,2,1
U3249,2026-01-21,PC,5,2,3
U3249,2026-01-22,Mobile,2,0,0
U3249,2026-01-23,PC,1,0,1
U3249,2026-01-24,PC,2,1,0
U3249,2026-01-25,Mobile,2,0,2
U3249,2026-01-26,Mobile,3,2,1
U3249,2026-01-27,PC,4,0,0
U3249,2026-01-28,PC,4,1,0
U3250,2026-01-15,Mobile,3,2,1
U3250,2026-01-16,Mobile,1,0,0
U3250,2026-01-17,PC,3,2,0
U3250,2026-01-18,Mobile,4,2,2
U3250,2026-01-20,Mobile,3,2,1
U3250,2026-01-21,PC,5,0,0
U3250,2026-01-22,PC,4,1,2
U3250,2026-01-23,Mobile,2,0,1
U3250,2026-01-24,Mobile,3,0,2
U3250,2026-01-25,PC,4,1,3
U3250,2026-01-26,Mobile,5,1,1
U3250,2026-01-27,Mobile,1,1,0
U3250,2026-01-28,Mobile,2,0,0
U3251,2026-01-15,Mobile,5,0,2
U3251,2026-01-16,Mobile,1,0,1
U3251,2026-01-17,PC,2,1,1
U3251,2026-01-18,Mobile,3,0,3
U3251,2026-01-19,PC,1,1,0
U3251,2026-01-20,PC,4,0,1
U3251,2026-01-21,Mobile,3,1,2
U3251,2026-01-22,Mobile,5,0,0
U3251,2026-01-23,Mobile,2,0,0
U3251,2026-01-25,Mobile,1,1,0
U3251,2026-01-26,Mobile,4,0,4
U3251,2026-01-27,Mobile,2,0,0
U3251,2026-01-28,Mobile,2,0,0
U3252,2026-01-15,Mobile,2,0,0
U3252,2026-01-16,Mobile,3,0,0
U3252,2026-01-17,PC,5,0,0
U3252,2026-01-18,PC,1,1,0
U3252,2026-01-19,Mobile,5,1,2
U3252,2026-01-20,PC,3,1,1
U3252,2026-01-21,Mobile,2,2,0
U3252,2026-01-23,PC,3,1,1
U3252,2026-01-24,Mobile,1,1,0
U3252,2026-01-25,Mobile,2,1,1
U3252,2026-01-26,PC,1,0,0
U3252,2026-01-27,PC,4,2,2
U3252,2026-01-28,Mobile,1,0,0
U3253,2026-01-15,Mobile,5,3,2
U3253,2026-01-16,PC,1,0,1
U3253,2026-01-17,Mobile,1,0,1
U3253,2026-01-18,Mobile,2,1,0
U3253,2026-01-19,PC,1,0,1
U3253,2026-01-20,PC,5,0,3
U3253,2026-01-21,Mobile,5,0,1
U3253,2026-01-22,PC,2,0,0
U3253,2026-01-23,Mobile,4,1,2
U3253,2026-01-24,PC,1,0,0
U3253,2026-01-25,Mobile,5,0,0
U3253,2026-01-26,Mobile,5,0,0
U3253,2026-01-27,Mobile,2,0,2
U3253,2026-01-28,Mobile,3,0,0
U3254,2026-01-15,Mobile,3,0,3
U3254,2026-01-16,PC,1,0,1
U3254,2026-01-17,Mobile,4,0,0
U3254,2026-01-18,Mobile,2,0,0
U3254,2026-01-19,PC,1,1,0
U3254,2026-01-20,PC,1,0,0
U3254,2026-01-22,PC,3,0,3
U3254,2026-01-23,Mobile,5,1,3
U3254,2026-01-24,Mobile,1,0,1
U3254,2026-01-26,Mobile,3,0,1
U3254,2026-01-27,Mobile,5,0,1
U3254,2026-01-28,Mobile,1,0,1
U3255,2026-01-15,Mobile,5,2,2
U3255,2026-01-16,Mobile,5,0,1
U3255,2026-01-17,Mobile,4,0,0
U3255,2026-01-18,PC,4,0,0
U3255,2026-01-19,Mobile,5,2,3
U3255,2026-01-20,Mobile,2,1,1
U3255,2026-01-21,PC,5,3,0
U3255,2026-01-22,Mobile,1,0,0
U3255,2026-01-23,Mobile,2,0,2
U3255,2026-01-24,Mobile,3,0,1
U3255,2026-01-25,Mobile,2,0,1
U3255,2026-01-26,PC,4,0,4
U3255,2026-01-27,Mobile,1,0,0
U3256,2026-01-15,PC,2,0,0
U3256,2026-01-16,Mobile,4,2,2
U3256,2026-01-17,Mobile,1,0,0
U3256,2026-01-18,Mobile,2,0,1
U3256,2026-01-19,Mobile,2,0,1
U3256,2026-01-20,Mobile,1,0,0
U3256,2026-01-21,Mobile,1,0,0
U3256,2026-01-22,Mobile,1,1,0
U3256,2026-01-23,Mobile,4,0,1
U3256,2026-01-24,PC,3,0,3
U3256,2026-01-25,PC,3,1,1
U3256,2026-01-26,Mobile,1,0,1
U3256,2026-01-27,PC,3,0,0
U3256,2026-01-28,PC,4,0,1
U3257,2026-01-15,Mobile,1,0,0
U3257,2026-01-16,Mobile,4,1,1
U3257,2026-01-17,Mobile,5,3,1
U3257,2026-01-18,PC,5,3,0
U3257,2026-01-19,PC,4,0,0
U3257,2026-01-20,Mobile,3,2,0
U3257,2026-01-21,Mobile,2,1,1
U3257,2026-01-22,PC,3,1,1
U3257,2026-01-23,Mobile,5,0,0
U3257,2026-01-24,Mobile,5,2,3
U3257,2026-01-25,PC,4,1,1
U3257,2026-01-26,PC,5,0,0
U3257,2026-01-27,Mobile,1,0,1
U3257,2026-01-28,PC,5,0,0
U3258,2026-01-15,Mobile,1,0,1
U3258,2026-01-16,PC,5,2,3
U3258,2026-01-17,Mobile,5,0,0
U3258,2026-01-18,Mobile,5,1,0
U3258,2026-01-19,Mobile,2,1,1
U3258,2026-01-20,Mobile,3,2,0
U3258,2026-01-21,Mobile,1,0,0
U3258,2026-01-22,Mobile,2,1,0
U3258,2026-01-24,PC,4,0,0
U3258,2026-01-25,Mobile,3,2,1
U3258,2026-01-26,Mobile,1,0,0
U3258,2026-01-27,Mobile,2,1,0
U3258,2026-01-28,Mobile,3,2,1
U3259,2026-01-15,Mobile,5,3,2
U3259,2026-01-16,PC,3,1,0
U3259,2026-01-17,PC,2,0,1
U3259,2026-01-18,Mobile,2,2,0
U3259,2026-01-19,PC,1,0,1
U3259,2026-01-20,Mobile,5,2,2
U3259,2026-01-21,Mobile,1,0,1
U3259,2026-01-22,Mobile,1,0,0
U3259,2026-01-23,Mobile,3,2,1
U3259,2026-01-24,Mobile,1,0,0
U3259,2026-01-25,PC,4,1,0
U3259,2026-01-26,PC,3,0,0
U3259,2026-01-27,Mobile,2,2,0
U3259,2026-01-28,Mobile,1,0,1
U3260,2026-01-16,Mobile,1,0,1
U3260,2026-01-18,Mobile,3,0,0
U3260,2026-01-19,Mobile,2,1,1
U3260,2026-01-20,Mobile,2,2,0
U3260,2026-01-21,Mobile,4,0,0
U3260,2026-01-22,Mobile,2,1,0
U3260,2026-01-23,Mobile,5,2,2
U3260,2026-01-24,Mobile,5,1,2
U3260,2026-01-25,PC,4,1,1
U3260,2026-01-26,Mobile,5,0,0
U3260,2026-01-27,Mobile,2,0,0
U3261,2026-01-15,PC,5,0,0
U3261,2026-01-16,PC,4,1,1
U3261,2026-01-17,Mobile,5,2,2
U3261,2026-01-18,PC,2,0,0
U3261,2026-01-20,Mobile,3,0,0
U3261,2026-01-21,Mobile,2,0,0
U3261,2026-01-22,Mobile,5,5,0
U3261,2026-01-23,Mobile,1,0,0
U3261,2026-01-24,Mobile,3,1,0
U3261,2026-01-26,PC,3,0,0
U3261,2026-01-27,PC,5,1,3
U3261,2026-01-28,PC,5,1,2
U3262,2026-01-15,Mobile,4,3,1
U3262,2026-01-16,PC,4,1,1
U3262,2026-01-17,PC,4,0,0
U3262,2026-01-18,PC,5,2,3
U3262,2026-01-19,PC,1,0,0
U3262,2026-01-20,PC,5,0,2
U3262,2026-01-21,Mobile,2,0,2
U3262,2026-01-22,Mobile,1,0,1
U3262,2026-01-23,PC,3,0,2
U3262,2026-01-24,PC,1,0,0
U3262,2026-01-26,Mobile,5,1,2
U3262,2026-01-27,Mobile,2,0,0
U3262,2026-01-28,PC,4,1,3
U3263,2026-01-15,Mobile,2,1,1
U3263,2026-01-17,Mobile,3,0,0
U3263,2026-01-18,PC,4,0,1
U3263,2026-01-19,Mobile,3,1,1
U3263,2026-01-20,Mobile,3,0,0
U3263,2026-01-21,Mobile,3,1,2
U3263,2026-01-22,PC,4,1,1
U3263,2026-01-23,PC,2,0,0
U3263,2026-01-24,Mobile,5,0,4
U3263,2026-01-25,Mobile,3,1,0
U3263,2026-01-26,Mobile,2,0,0
U3263,2026-01-27,Mobile,1,0,1
U3263,2026-01-28,PC,2,0,1
U3264,2026-01-15,PC,3,0,1
U3264,2026-01-16,PC,3,0,2
U3264,2026-01-18,Mobile,2,0,1
U3264,2026-01-19,PC,2,0,2
U3264,2026-01-20,Mobile,2,0,0
U3264,2026-01-21,PC,3,1,0
U3264,2026-01-22,PC,3,0,0
U3264,2026-01-23,Mobile,2,1,1
U3264,2026-01-24,Mobile,5,0,1
U3264,2026-01-25,Mobile,5,0,1
U3264,2026-01-26,Mobile,1,0,1
U3264,2026-01-27,PC,2,0,2
U3264,2026-01-28,PC,1,0,0
U3265,2026-01-15,Mobile,4,1,1
U3265,2026-01-16,Mobile,5,0,1
U3265,2026-01-17,Mobile,1,1,0
U3265,2026-01-19,PC,5,0,1
U3265,2026-01-20,Mobile,2,0,1
U3265,2026-01-21,PC,3,1,1
U3265,2026-01-22,PC,3,2,0
U3265,2026-01-23,Mobile,4,0,1
U3265,2026-01-24,Mobile,2,1,1
U3265,2026-01-25,Mobile,3,1,0
U3265,2026-01-26,Mobile,3,1,0
U3265,2026-01-27,PC,3,0,0
U3265,2026-01-28,PC,3,2,0
U3266,2026-01-15,Mobile,1,0,0
U3266,2026-01-16,Mobile,3,1,1
U3266,2026-01-17,Mobile,4,1,0
U3266,2026-01-18,Mobile,4,2,0
U3266,2026-01-19,PC,1,0,0
U3266,2026-01-20,Mobile,1,0,1
U3266,2026-01-21,PC,4,1,3
U3266,2026-01-22,PC,3,1,1
U3266,2026-01-23,Mobile,5,0,0
U3266,2026-01-24,PC,4,2,2
U3266,2026-01-25,PC,5,2,2
U3266,2026-01-26,PC,4,1,0
U3266,2026-01-27,Mobile,5,0,0
U3266,2026-01-28,Mobile,3,1,1
U3267,2026-01-16,PC,1,0,0
U3267,2026-01-17,Mobile,2,0,0
U3267,2026-01-18,Mobile,2,0,0
U3267,2026-01-19,PC,5,1,3
U3267,2026-01-20,Mobile,4,0,0
U3267,2026-01-22,Mobile,4,1,1
U3267,2026-01-23,PC,5,0,0
U3267,2026-01-24,Mobile,5,1,2
U3267,2026-01-25,Mobile,4,0,0
U3267,2026-01-28,Mobile,5,0,0
U3268,2026-01-15,Mobile,5,0,3
U3268,2026-01-16,PC,3,0,3
U3268,2026-01-17,Mobile,1,0,1
U3268,2026-01-18,PC,4,1,3
U3268,2026-01-19,PC,5,1,4
U3268,2026-01-20,Mobile,5,0,1
U3268,2026-01-21,Mobile,2,0,2
U3268,2026-01-22,Mobile,5,0,0
U3268,2026-01-23,PC,5,1,4
U3268,2026-01-24,Mobile,3,1,2
U3268,2026-01-25,Mobile,1,1,0
U3268,2026-01-26,Mobile,4,2,1
U3268,2026-01-27,PC,1,1,0
U3268,2026-01-28,Mobile,5,1,0
U3269,2026-01-15,Mobile,5,0,0
U3269,2026-01-16,PC,2,0,2
U3269,2026-01-17,Mobile,4,0,3
U3269,2026-01-18,PC,3,0,3
U3269,2026-01-19,Mobile,1,0,0
U3269,2026-01-21,Mobile,1,0,1
U3269,2026-01-22,Mobile,1,0,1
U3269,2026-01-24,Mobile,5,0,4
U3269,2026-01-26,PC,1,0,1
U3269,2026-01-27,Mobile,5,0,3
U3269,2026-01-28,PC,3,0,0
U3270,2026-01-15,PC,5,0,0
U3270,2026-01-16,Mobile,1,0,0
U3270,2026-01-18,PC,2,1,0
U3270,2026-01-19,PC,3,1,2
U3270,2026-01-20,Mobile,2,0,0
U3270,2026-01-21,Mobile,5,1,3
U3270,2026-01-22,Mobile,5,2,2
U3270,2026-01-23,Mobile,1,1,0
U3270,2026-01-24,PC,4,0,0
U3270,2026-01-25,PC,2,0,0
U3270,2026-01-26,PC,4,1,2
U3270,2026-01-27,PC,1,1,0
U3270,2026-01-28,Mobile,1,1,0
U3271,2026-01-15,Mobile,3,1,0
U3271,2026-01-16,PC,3,3,0
U3271,2026-01-17,PC,5,1,2
U3271,2026-01-18,Mobile,4,0,1
U3271,2026-01-19,Mobile,5,0,0
U3271,2026-01-21,Mobile,1,0,0
U3271,2026-01-22,PC,2,1,0
U3271,2026-01-23,PC,4,1,0
U3271,2026-01-24,Mobile,4,1,2
U3271,2026-01-25,Mobile,2,0,0
U3271,2026-01-26,Mobile,2,2,0
U3271,2026-01-27,PC,5,1,1
U3271,2026-01-28,Mobile,5,1,2
U3272,2026-01-16,Mobile,4,0,1
U3272,2026-01-18,PC,4,0,0
U3272,2026-01-19,PC,3,1,2
U3272,2026-01-20,Mobile,2,0,0
U3272,2026-01-21,Mobile,2,1,1
U3272,2026-01-22,Mobile,5,3,1
U3272,2026-01-24,Mobile,3,0,1
U3272,2026-01-25,Mobile,4,1,2
U3272,2026-01-26,PC,4,2,0
U3272,2026-01-27,PC,1,0,0
U3272,2026-01-28,PC,3,0,1
U3273,2026-01-15,PC,2,0,0
U3273,2026-01-16,Mobile,2,1,0
U3273,2026-01-17,Mobile,2,0,1
U3273,2026-01-18,Mobile,1,0,0
U3273,2026-01-19,PC,5,1,1
U3273,2026-01-20,Mobile,1,0,0
U3273,2026-01-21,Mobile,4,0,3
U3273,2026-01-22,Mobile,1,0,0
U3273,2026-01-23,Mobile,3,0,1
U3273,2026-01-24,Mobile,3,1,0
U3273,2026-01-25,Mobile,5,3,1
U3273,2026-01-26,Mobile,2,0,0
U3273,2026-01-27,Mobile,3,0,1
U3273,2026-01-28,Mobile,3,1,0
U3274,2026-01-15,PC,1,0,0
U3274,2026-01-16,PC,1,0,1
U3274,2026-01-17,Mobile,4,0,4
U3274,2026-01-18,Mobile,2,0,1
U3274,2026-01-19,Mobile,1,0,1
U3274,2026-01-20,Mobile,5,1,3
U3274,2026-01-21,Mobile,5,0,1
U3274,2026-01-22,Mobile,3,0,1
U3274,2026-01-24,Mobile,3,0,0
U3274,2026-01-25,Mobile,5,0,1
U3274,2026-01-27,Mobile,1,0,0
U3274,2026-01-28,PC,5,0,3
U3275,2026-01-15,Mobile,3,0,0
U3275,2026-01-16,Mobile,3,1,1
U3275,2026-01-18,Mobile,2,1,1
U3275,2026-01-19,Mobile,1,0,0
U3275,2026-01-20,Mobile,1,1,0
U3275,2026-01-21,PC,1,0,0
U3275,2026-01-23,Mobile,5,1,0
U3275,2026-01-24,Mobile,1,0,1
U3275,2026-01-25,Mobile,4,4,0
U3275,2026-01-27,Mobile,1,0,0
U3275,2026-01-28,Mobile,2,1,1
U3276,2026-01-15,PC,4,0,0
U3276,2026-01-16,Mobile,4,0,3
U3276,2026-01-17,Mobile,4,0,0
U3276,2026-01-18,PC,5,0,1
U3276,2026-01-19,Mobile,2,0,0
U3276,2026-01-20,PC,1,0,0
U3276,2026-01-21,PC,4,0,3
U3276,2026-01-22,PC,2,0,0
U3276,2026-01-23,PC,3,0,1
U3276,2026-01-24,Mobile,2,0,0
U3276,2026-01-25,Mobile,2,0,2
U3276,2026-01-26,Mobile,3,0,2
U3276,2026-01-27,PC,1,0,1
U3276,2026-01-28,PC,4,2,2
U3277,2026-01-15,Mobile,1,0,0
U3277,2026-01-16,Mobile,1,0,1
U3277,2026-01-18,Mobile,5,0,0
U3277,2026-01-19,PC,1,0,0
U3277,2026-01-20,PC,4,0,0
U3277,2026-01-21,PC,5,0,0
U3277,2026-01-22,Mobile,5,2,3
U3277,2026-01-23,Mobile,5,3,1
U3277,2026-01-24,PC,4,1,0
U3277,2026-01-25,PC,5,1,0
U3277,2026-01-26,PC,4,3,1
U3277,2026-01-27,PC,2,0,0
U3277,2026-01-28,PC,4,0,2
U3278,2026-01-15,PC,2,1,1
U3278,2026-01-17,Mobile,1,0,1
U3278,2026-01-18,PC,4,0,2
U3278,2026-01-19,Mobile,4,0,1
U3278,2026-01-20,Mobile,1,0,1
U3278,2026-01-21,Mobile,1,0,1
U3278,2026-01-22,Mobile,4,0,0
U3278,2026-01-23,PC,4,0,0
U3278,2026-01-24,Mobile,1,0,1
U3278,2026-01-25,Mobile,5,0,0
U3278,2026-01-26,Mobile,4,0,4
U3278,2026-01-27,PC,4,0,1
U3278,2026-01-28,Mobile,3,0,2
U3279,2026-01-15,PC,5,0,0
U3279,2026-01-16,PC,3,0,3
U3279,2026-01-17,Mobile,2,0,0
U3279,2026-01-18,PC,2,2,0
U3279,2026-01-19,Mobile,2,1,0
U3279,2026-01-20,Mobile,1,0,0
U3279,2026-01-21,Mobile,3,1,2
U3279,2026-01-22,PC,2,1,1
U3279,2026-01-23,Mobile,2,0,1
U3279,2026-01-25,PC,5,0,1
U3279,2026-01-26,PC,5,0,4
U3279,2026-01-27,Mobile,1,0,0
U3279,2026-01-28,Mobile,2,2,0
U3280,2026-01-15,Mobile,3,0,3
U3280,2026-01-16,Mobile,3,1,1
U3280,2026-01-17,Mobile,1,0,1
U3280,2026-01-18,Mobile,2,1,0
U3280,2026-01-19,Mobile,5,1,1
U3280,2026-01-20,Mobile,2,0,0
U3280,2026-01-21,PC,1,0,0
U3280,2026-01-22,PC,5,1,2
U3280,2026-01-23,PC,5,1,0
U3280,2026-01-24,PC,5,3,1
U3280,2026-01-25,Mobile,2,0,1
U3280,2026-01-26,PC,1,0,0
U3280,2026-01-27,Mobile,4,1,0
U3280,2026-01-28,Mobile,2,0,0
U3281,2026-01-16,Mobile,3,0,0
U3281,2026-01-17,Mobile,1,0,0
U3281,2026-01-18,Mobile,4,0,0
U3281,2026-01-21,PC,3,3,0
U3281,2026-01-22,PC,2,0,0
U3281,2026-01-23,PC,2,0,0
U3281,2026-01-24,Mobile,5,1,3
U3281,2026-01-25,Mobile,1,1,0
U3281,2026-01-26,Mobile,3,2,1
U3281,2026-01-27,Mobile,3,0,1
U3281,2026-01-28,PC,4,1,1
U3282,2026-01-15,PC,3,1,1
U3282,2026-01-16,Mobile,1,1,0
U3282,2026-01-18,PC,1,1,0
U3282,2026-01-19,PC,2,1,0
U3282,2026-01-20,PC,5,2,2
U3282,2026-01-21,Mobile,4,1,0
U3282,2026-01-22,Mobile,3,0,1
U3282,2026-01-24,PC,1,0,0
U3282,2026-01-25,Mobile,2,1,0
U3282,2026-01-26,Mobile,2,0,0
U3282,2026-01-27,Mobile,5,1,1
U3282,2026-01-28,Mobile,5,0,0
U3283,2026-01-15,Mobile,2,0,2
U3283,2026-01-16,PC,3,0,0
U3283,2026-01-17,Mobile,3,0,2
U3283,2026-01-18,Mobile,1,0,0
U3283,2026-01-19,Mobile,1,0,1
U3283,2026-01-20,Mobile,4,2,2
U3283,2026-01-21,PC,3,0,2
U3283,2026-01-22,Mobile,2,0,0
U3283,2026-01-23,Mobile,1,0,1
U3283,2026-01-25,Mobile,4,0,1
U3283,2026-01-26,Mobile,2,0,1
U3283,2026-01-27,PC,4,2,1
U3283,2026-01-28,Mobile,5,3,0
U3284,2026-01-15,Mobile,1,0,1
U3284,2026-01-16,PC,5,0,1
U3284,2026-01-17,Mobile,1,0,0
U3284,2026-01-18,Mobile,4,1,1
U3284,2026-01-19,PC,4,0,4
U3284,2026-01-20,PC,3,1,2
U3284,2026-01-21,PC,3,0,3
U3284,2026-01-22,Mobile,2,1,1
U3284,2026-01-23,Mobile,4,1,3
U3284,2026-01-24,PC,4,0,1
U3284,2026-01-25,PC,5,0,4
U3284,2026-01-26,PC,3,2,1
U3284,2026-01-27,PC,4,0,0
U3284,2026-01-28,Mobile,5,0,0
U3285,2026-01-15,Mobile,3,1,2
U3285,2026-01-16,Mobile,5,2,1
U3285,2026-01-17,PC,2,1,1
U3285,2026-01-18,Mobile,2,2,0
U3285,2026-01-19,Mobile,4,3,1
U3285,2026-01-20,Mobile,3,1,1
U3285,2026-01-21,PC,1,0,0
U3285,2026-01-22,Mobile,4,3,0
U3285,2026-01-23,Mobile,4,3,1
U3285,2026-01-24,Mobile,3,3,0
U3285,2026-01-26,PC,5,3,2
U3285,2026-01-27,PC,3,0,2
U3285,2026-01-28,Mobile,3,3,0
U3286,2026-01-15,PC,4,1,2
U3286,2026-01-16,PC,4,1,1
U3286,2026-01-17,Mobile,4,0,0
U3286,2026-01-18,Mobile,5,1,2
U3286,2026-01-19,Mobile,1,0,1
U3286,2026-01-20,PC,1,0,1
U3286,2026-01-22,PC,4,0,2
U3286,2026-01-23,Mobile,4,0,0
U3286,2026-01-24,PC,1,0,1
U3286,2026-01-25,PC,4,1,1
U3286,2026-01-26,Mobile,5,0,0
U3286,2026-01-27,Mobile,3,0,2
U3286,2026-01-28,Mobile,1,0,1
U3287,2026-01-15,PC,3,1,2
U3287,2026-01-16,Mobile,2,0,1
U3287,2026-01-17,Mobile,1,0,0
U3287,2026-01-18,Mobile,5,0,1
U3287,2026-01-19,Mobile,1,0,0
U3287,2026-01-20,PC,5,0,0
U3287,2026-01-21,PC,3,0,2
U3287,2026-01-22,PC,3,0,3
U3287,2026-01-23,Mobile,5,1,0
U3287,2026-01-24,Mobile,3,0,0
U3287,2026-01-25,Mobile,5,0,1
U3287,2026-01-26,Mobile,1,0,0
U3287,2026-01-27,Mobile,4,0,0
U3287,2026-01-28,Mobile,1,0,0
U3288,2026-01-15,PC,1,0,0
U3288,2026-01-16,Mobile,2,0,0
U3288,2026-01-17,PC,2,0,0
U3288,2026-01-18,Mobile,3,1,1
U3288,2026-01-19,Mobile,5,1,0
U3288,2026-01-20,PC,3,0,1
U3288,2026-01-21,PC,2,0,0
U3288,2026-01-22,PC,4,1,1
U3288,2026-01-23,PC,3,2,0
U3288,2026-01-24,PC,5,1,0
U3288,2026-01-26,PC,1,0,0
U3288,2026-01-27,Mobile,5,1,0
U3288,2026-01-28,PC,5,0,0
U3289,2026-01-15,Mobile,1,0,0
U3289,2026-01-16,Mobile,5,0,1
U3289,2026-01-18,Mobile,3,0,1
U3289,2026-01-19,PC,4,0,2
U3289,2026-01-20,Mobile,4,0,0
U3289,2026-01-21,PC,5,1,3
U3289,2026-01-22,Mobile,2,0,1
U3289,2026-01-23,PC,1,0,1
U3289,2026-01-25,PC,1,0,1
U3289,2026-01-26,Mobile,1,0,0
U3289,2026-01-27,PC,5,0,0
U3289,2026-01-28,PC,5,0,0
U3290,2026-01-16,Mobile,5,2,2
U3290,2026-01-18,Mobile,5,2,3
U3290,2026-01-19,Mobile,5,1,3
U3290,2026-01-20,Mobile,4,3,1
U3290,2026-01-23,Mobile,3,1,1
U3290,2026-01-24,PC,1,0,0
U3290,2026-01-25,Mobile,1,0,1
U3290,2026-01-26,Mobile,1,0,0
U3290,2026-01-27,PC,3,3,0
U3290,2026-01-28,Mobile,4,1,2
U3291,2026-01-15,Mobile,2,0,2
U3291,2026-01-16,Mobile,5,1,4
U3291,2026-01-17,PC,1,1,0
U3291,2026-01-18,Mobile,2,0,0
U3291,2026-01-20,Mobile,5,1,2
U3291,2026-01-21,PC,1,1,0
U3291,2026-01-22,PC,5,1,4
U3291,2026-01-23,Mobile,3,1,2
U3291,2026-01-24,PC,5,1,4
U3291,2026-01-25,Mobile,3,0,0
U3291,2026-01-26,PC,1,1,0
U3291,2026-01-27,Mobile,2,1,0
U3291,2026-01-28,Mobile,3,1,2
U3292,2026-01-15,Mobile,1,0,0
U3292,2026-01-17,Mobile,4,1,2
U3292,2026-01-18,Mobile,4,1,2
U3292,2026-01-19,Mobile,1,0,1
U3292,2026-01-21,Mobile,2,1,0
U3292,2026-01-22,PC,3,0,0
U3292,2026-01-23,PC,2,0,2
U3292,2026-01-24,Mobile,3,1,1
U3292,2026-01-25,PC,2,0,2
U3292,2026-01-26,Mobile,2,0,0
U3292,2026-01-27,Mobile,1,1,0
U3292,2026-01-28,PC,5,0,0
U3293,2026-01-16,Mobile,2,0,0
U3293,2026-01-17,PC,3,0,0
U3293,2026-01-18,Mobile,2,1,0
U3293,2026-01-19,Mobile,4,1,0
U3293,2026-01-20,Mobile,1,0,1
U3293,2026-01-21,Mobile,1,1,0
U3293,2026-01-22,Mobile,2,2,0
U3293,2026-01-23,PC,1,0,0
U3293,2026-01-24,Mobile,3,0,2
U3293,2026-01-25,PC,4,3,1
U3293,2026-01-26,Mobile,1,1,0
U3293,2026-01-27,PC,2,1,1
U3293,2026-01-28,Mobile,1,0,0
U3294,2026-01-15,PC,3,0,0
U3294,2026-01-16,PC,1,0,1
U3294,2026-01-17,Mobile,4,1,1
U3294,2026-01-18,PC,4,2,2
U3294,2026-01-19,Mobile,4,1,0
U3294,2026-01-20,Mobile,2,2,0
U3294,2026-01-21,Mobile,4,0,0
U3294,2026-01-22,PC,3,0,2
U3294,2026-01-23,Mobile,3,2,1
U3294,2026-01-25,Mobile,4,0,2
U3294,2026-01-26,Mobile,4,0,1
U3294,2026-01-27,Mobile,5,2,0
U3294,2026-01-28,Mobile,2,1,1
U3295,2026-01-15,PC,5,2,2
U3295,2026-01-16,Mobile,5,2,1
U3295,2026-01-17,Mobile,3,0,0
U3295,2026-01-18,PC,3,1,1
U3295,2026-01-19,PC,1,0,1
U3295,2026-01-21,Mobile,5,1,2
U3295,2026-01-22,Mobile,2,1,0
U3295,2026-01-24,Mobile,5,0,0
U3295,2026-01-25,PC,4,0,1
U3295,2026-01-26,PC,2,0,0
U3295,2026-01-27,Mobile,3,1,0
U3295,2026-01-28,Mobile,2,0,0
U3296,2026-01-15,Mobile,4,1,1
U3296,2026-01-16,Mobile,1,0,1
U3296,2026-01-18,PC,2,0,0
U3296,2026-01-19,PC,2,0,1
U3296,2026-01-20,Mobile,2,0,2
U3296,2026-01-21,PC,5,0,4
U3296,2026-01-22,PC,5,0,4
U3296,2026-01-23,PC,4,0,4
U3296,2026-01-24,Mobile,3,1,1
U3296,2026-01-25,PC,5,0,3
U3296,2026-01-26,PC,4,1,3
U3296,2026-01-27,Mobile,2,0,0
U3296,2026-01-28,PC,1,0,0
U3297,2026-01-15,PC,5,1,2
U3297,2026-01-16,PC,2,0,0
U3297,2026-01-17,PC,2,1,0
U3297,2026-01-19,PC,3,1,2
U3297,2026-01-20,Mobile,4,0,3
U3297,2026-01-21,Mobile,4,0,1
U3297,2026-01-22,Mobile,4,1,2
U3297,2026-01-23,Mobile,3,1,0
U3297,2026-01-24,Mobile,5,2,3
U3297,2026-01-25,Mobile,3,0,3
U3297,2026-01-26,PC,1,0,0
U3297,2026-01-27,PC,1,0,0
U3297,2026-01-28,Mobile,3,2,0
U3298,2026-01-15,Mobile,3,0,0
U3298,2026-01-16,Mobile,3,0,0
U3298,2026-01-17,Mobile,1,1,0
U3298,2026-01-18,Mobile,2,0,1
U3298,2026-01-19,Mobile,4,1,1
U3298,2026-01-20,Mobile,3,1,0
U3298,2026-01-21,Mobile,4,3,0
U3298,2026-01-22,PC,2,1,1
U3298,2026-01-23,Mobile,1,0,0
U3298,2026-01-24,Mobile,5,1,1
U3298,2026-01-25,PC,5,1,0
U3298,2026-01-26,Mobile,4,3,1
U3298,2026-01-28,Mobile,2,0,1
U3299,2026-01-16,PC,3,0,0
U3299,2026-01-17,Mobile,5,1,4
U3299,2026-01-18,Mobile,3,0,3
U3299,2026-01-19,PC,4,1,0
U3299,2026-01-20,PC,1,0,0
U3299,2026-01-21,Mobile,3,1,0
U3299,2026-01-22,Mobile,3,0,2
U3299,2026-01-23,Mobile,2,0,2
U3299,2026-01-24,PC,4,0,2
U3299,2026-01-27,PC,3,0,3
U3299,2026-01-28,Mobile,1,1,0
U3300,2026-01-15,PC,5,1,3
U3300,2026-01-16,PC,4,0,4
U3300,2026-01-17,Mobile,5,0,0
U3300,2026-01-18,PC,3,0,3
U3300,2026-01-19,Mobile,4,1,3
U3300,2026-01-20,Mobile,3,0,2
U3300,2026-01-21,Mobile,5,0,2
U3300,2026-01-22,PC,4,0,0
U3300,2026-01-23,Mobile,1,0,0
U3300,2026-01-25,Mobile,5,0,0
U3300,2026-01-26,PC,4,0,4
U3300,2026-01-27,PC,2,0,2
U3301,2026-01-15,Mobile,3,0,1
U3301,2026-01-16,Mobile,3,0,2
U3301,2026-01-17,Mobile,2,0,1
U3301,2026-01-18,PC,1,0,0
U3301,2026-01-19,PC,3,0,0
U3301,2026-01-20,Mobile,5,1,1
U3301,2026-01-21,Mobile,4,1,0
U3301,2026-01-22,Mobile,3,1,2
U3301,2026-01-23,Mobile,1,0,1
U3301,2026-01-24,Mobile,5,0,0
U3301,2026-01-25,PC,3,1,1
U3301,2026-01-26,PC,1,0,1
U3301,2026-01-27,Mobile,1,0,1
U3302,2026-01-15,PC,3,0,0
U3302,2026-01-16,Mobile,2,0,0
U3302,2026-01-17,Mobile,4,0,1
U3302,2026-01-18,Mobile,1,0,0
U3302,2026-01-19,PC,5,2,2
U3302,2026-01-20,PC,2,0,0
U3302,2026-01-22,PC,1,1,0
U3302,2026-01-23,Mobile,5,1,0
U3302,2026-01-24,PC,1,0,1
U3302,2026-01-26,Mobile,4,0,0
U3302,2026-01-27,PC,5,2,1
U3302,2026-01-28,PC,1,0,0
U3303,2026-01-15,PC,3,0,2
U3303,2026-01-16,Mobile,4,2,2
U3303,2026-01-18,Mobile,4,0,0
U3303,2026-01-19,PC,4,2,1
U3303,2026-01-20,Mobile,5,0,1
U3303,2026-01-21,Mobile,3,0,0
U3303,2026-01-22,Mobile,4,0,1
U3303,2026-01-23,Mobile,4,0,3
U3303,2026-01-24,Mobile,3,1,1
U3303,2026-01-25,PC,2,1,1
U3303,2026-01-26,Mobile,4,0,1
U3303,2026-01-27,PC,3,0,0
U3304,2026-01-15,Mobile,1,1,0
U3304,2026-01-16,Mobile,1,0,1
U3304,2026-01-17,PC,5,0,0
U3304,2026-01-18,Mobile,2,0,1
U3304,2026-01-19,Mobile,3,0,1
U3304,2026-01-20,PC,3,0,3
U3304,2026-01-21,Mobile,1,1,0
U3304,2026-01-23,PC,1,0,0
U3304,2026-01-25,Mobile,3,0,1
U3304,2026-01-26,PC,4,2,1
U3304,2026-01-27,PC,5,1,0
U3305,2026-01-15,PC,1,0,0
U3305,2026-01-16,PC,2,1,0
U3305,2026-01-18,Mobile,3,0,0
U3305,2026-01-19,PC,4,0,1
U3305,2026-01-20,Mobile,4,0,0
U3305,2026-01-21,Mobile,4,0,0
U3305,2026-01-22,Mobile,5,0,0
U3305,2026-01-24,PC,3,2,1
U3305,2026-01-26,Mobile,4,1,3
U3305,2026-01-27,PC,4,0,0
U3305,2026-01-28,Mobile,1,0,1
U3306,2026-01-15,PC,2,0,1
U3306,2026-01-16,Mobile,5,0,4
U3306,2026-01-17,PC,3,0,1
U3306,2026-01-19,PC,5,0,5
U3306,2026-01-20,PC,4,1,3
U3306,2026-01-21,Mobile,2,0,2
U3306,2026-01-22,Mobile,1,1,0
U3306,2026-01-23,Mobile,4,0,0
U3306,2026-01-24,PC,3,1,2
U3306,2026-01-25,Mobile,3,0,2
U3306,2026-01-26,PC,2,0,1
U3306,2026-01-27,Mobile,4,1,2
U3306,2026-01-28,Mobile,5,2,2
U3307,2026-01-15,PC,4,0,0
U3307,2026-01-16,Mobile,1,0,0
U3307,2026-01-17,Mobile,3,0,0
U3307,2026-01-18,Mobile,2,1,0
U3307,2026-01-19,PC,4,1,1
U3307,2026-01-20,PC,2,0,0
U3307,2026-01-21,PC,5,2,2
U3307,2026-01-22,Mobile,5,0,0
U3307,2026-01-25,Mobile,1,0,0
U3307,2026-01-26,PC,1,0,0
U3307,2026-01-28,PC,1,1,0
U3308,2026-01-15,PC,5,0,5
U3308,2026-01-16,PC,4,0,1
U3308,2026-01-17,Mobile,3,0,1
U3308,2026-01-18,Mobile,1,0,1
U3308,2026-01-19,Mobile,2,0,1
U3308,2026-01-20,PC,1,0,1
U3308,2026-01-21,Mobile,3,0,1
U3308,2026-01-22,PC,2,1,0
U3308,2026-01-23,PC,3,0,1
U3308,2026-01-26,PC,5,1,1
U3308,2026-01-27,Mobile,4,0,0
U3308,2026-01-28,PC,1,0,0
U3309,2026-01-15,PC,3,1,1
U3309,2026-01-16,Mobile,5,2,1
U3309,2026-01-17,Mobile,1,0,0
U3309,2026-01-18,PC,5,2,3
U3309,2026-01-19,Mobile,4,1,0
U3309,2026-01-20,PC,4,2,1
U3309,2026-01-21,Mobile,1,0,0
U3309,2026-01-23,Mobile,2,0,2
U3309,2026-01-24,Mobile,5,2,1
U3309,2026-01-25,Mobile,4,1,1
U3309,2026-01-26,PC,4,0,0
U3309,2026-01-27,Mobile,3,1,1
U3309,2026-01-28,Mobile,5,2,2
U3310,2026-01-15,Mobile,3,1,1
U3310,2026-01-16,PC,2,0,0
U3310,2026-01-17,Mobile,1,1,0
U3310,2026-01-18,PC,3,0,1
U3310,2026-01-19,Mobile,3,0,2
U3310,2026-01-20,Mobile,4,0,0
U3310,2026-01-21,PC,1,1,0
U3310,2026-01-22,Mobile,5,0,2
U3310,2026-01-23,Mobile,1,0,1
U3310,2026-01-24,Mobile,5,0,5
U3310,2026-01-25,PC,4,1,0
U3310,2026-01-26,Mobile,3,0,0
U3310,2026-01-27,Mobile,3,1,1
U3310,2026-01-28,PC,4,0,1
U3311,2026-01-15,Mobile,2,0,0
U3311,2026-01-17,PC,3,3,0
U3311,2026-01-19,Mobile,5,0,1
U3311,2026-01-20,Mobile,4,2,2
U3311,2026-01-21,Mobile,3,0,0
U3311,2026-01-22,Mobile,5,1,2
U3311,2026-01-23,Mobile,1,0,0
U3311,2026-01-24,Mobile,5,1,3
U3311,2026-01-25,PC,4,0,0
U3311,2026-01-26,Mobile,3,1,2
U3311,2026-01-27,PC,4,0,1
U3311,2026-01-28,Mobile,1,0,0
U3312,2026-01-15,Mobile,4,3,1
U3312,2026-01-16,PC,3,0,2
U3312,2026-01-17,PC,1,1,0
U3312,2026-01-18,Mobile,5,1,1
U3312,2026-01-19,PC,3,1,0
U3312,2026-01-21,Mobile,5,0,0
U3312,2026-01-22,Mobile,4,1,1
U3312,2026-01-23,Mobile,5,1,0
U3312,2026-01-24,Mobile,2,0,0
U3312,2026-01-25,Mobile,2,0,1
U3312,2026-01-26,PC,3,2,0
U3312,2026-01-27,PC,3,2,1
U3313,2026-01-15,Mobile,4,0,0
U3313,2026-01-16,Mobile,1,0,0
U3313,2026-01-18,Mobile,5,0,1
U3313,2026-01-19,Mobile,3,1,0
U3313,2026-01-20,Mobile,5,0,1
U3313,2026-01-21,Mobile,4,0,1
U3313,2026-01-22,Mobile,2,0,0
U3313,2026-01-23,PC,5,1,1
U3313,2026-01-24,Mobile,5,1,1
U3313,2026-01-25,PC,4,1,2
U3313,2026-01-26,Mobile,3,2,1
U3313,2026-01-28,PC,5,0,0
U3314,2026-01-15,Mobile,2,0,2
U3314,2026-01-16,Mobile,3,0,1
U3314,2026-01-17,PC,5,0,3
U3314,2026-01-18,PC,3,1,2
U3314,2026-01-19,Mobile,2,1,1
U3314,2026-01-20,PC,1,0,0
U3314,2026-01-21,PC,4,0,4
U3314,2026-01-22,Mobile,3,0,3
U3314,2026-01-23,Mobile,1,0,1
U3314,2026-01-24,Mobile,4,1,0
U3314,2026-01-25,Mobile,3,0,1
U3314,2026-01-27,Mobile,5,0,2
U3314,2026-01-28,PC,1,0,0
U3315,2026-01-15,PC,1,0,0
U3315,2026-01-16,PC,3,0,1
U3315,2026-01-17,Mobile,1,1,0
U3315,2026-01-18,PC,1,0,0
U3315,2026-01-19,Mobile,5,1,0
U3315,2026-01-20,Mobile,3,0,1
U3315,2026-01-21,PC,4,1,0
U3315,2026-01-22,PC,3,0,1
U3315,2026-01-24,Mobile,3,2,1
U3315,2026-01-25,Mobile,1,0,0
U3315,2026-01-26,PC,3,0,0
U3315,2026-01-27,PC,1,1,0
U3315,2026-01-28,PC,5,3,2
U3316,2026-01-15,Mobile,3,1,1
U3316,2026-01-16,Mobile,5,0,0
U3316,2026-01-17,Mobile,1,0,1
U3316,2026-01-18,Mobile,4,0,0
U3316,2026-01-19,Mobile,5,0,3
U3316,2026-01-20,PC,5,2,1
U3316,2026-01-21,PC,3,1,2
U3316,2026-01-22,Mobile,3,0,1
U3316,2026-01-23,PC,1,0,0
U3316,2026-01-24,PC,4,1,0
U3316,2026-01-25,Mobile,4,0,1
U3316,2026-01-26,PC,3,0,0
U3316,2026-01-27,PC,4,0,0
U3316,2026-01-28,PC,5,0,5
U3317,2026-01-15,Mobile,2,0,1
U3317,2026-01-16,Mobile,5,0,0
U3317,2026-01-17,Mobile,1,0,1
U3317,2026-01-18,Mobile,1,0,0
U3317,2026-01-19,Mobile,2,0,0
U3317,2026-01-20,Mobile,3,2,1
U3317,2026-01-21,PC,4,0,2
U3317,2026-01-22,PC,4,0,3
U3317,2026-01-23,Mobile,5,1,1
U3317,2026-01-24,PC,4,0,1
U3317,2026-01-25,PC,3,1,1
U3317,2026-01-26,Mobile,4,0,4
U3317,2026-01-27,Mobile,3,0,1
U3317,2026-01-28,PC,5,0,3
U3318,2026-01-16,Mobile,2,0,1
U3318,2026-01-17,Mobile,2,1,0
U3318,2026-01-18,PC,1,0,0
U3318,2026-01-19,Mobile,2,0,1
U3318,2026-01-20,Mobile,2,0,0
U3318,2026-01-21,Mobile,2,1,1
U3318,2026-01-22,Mobile,2,0,1
U3318,2026-01-23,PC,2,0,0
U3318,2026-01-24,Mobile,4,0,1
U3318,2026-01-25,Mobile,4,0,1
U3318,2026-01-26,Mobile,5,2,3
U3318,2026-01-27,Mobile,5,2,3
U3318,2026-01-28,PC,3,0,2
U3319,2026-01-15,Mobile,2,0,1
U3319,2026-01-16,Mobile,4,0,0
U3319,2026-01-17,Mobile,3,0,0
U3319,2026-01-18,Mobile,4,1,2
U3319,2026-01-19,Mobile,3,1,2
U3319,2026-01-20,PC,3,1,1
U3319,2026-01-21,PC,1,1,0
U3319,2026-01-22,Mobile,2,1,1
U3319,2026-01-24,Mobile,1,0,1
U3319,2026-01-25,Mobile,3,1,1
U3319,2026-01-27,Mobile,5,1,3
U3319,2026-01-28,PC,1,0,1
U3320,2026-01-15,Mobile,2,0,0
U3320,2026-01-16,Mobile,5,0,1
U3320,2026-01-18,Mobile,1,0,0
U3320,2026-01-20,Mobile,3,0,0
U3320,2026-01-21,Mobile,5,3,2
U3320,2026-01-22,Mobile,1,0,0
U3320,2026-01-23,PC,2,1,1
U3320,2026-01-24,PC,1,0,0
U3320,2026-01-26,Mobile,1,0,0
U3320,2026-01-27,PC,4,2,2
U3320,2026-01-28,PC,5,0,1
U3321,2026-01-15,PC,1,0,0
U3321,2026-01-16,Mobile,4,0,1
U3321,2026-01-17,Mobile,4,0,1
U3321,2026-01-18,PC,4,0,2
U3321,2026-01-19,Mobile,5,2,3
U3321,2026-01-20,PC,1,1,0
U3321,2026-01-22,Mobile,4,1,0
U3321,2026-01-23,Mobile,3,0,3
U3321,2026-01-24,Mobile,5,1,1
U3321,2026-01-25,PC,1,0,1
U3321,2026-01-27,Mobile,4,0,0
U3321,2026-01-28,Mobile,3,3,0
U3322,2026-01-15,PC,5,0,0
U3322,2026-01-16,Mobile,1,0,0
U3322,2026-01-17,PC,5,0,0
U3322,2026-01-18,Mobile,3,2,0
U3322,2026-01-19,PC,5,0,0
U3322,2026-01-20,PC,4,0,0
U3322,2026-01-22,PC,2,0,0
U3322,2026-01-23,PC,4,2,2
U3322,2026-01-24,Mobile,3,1,2
U3322,2026-01-25,Mobile,2,0,0
U3322,2026-01-26,PC,3,2,1
U3322,2026-01-27,PC,3,0,1
U3322,2026-01-28,Mobile,2,0,1
U3323,2026-01-15,PC,1,0,0
U3323,2026-01-16,PC,4,0,0
U3323,2026-01-17,PC,1,0,0
U3323,2026-01-18,Mobile,3,1,0
U3323,2026-01-19,Mobile,1,0,0
U3323,2026-01-20,Mobile,4,0,0
U3323,2026-01-21,Mobile,3,0,0
U3323,2026-01-22,PC,2,0,1
U3323,2026-01-23,PC,5,1,3
U3323,2026-01-24,Mobile,1,0,0
U3323,2026-01-25,Mobile,5,1,0
U3323,2026-01-26,PC,2,1,1
U3323,2026-01-27,Mobile,2,1,1
U3323,2026-01-28,Mobile,1,1,0
U3324,2026-01-15,Mobile,3,0,2
U3324,2026-01-16,Mobile,1,0,0
U3324,2026-01-17,Mobile,3,0,0
U3324,2026-01-18,Mobile,5,2,1
U3324,2026-01-19,PC,2,1,1
U3324,2026-01-21,Mobile,2,0,2
U3324,2026-01-22,Mobile,5,1,0
U3324,2026-01-24,Mobile,5,0,2
U3324,2026-01-25,Mobile,4,3,1
U3324,2026-01-26,Mobile,5,0,1
U3324,2026-01-27,Mobile,2,1,0
U3324,2026-01-28,Mobile,3,0,0
U3325,2026-01-15,PC,2,0,0
U3325,2026-01-16,Mobile,2,1,0
U3325,2026-01-17,PC,3,2,1
U3325,2026-01-18,Mobile,4,0,0
U3325,2026-01-19,Mobile,1,0,0
U3325,2026-01-20,Mobile,3,1,0
U3325,2026-01-21,PC,4,3,0
U3325,2026-01-23,Mobile,4,2,2
U3325,2026-01-24,PC,2,0,0
U3325,2026-01-25,Mobile,2,2,0
U3325,2026-01-26,Mobile,4,1,1
U3325,2026-01-27,PC,2,0,1
U3326,2026-01-15,Mobile,3,0,3
U3326,2026-01-16,Mobile,1,0,0
U3326,2026-01-17,Mobile,2,0,0
U3326,2026-01-18,Mobile,4,1,1
U3326,2026-01-19,Mobile,1,0,0
U3326,2026-01-20,Mobile,1,0,0
U3326,2026-01-21,Mobile,3,0,1
U3326,2026-01-22,PC,4,0,1
U3326,2026-01-24,Mobile,4,0,2
U3326,2026-01-25,PC,2,0,1
U3326,2026-01-26,PC,4,1,1
U3326,2026-01-27,Mobile,4,0,0
U3326,2026-01-28,Mobile,4,2,0
U3327,2026-01-15,Mobile,1,1,0
U3327,2026-01-16,PC,2,1,1
U3327,2026-01-17,Mobile,1,0,0
U3327,2026-01-18,Mobile,3,0,1
U3327,2026-01-19,Mobile,5,0,0
U3327,2026-01-20,PC,1,1,0
U3327,2026-01-21,PC,5,1,2
U3327,2026-01-22,PC,1,0,0
U3327,2026-01-23,PC,4,0,0
U3327,2026-01-25,Mobile,1,0,0
U3327,2026-01-26,PC,4,0,1
U3327,2026-01-27,Mobile,4,2,2
U3327,2026-01-28,Mobile,2,1,0
U3328,2026-01-15,Mobile,2,0,1
U3328,2026-01-16,PC,1,0,0
U3328,2026-01-17,Mobile,2,1,0
U3328,2026-01-18,PC,2,1,0
U3328,2026-01-19,Mobile,3,0,1
U3328,2026-01-20,Mobile,4,1,1
U3328,2026-01-21,Mobile,3,0,1
U3328,2026-01-22,Mobile,4,0,1
U3328,2026-01-23,Mobile,3,1,0
U3328,2026-01-24,Mobile,1,0,1
U3328,2026-01-25,PC,4,1,0
U3328,2026-01-26,Mobile,3,1,1
U3328,2026-01-27,Mobile,5,0,2
U3328,2026-01-28,PC,3,0,2
U3329,2026-01-15,PC,5,0,0
U3329,2026-01-16,Mobile,3,1,2
U3329,2026-01-17,Mobile,5,2,1
U3329,2026-01-18,PC,2,0,0
U3329,2026-01-19,PC,2,0,1
U3329,2026-01-20,Mobile,5,0,0
U3329,2026-01-21,PC,1,1,0
U3329,2026-01-22,Mobile,5,1,4
U3329,2026-01-23,PC,5,2,1
U3329,2026-01-24,Mobile,5,1,0
U3329,2026-01-26,PC,1,1,0
U3329,2026-01-27,PC,4,0,1
U3329,2026-01-28,Mobile,2,0,0
U3330,2026-01-16,Mobile,5,1,2
U3330,2026-01-18,Mobile,5,0,1
U3330,2026-01-19,PC,5,5,0
U3330,2026-01-20,PC,2,1,0
U3330,2026-01-21,PC,2,2,0
U3330,2026-01-22,PC,5,2,1
U3330,2026-01-23,Mobile,5,0,1
U3330,2026-01-24,Mobile,2,0,2
U3330,2026-01-25,Mobile,3,0,0
U3330,2026-01-26,Mobile,2,1,0
U3330,2026-01-27,PC,1,1,0
U3330,2026-01-28,Mobile,1,0,1
U3331,2026-01-15,Mobile,1,1,0
U3331,2026-01-16,Mobile,1,0,1
U3331,2026-01-17,Mobile,4,3,0
U3331,2026-01-18,PC,1,1,0
U3331,2026-01-19,PC,5,0,0
U3331,2026-01-20,PC,3,2,1
U3331,2026-01-22,PC,3,3,0
U3331,2026-01-23,PC,4,2,0
U3331,2026-01-24,Mobile,2,1,1
U3331,2026-01-27,PC,1,1,0
U3331,2026-01-28,PC,1,0,0
U3332,2026-01-15,Mobile,3,2,0
U3332,2026-01-16,PC,5,4,1
U3332,2026-01-18,Mobile,4,1,0
U3332,2026-01-19,Mobile,3,2,0
U3332,2026-01-20,Mobile,3,0,1
U3332,2026-01-21,Mobile,4,3,1
U3332,2026-01-22,PC,4,0,1
U3332,2026-01-23,Mobile,1,0,0
U3332,2026-01-24,Mobile,2,0,0
U3332,2026-01-25,Mobile,5,4,0
U3332,2026-01-26,PC,3,1,2
U3332,2026-01-27,PC,1,1,0
U3332,2026-01-28,PC,3,0,0
U3333,2026-01-15,Mobile,2,0,0
U3333,2026-01-16,Mobile,5,1,3
U3333,2026-01-18,PC,4,1,0
U3333,2026-01-19,Mobile,3,0,2
U3333,2026-01-20,PC,2,1,0
U3333,2026-01-21,PC,4,0,1
U3333,2026-01-22,Mobile,4,0,3
U3333,2026-01-23,PC,4,0,2
U3333,2026-01-24,Mobile,5,1,0
U3333,2026-01-25,PC,5,0,3
U3333,2026-01-26,Mobile,5,2,2
U3333,2026-01-28,Mobile,5,0,1
U3334,2026-01-16,PC,4,0,1
U3334,2026-01-17,Mobile,5,2,2
U3334,2026-01-18,PC,5,1,3
U3334,2026-01-19,Mobile,2,0,1
U3334,2026-01-20,Mobile,4,0,1
U3334,2026-01-21,PC,3,0,1
U3334,2026-01-23,Mobile,4,0,0
U3334,2026-01-24,PC,2,0,1
U3334,2026-01-25,PC,3,1,0
U3334,2026-01-26,PC,2,0,2
U3334,2026-01-27,Mobile,3,0,1
U3334,2026-01-28,Mobile,2,0,1
U3335,2026-01-16,Mobile,4,0,0
U3335,2026-01-17,Mobile,2,1,0
U3335,2026-01-18,Mobile,4,0,1
U3335,2026-01-19,Mobile,2,2,0
U3335,2026-01-20,Mobile,2,0,1
U3335,2026-01-21,PC,1,1,0
U3335,2026-01-22,Mobile,4,1,1
U3335,2026-01-23,PC,3,0,0
U3335,2026-01-24,Mobile,3,2,1
U3335,2026-01-25,Mobile,4,0,1
U3335,2026-01-26,Mobile,5,1,0
U3335,2026-01-28,Mobile,5,4,1
U3336,2026-01-15,PC,1,1,0
U3336,2026-01-16,PC,2,1,0
U3336,2026-01-17,Mobile,1,0,1
U3336,2026-01-18,PC,5,0,0
U3336,2026-01-19,Mobile,2,1,0
U3336,2026-01-20,Mobile,3,0,0
U3336,2026-01-22,Mobile,1,0,0
U3336,2026-01-23,PC,5,1,0
U3336,2026-01-25,PC,3,1,0
U3336,2026-01-26,Mobile,5,0,2
U3336,2026-01-27,Mobile,2,2,0
U3336,2026-01-28,PC,3,3,0
U3337,2026-01-15,PC,2,0,0
U3337,2026-01-16,Mobile,2,1,1
U3337,2026-01-17,Mobile,2,1,0
U3337,2026-01-18,PC,5,1,2
U3337,2026-01-19,Mobile,2,0,0
U3337,2026-01-20,Mobile,5,4,0
U3337,2026-01-21,Mobile,1,0,0
U3337,2026-01-22,Mobile,2,1,0
U3337,2026-01-23,Mobile,1,0,1
U3337,2026-01-24,Mobile,1,0,1
U3337,2026-01-25,Mobile,3,0,0
U3337,2026-01-26,Mobile,4,1,1
U3337,2026-01-28,Mobile,4,2,2
U3338,2026-01-15,PC,1,0,0
U3338,2026-01-16,PC,2,0,0
U3338,2026-01-17,PC,5,0,1
U3338,2026-01-18,Mobile,5,0,1
U3338,2026-01-19,PC,5,0,1
U3338,2026-01-20,PC,5,0,1
U3338,2026-01-22,PC,2,0,0
U3338,2026-01-24,Mobile,1,0,1
U3338,2026-01-26,PC,1,1,0
U3338,2026-01-27,PC,3,0,1
U3338,2026-01-28,Mobile,1,0,1
U3339,2026-01-16,Mobile,5,0,4
U3339,2026-01-17,PC,4,1,1
U3339,2026-01-18,Mobile,4,0,2
U3339,2026-01-19,Mobile,3,1,2
U3339,2026-01-20,Mobile,1,0,0
U3339,2026-01-21,Mobile,5,0,5
U3339,2026-01-23,Mobile,3,1,2
U3339,2026-01-24,PC,2,0,1
U3339,2026-01-25,PC,4,0,0
U3339,2026-01-26,Mobile,4,0,1
U3339,2026-01-27,PC,5,1,1
U3339,2026-01-28,PC,5,1,0
U3340,2026-01-15,PC,3,3,0
U3340,2026-01-16,PC,1,0,1
U3340,2026-01-17,Mobile,5,2,1
U3340,2026-01-18,PC,5,1,2
U3340,2026-01-19,Mobile,2,1,0
U3340,2026-01-20,Mobile,4,3,1
U3340,2026-01-21,PC,1,0,0
U3340,2026-01-22,Mobile,4,1,0
U3340,2026-01-23,PC,3,1,2
U3340,2026-01-24,PC,2,1,0
U3340,2026-01-25,PC,3,0,0
U3340,2026-01-26,Mobile,4,2,0
U3340,2026-01-27,PC,3,2,1
U3340,2026-01-28,PC,1,1,0
U3341,2026-01-16,PC,3,0,1
U3341,2026-01-17,PC,5,2,1
U3341,2026-01-18,Mobile,5,0,0
U3341,2026-01-19,PC,1,1,0
U3341,2026-01-20,PC,2,1,0
U3341,2026-01-21,Mobile,2,2,0
U3341,2026-01-22,PC,3,0,0
U3341,2026-01-23,PC,4,0,0
U3341,2026-01-24,Mobile,4,0,0
U3341,2026-01-25,PC,3,0,1
U3341,2026-01-26,Mobile,2,0,0
U3341,2026-01-27,Mobile,4,1,0
U3341,2026-01-28,Mobile,4,1,0
U3342,2026-01-16,Mobile,2,1,1
U3342,2026-01-17,Mobile,5,0,1
U3342,2026-01-18,Mobile,1,1,0
U3342,2026-01-19,PC,5,0,0
U3342,2026-01-20,PC,5,0,0
U3342,2026-01-21,PC,5,0,4
U3342,2026-01-22,PC,4,1,0
U3342,2026-01-23,Mobile,1,0,1
U3342,2026-01-24,Mobile,4,1,2
U3342,2026-01-25,PC,5,0,0
U3342,2026-01-26,Mobile,5,0,5
U3342,2026-01-27,PC,3,0,3
U3342,2026-01-28,PC,4,1,2
U3343,2026-01-15,Mobile,1,0,0
U3343,2026-01-16,Mobile,4,2,2
U3343,2026-01-17,PC,3,1,1
U3343,2026-01-18,Mobile,3,2,0
U3343,2026-01-19,Mobile,1,0,0
U3343,2026-01-20,Mobile,5,2,1
U3343,2026-01-21,Mobile,2,1,0
U3343,2026-01-22,Mobile,5,1,2
U3343,2026-01-23,Mobile,1,0,0
U3343,2026-01-24,PC,1,0,0
U3343,2026-01-25,PC,5,1,0
U3343,2026-01-26,PC,1,1,0
U3343,2026-01-28,Mobile,4,0,2
U3344,2026-01-15,PC,3,0,0
U3344,2026-01-16,Mobile,4,0,0
U3344,2026-01-17,Mobile,3,2,0
U3344,2026-01-19,PC,4,1,2
U3344,2026-01-20,PC,4,0,0
U3344,2026-01-21,PC,5,1,1
U3344,2026-01-22,PC,5,0,5
U3344,2026-01-23,Mobile,2,0,0
U3344,2026-01-24,PC,3,1,1
U3344,2026-01-25,PC,1,0,1
U3344,2026-01-26,PC,4,1,2
U3344,2026-01-27,Mobile,3,0,0
U3344,2026-01-28,PC,5,1,4
U3345,2026-01-15,Mobile,3,0,0
U3345,2026-01-16,PC,3,0,2
U3345,2026-01-18,Mobile,5,2,3
U3345,2026-01-19,PC,2,0,0
U3345,2026-01-20,Mobile,4,0,1
U3345,2026-01-21,Mobile,1,0,0
U3345,2026-01-22,PC,1,1,0
U3345,2026-01-23,Mobile,5,0,0
U3345,2026-01-24,PC,5,2,3
U3345,2026-01-25,Mobile,5,0,3
U3345,2026-01-26,Mobile,4,1,3
U3345,2026-01-27,Mobile,3,0,0
U3345,2026-01-28,PC,5,0,0
U3346,2026-01-15,Mobile,3,1,2
U3346,2026-01-17,PC,4,1,0
U3346,2026-01-18,PC,4,2,0
U3346,2026-01-19,PC,1,0,0
U3346,2026-01-20,Mobile,5,3,2
U3346,2026-01-21,Mobile,5,0,1
U3346,2026-01-22,PC,5,1,2
U3346,2026-01-23,Mobile,4,0,0
U3346,2026-01-25,Mobile,1,0,0
U3346,2026-01-26,Mobile,1,0,0
U3346,2026-01-27,PC,5,1,0
U3346,2026-01-28,PC,5,1,4
U3347,2026-01-15,PC,1,0,0
U3347,2026-01-16,PC,1,0,0
U3347,2026-01-17,PC,1,0,1
U3347,2026-01-18,Mobile,3,0,0
U3347,2026-01-19,Mobile,2,0,1
U3347,2026-01-20,Mobile,2,1,0
U3347,2026-01-21,Mobile,3,1,1
U3347,2026-01-22,PC,2,0,1
U3347,2026-01-23,Mobile,5,0,2
U3347,2026-01-24,PC,5,1,2
U3347,2026-01-25,Mobile,4,0,1
U3347,2026-01-26,Mobile,3,0,1
U3347,2026-01-27,PC,3,0,0
U3348,2026-01-15,Mobile,5,1,0
U3348,2026-01-16,PC,1,0,0
U3348,2026-01-17,Mobile,2,0,1
U3348,2026-01-18,PC,1,1,0
U3348,2026-01-19,Mobile,2,0,1
U3348,2026-01-20,PC,1,0,0
U3348,2026-01-21,PC,5,0,4
U3348,2026-01-22,PC,4,0,3
U3348,2026-01-23,Mobile,4,1,1
U3348,2026-01-24,PC,2,0,0
U3348,2026-01-25,Mobile,1,0,0
U3348,2026-01-26,Mobile,3,0,3
U3348,2026-01-27,PC,2,0,0
U3348,2026-01-28,Mobile,3,1,1
U3349,2026-01-15,Mobile,4,1,1
U3349,2026-01-16,Mobile,2,0,0
U3349,2026-01-17,Mobile,3,2,1
U3349,2026-01-18,PC,1,0,0
U3349,2026-01-19,Mobile,1,0,1
U3349,2026-01-20,PC,2,0,1
U3349,2026-01-22,Mobile,3,0,2
U3349,2026-01-24,Mobile,3,1,2
U3349,2026-01-25,Mobile,5,2,3
U3349,2026-01-26,PC,1,0,1
U3349,2026-01-27,PC,3,0,3
U3349,2026-01-28,Mobile,2,0,1
U3350,2026-01-15,PC,5,0,0
U3350,2026-01-16,PC,3,0,3
U3350,2026-01-17,Mobile,3,0,0
U3350,2026-01-18,Mobile,1,0,1
U3350,2026-01-19,PC,5,2,3
U3350,2026-01-20,PC,4,0,1
U3350,2026-01-21,Mobile,2,0,1
U3350,2026-01-22,PC,2,0,1
U3350,2026-01-24,Mobile,4,0,0
U3350,2026-01-25,Mobile,5,2,0
U3350,2026-01-26,Mobile,5,0,0
U3350,2026-01-27,Mobile,3,1,2
U3350,2026-01-28,Mobile,1,1,0
U3351,2026-01-15,Mobile,3,1,2
U3351,2026-01-16,Mobile,3,0,3
U3351,2026-01-17,Mobile,5,2,2
U3351,2026-01-19,PC,5,1,2
U3351,2026-01-20,Mobile,5,0,1
U3351,2026-01-21,Mobile,3,1,1
U3351,2026-01-22,Mobile,1,0,0
U3351,2026-01-23,PC,1,1,0
U3351,2026-01-24,PC,2,0,0
U3351,2026-01-26,Mobile,4,0,0
U3351,2026-01-27,Mobile,3,0,0
U3351,2026-01-28,Mobile,5,0,0
U3352,2026-01-15,PC,2,0,1
U3352,2026-01-16,PC,3,1,0
U3352,2026-01-17,Mobile,5,0,2
U3352,2026-01-18,Mobile,5,0,5
U3352,2026-01-19,Mobile,5,3,2
U3352,2026-01-20,PC,1,0,0
U3352,2026-01-22,PC,5,1,2
U3352,2026-01-23,PC,2,0,1
U3352,2026-01-24,PC,2,0,0
U3352,2026-01-25,PC,4,0,1
U3352,2026-01-26,Mobile,4,0,0
U3352,2026-01-27,PC,5,1,2
U3352,2026-01-28,Mobile,2,0,2
U3353,2026-01-15,Mobile,1,0,0
U3353,2026-01-16,Mobile,3,2,0
U3353,2026-01-17,PC,4,0,0
U3353,2026-01-18,PC,4,1,1
U3353,2026-01-19,PC,2,1,0
U3353,2026-01-20,Mobile,4,1,1
U3353,2026-01-21,Mobile,2,0,0
U3353,2026-01-22,PC,5,4,1
U3353,2026-01-23,PC,1,0,0
U3353,2026-01-25,Mobile,2,1,0
U3353,2026-01-27,Mobile,4,2,0
U3353,2026-01-28,PC,3,2,1
U3354,2026-01-15,PC,4,0,3
U3354,2026-01-16,Mobile,5,0,0
U3354,2026-01-17,PC,4,0,1
U3354,2026-01-18,Mobile,3,0,0
U3354,2026-01-19,Mobile,2,0,2
U3354,2026-01-20,Mobile,3,0,3
U3354,2026-01-21,PC,2,0,0
U3354,2026-01-22,Mobile,1,0,1
U3354,2026-01-23,PC,3,0,0
U3354,2026-01-25,Mobile,5,1,3
U3354,2026-01-26,PC,2,0,0
U3354,2026-01-27,Mobile,3,0,1
U3354,2026-01-28,Mobile,5,0,1
U3355,2026-01-15,Mobile,2,0,1
U3355,2026-01-16,PC,3,0,0
U3355,2026-01-17,Mobile,5,1,3
U3355,2026-01-19,Mobile,5,0,4
U3355,2026-01-21,Mobile,4,1,2
U3355,2026-01-22,Mobile,4,0,0
U3355,2026-01-23,Mobile,4,0,1
U3355,2026-01-24,PC,4,0,3
U3355,2026-01-25,PC,4,0,0
U3355,2026-01-26,PC,4,1,2
U3355,2026-01-27,PC,1,0,0
U3355,2026-01-28,Mobile,1,0,1
U3356,2026-01-15,PC,5,0,4
U3356,2026-01-16,Mobile,4,0,1
U3356,2026-01-17,Mobile,2,1,1
U3356,2026-01-18,Mobile,5,1,2
U3356,2026-01-19,PC,5,1,1
U3356,2026-01-20,PC,3,0,3
U3356,2026-01-23,Mobile,2,0,0
U3356,2026-01-24,PC,2,0,0
U3356,2026-01-25,PC,1,1,0
U3356,2026-01-26,PC,1,1,0
U3356,2026-01-27,Mobile,2,0,0
U3356,2026-01-28,Mobile,2,0,0
U3357,2026-01-15,Mobile,3,2,0
U3357,2026-01-16,PC,2,1,0
U3357,2026-01-17,Mobile,3,0,0
U3357,2026-01-18,PC,3,2,1
U3357,2026-01-19,PC,1,1,0
U3357,2026-01-20,Mobile,1,0,0
U3357,2026-01-22,PC,4,0,0
U3357,2026-01-23,PC,2,0,0
U3357,2026-01-24,Mobile,4,1,0
U3357,2026-01-26,Mobile,2,0,0
U3357,2026-01-27,PC,5,0,2
U3357,2026-01-28,Mobile,3,3,0
U3358,2026-01-15,Mobile,1,0,0
U3358,2026-01-16,PC,4,0,0
U3358,2026-01-17,PC,1,1,0
U3358,2026-01-18,PC,3,1,1
U3358,2026-01-19,PC,3,0,1
U3358,2026-01-25,Mobile,2,0,2
U3358,2026-01-26,PC,4,1,2
U3358,2026-01-27,Mobile,4,1,1
U3358,2026-01-28,PC,2,1,0
U3359,2026-01-15,Mobile,1,0,1
U3359,2026-01-16,PC,2,0,0
U3359,2026-01-17,Mobile,2,0,0
U3359,2026-01-18,Mobile,2,0,1
U3359,2026-01-19,Mobile,3,0,0
U3359,2026-01-20,Mobile,3,0,0
U3359,2026-01-21,Mobile,4,1,1
U3359,2026-01-22,Mobile,5,0,0
U3359,2026-01-23,Mobile,3,1,1
U3359,2026-01-25,PC,2,1,0
U3359,2026-01-26,Mobile,1,0,1
U3359,2026-01-28,Mobile,1,0,1
U3360,2026-01-15,Mobile,2,1,1
U3360,2026-01-17,PC,5,0,3
U3360,2026-01-18,Mobile,1,0,0
U3360,2026-01-19,Mobile,5,0,2
U3360,2026-01-20,Mobile,1,0,0
U3360,2026-01-21,PC,1,0,0
U3360,2026-01-22,Mobile,4,1,0
U3360,2026-01-23,Mobile,2,0,0
U3360,2026-01-24,PC,1,1,0
U3360,2026-01-25,PC,2,0,1
U3360,2026-01-26,Mobile,1,0,1
U3360,2026-01-27,Mobile,3,0,0
U3360,2026-01-28,PC,5,0,1
U3361,2026-01-15,Mobile,3,0,1
U3361,2026-01-16,PC,3,1,0
U3361,2026-01-17,Mobile,1,0,0
U3361,2026-01-18,Mobile,4,0,0
U3361,2026-01-19,PC,1,0,1
U3361,2026-01-21,PC,2,0,1
U3361,2026-01-22,Mobile,4,1,3
U3361,2026-01-23,Mobile,2,0,0
U3361,2026-01-24,Mobile,5,0,3
U3361,2026-01-25,PC,3,0,2
U3361,2026-01-27,PC,3,0,0
U3361,2026-01-28,Mobile,1,0,1
U3362,2026-01-15,Mobile,1,0,0
U3362,2026-01-17,Mobile,2,1,1
U3362,2026-01-18,Mobile,5,1,0
U3362,2026-01-19,Mobile,5,0,1
U3362,2026-01-20,Mobile,3,0,1
U3362,2026-01-21,PC,4,0,4
U3362,2026-01-22,Mobile,1,0,0
U3362,2026-01-23,Mobile,3,0,2
U3362,2026-01-24,PC,4,0,3
U3362,2026-01-25,PC,5,0,1
U3362,2026-01-26,Mobile,4,0,3
U3362,2026-01-27,PC,2,0,1
U3362,2026-01-28,PC,1,0,1
U3363,2026-01-15,Mobile,5,1,1
U3363,2026-01-16,PC,5,2,1
U3363,2026-01-18,Mobile,2,1,1
U3363,2026-01-19,Mobile,1,0,0
U3363,2026-01-20,PC,5,1,4
U3363,2026-01-21,Mobile,2,1,0
U3363,2026-01-22,PC,4,1,0
U3363,2026-01-23,Mobile,2,1,1
U3363,2026-01-24,Mobile,3,0,1
U3363,2026-01-26,Mobile,5,2,1
U3363,2026-01-27,Mobile,5,2,0
U3363,2026-01-28,Mobile,5,1,0
U3364,2026-01-15,Mobile,2,0,0
U3364,2026-01-16,Mobile,3,2,0
U3364,2026-01-17,Mobile,2,0,2
U3364,2026-01-19,PC,1,0,0
U3364,2026-01-20,PC,4,0,1
U3364,2026-01-21,Mobile,5,0,0
U3364,2026-01-22,PC,2,0,0
U3364,2026-01-23,Mobile,1,0,0
U3364,2026-01-24,Mobile,5,3,1
U3364,2026-01-25,PC,1,1,0
U3364,2026-01-26,Mobile,3,1,1
U3364,2026-01-27,PC,3,1,0
U3364,2026-01-28,Mobile,5,4,0
U3365,2026-01-15,Mobile,5,3,2
U3365,2026-01-16,Mobile,5,2,3
U3365,2026-01-17,PC,4,0,1
U3365,2026-01-18,Mobile,2,1,1
U3365,2026-01-19,PC,4,0,1
U3365,2026-01-20,PC,2,0,2
U3365,2026-01-21,Mobile,3,0,3
U3365,2026-01-23,PC,2,0,0
U3365,2026-01-24,PC,2,0,0
U3365,2026-01-25,PC,1,0,1
U3365,2026-01-26,Mobile,3,1,0
U3365,2026-01-27,Mobile,4,1,0
U3365,2026-01-28,Mobile,2,0,1
U3366,2026-01-15,Mobile,4,3,1
U3366,2026-01-16,PC,5,1,2
U3366,2026-01-17,Mobile,3,1,2
U3366,2026-01-19,Mobile,3,0,3
U3366,2026-01-22,Mobile,4,0,0
U3366,2026-01-23,Mobile,1,0,0
U3366,2026-01-24,Mobile,2,0,0
U3366,2026-01-25,PC,4,0,0
U3366,2026-01-26,PC,1,0,0
U3366,2026-01-27,Mobile,5,0,0
U3366,2026-01-28,Mobile,2,0,0
U3367,2026-01-15,PC,3,1,0
U3367,2026-01-16,PC,5,1,4
U3367,2026-01-17,Mobile,2,0,1
U3367,2026-01-18,PC,4,0,1
U3367,2026-01-19,Mobile,1,1,0
U3367,2026-01-21,PC,3,3,0
U3367,2026-01-22,Mobile,3,2,0
U3367,2026-01-23,PC,5,3,2
U3367,2026-01-24,Mobile,4,0,2
U3367,2026-01-25,Mobile,1,0,0
U3367,2026-01-26,Mobile,5,0,0
U3367,2026-01-27,PC,4,0,0
U3367,2026-01-28,Mobile,2,0,0
U3368,2026-01-15,Mobile,2,0,2
U3368,2026-01-16,PC,1,0,0
U3368,2026-01-17,Mobile,4,2,1
U3368,2026-01-18,Mobile,2,0,0
U3368,2026-01-19,PC,1,0,0
U3368,2026-01-20,Mobile,4,3,1
U3368,2026-01-21,Mobile,3,0,0
U3368,2026-01-22,Mobile,2,1,0
U3368,2026-01-23,Mobile,5,3,2
U3368,2026-01-24,PC,5,3,2
U3368,2026-01-25,Mobile,1,1,0
U3368,2026-01-27,Mobile,4,0,0
U3368,2026-01-28,Mobile,5,1,0
U3369,2026-01-15,Mobile,4,0,1
U3369,2026-01-16,PC,4,1,0
U3369,2026-01-17,PC,1,0,1
U3369,2026-01-19,PC,1,0,0
U3369,2026-01-20,Mobile,4,1,1
U3369,2026-01-21,Mobile,1,1,0
U3369,2026-01-22,Mobile,5,2,2
U3369,2026-01-23,Mobile,2,0,0
U3369,2026-01-24,Mobile,1,0,0
U3369,2026-01-26,PC,5,0,1
U3369,2026-01-28,Mobile,2,1,1
U3370,2026-01-15,Mobile,1,1,0
U3370,2026-01-16,PC,1,0,1
U3370,2026-01-19,Mobile,2,0,2
U3370,2026-01-20,Mobile,1,0,1
U3370,2026-01-21,Mobile,2,0,1
U3370,2026-01-22,PC,5,1,4
U3370,2026-01-23,Mobile,1,1,0
U3370,2026-01-24,Mobile,4,1,2
U3370,2026-01-25,Mobile,1,0,1
U3370,2026-01-26,PC,3,0,2
U3370,2026-01-27,PC,4,0,1
U3370,2026-01-28,PC,3,1,2
U3371,2026-01-16,PC,4,0,1
U3371,2026-01-17,Mobile,1,0,1
U3371,2026-01-18,PC,3,0,2
U3371,2026-01-19,Mobile,5,0,0
U3371,2026-01-20,Mobile,3,0,0
U3371,2026-01-22,Mobile,4,1,0
U3371,2026-01-24,Mobile,3,0,2
U3371,2026-01-25,PC,3,0,0
U3371,2026-01-26,Mobile,1,0,1
U3371,2026-01-27,PC,3,0,2
U3371,2026-01-28,Mobile,2,0,1
U3372,2026-01-17,Mobile,3,0,3
U3372,2026-01-18,Mobile,3,1,2
U3372,2026-01-19,Mobile,5,0,1
U3372,2026-01-20,PC,2,0,1
U3372,2026-01-22,PC,3,1,1
U3372,2026-01-23,PC,1,1,0
U3372,2026-01-24,PC,2,2,0
U3372,2026-01-26,PC,1,1,0
U3372,2026-01-27,Mobile,1,1,0
U3372,2026-01-28,PC,5,1,0
U3373,2026-01-15,PC,3,0,1
U3373,2026-01-16,Mobile,5,0,1
U3373,2026-01-17,PC,4,0,4
U3373,2026-01-18,Mobile,5,0,1
U3373,2026-01-19,Mobile,4,1,3
U3373,2026-01-20,PC,2,1,0
U3373,2026-01-21,Mobile,2,0,0
U3373,2026-01-22,Mobile,3,0,2
U3373,2026-01-23,Mobile,3,0,0
U3373,2026-01-24,Mobile,2,0,0
U3373,2026-01-25,PC,1,0,0
U3373,2026-01-26,PC,2,0,0
U3373,2026-01-27,Mobile,3,0,1
U3373,2026-01-28,Mobile,1,0,1
U3374,2026-01-15,PC,2,0,0
U3374,2026-01-16,PC,5,0,1
U3374,2026-01-17,Mobile,2,0,0
U3374,2026-01-18,Mobile,2,2,0
U3374,2026-01-19,Mobile,2,0,1
U3374,2026-01-20,PC,5,0,1
U3374,2026-01-21,Mobile,5,2,2
U3374,2026-01-22,PC,5,1,2
U3374,2026-01-23,PC,4,1,0
U3374,2026-01-24,Mobile,3,0,1
U3374,2026-01-26,Mobile,5,1,0
U3374,2026-01-27,PC,1,0,0
U3375,2026-01-15,Mobile,1,0,0
U3375,2026-01-16,Mobile,2,0,0
U3375,2026-01-17,PC,2,0,0
U3375,2026-01-18,Mobile,5,0,0
U3375,2026-01-19,PC,5,0,1
U3375,2026-01-21,Mobile,2,0,2
U3375,2026-01-22,Mobile,5,0,5
U3375,2026-01-23,PC,2,0,0
U3375,2026-01-24,Mobile,4,1,2
U3375,2026-01-25,Mobile,3,0,0
U3375,2026-01-26,Mobile,2,0,0
U3375,2026-01-27,Mobile,3,1,1
U3375,2026-01-28,Mobile,4,0,3
U3376,2026-01-17,Mobile,1,0,0
U3376,2026-01-18,Mobile,3,1,1
U3376,2026-01-19,Mobile,4,1,1
U3376,2026-01-20,Mobile,2,0,1
U3376,2026-01-21,PC,5,0,0
U3376,2026-01-22,PC,4,1,0
U3376,2026-01-23,Mobile,1,1,0
U3376,2026-01-24,PC,2,1,0
U3376,2026-01-25,Mobile,3,0,3
U3376,2026-01-26,Mobile,4,1,2
U3376,2026-01-27,Mobile,5,4,0
U3376,2026-01-28,Mobile,2,0,1
U3377,2026-01-15,Mobile,1,0,0
U3377,2026-01-16,Mobile,3,1,2
U3377,2026-01-17,Mobile,5,0,2
U3377,2026-01-19,PC,4,0,1
U3377,2026-01-20,Mobile,1,0,1
U3377,2026-01-21,Mobile,2,0,1
U3377,2026-01-22,Mobile,3,0,2
U3377,2026-01-23,Mobile,4,0,0
U3377,2026-01-24,Mobile,5,1,1
U3377,2026-01-25,Mobile,4,1,3
U3377,2026-01-26,PC,4,0,2
U3377,2026-01-27,PC,4,1,3
U3377,2026-01-28,PC,4,1,2
U3378,2026-01-15,Mobile,2,1,1
U3378,2026-01-16,Mobile,2,1,0
U3378,2026-01-17,PC,5,3,2
U3378,2026-01-18,PC,4,4,0
U3378,2026-01-19,PC,2,0,0
U3378,2026-01-20,PC,5,0,0
U3378,2026-01-21,PC,2,1,0
U3378,2026-01-22,Mobile,5,1,1
U3378,2026-01-23,Mobile,1,0,0
U3378,2026-01-24,Mobile,4,3,1
U3378,2026-01-26,Mobile,5,2,1
U3378,2026-01-27,PC,3,0,2
U3378,2026-01-28,Mobile,2,0,0
U3379,2026-01-15,Mobile,3,2,0
U3379,2026-01-16,Mobile,3,1,0
U3379,2026-01-18,Mobile,1,0,1
U3379,2026-01-20,Mobile,4,0,0
U3379,2026-01-21,Mobile,2,0,0
U3379,2026-01-22,Mobile,3,1,1
U3379,2026-01-23,PC,3,0,2
U3379,2026-01-24,PC,5,1,0
U3379,2026-01-25,Mobile,3,0,3
U3379,2026-01-26,PC,3,2,1
U3379,2026-01-28,Mobile,1,0,0
U3380,2026-01-15,Mobile,3,0,1
U3380,2026-01-16,PC,1,0,0
U3380,2026-01-17,Mobile,4,0,1
U3380,2026-01-18,Mobile,1,0,1
U3380,2026-01-20,PC,5,1,4
U3380,2026-01-21,Mobile,4,0,0
U3380,2026-01-22,PC,4,1,2
U3380,2026-01-23,PC,5,0,3
U3380,2026-01-24,PC,1,0,0
U3380,2026-01-25,Mobile,3,0,1
U3380,2026-01-26,Mobile,5,0,2
U3380,2026-01-27,Mobile,4,0,0
U3380,2026-01-28,PC,1,0,0
U3381,2026-01-15,PC,5,2,1
U3381,2026-01-16,PC,4,0,3
U3381,2026-01-17,Mobile,2,1,0
U3381,2026-01-18,Mobile,3,1,2
U3381,2026-01-19,Mobile,5,0,3
U3381,2026-01-20,Mobile,5,1,4
U3381,2026-01-21,Mobile,4,0,3
U3381,2026-01-22,Mobile,5,1,0
U3381,2026-01-23,Mobile,3,2,0
U3381,2026-01-24,Mobile,2,0,1
U3381,2026-01-25,Mobile,4,0,2
U3381,2026-01-26,Mobile,4,0,0
U3381,2026-01-27,Mobile,3,1,1
U3381,2026-01-28,Mobile,3,0,0
U3382,2026-01-15,PC,2,0,2
U3382,2026-01-16,PC,3,0,1
U3382,2026-01-17,PC,2,0,0
U3382,2026-01-18,Mobile,2,0,0
U3382,2026-01-19,PC,3,0,0
U3382,2026-01-20,Mobile,5,4,0
U3382,2026-01-21,PC,3,0,0
U3382,2026-01-22,Mobile,2,0,0
U3382,2026-01-23,PC,5,0,0
U3382,2026-01-24,PC,5,1,0
U3382,2026-01-25,PC,3,1,0
U3382,2026-01-26,PC,5,3,0
U3382,2026-01-27,PC,3,2,1
U3382,2026-01-28,PC,2,0,0
U3383,2026-01-15,PC,5,1,3
U3383,2026-01-16,PC,2,0,1
U3383,2026-01-17,Mobile,5,2,3
U3383,2026-01-18,PC,5,1,3
U3383,2026-01-19,PC,2,0,1
U3383,2026-01-20,Mobile,3,1,1
U3383,2026-01-22,Mobile,4,0,0
U3383,2026-01-23,Mobile,2,0,0
U3383,2026-01-24,PC,4,1,2
U3383,2026-01-25,Mobile,1,1,0
U3383,2026-01-26,Mobile,5,0,1
U3383,2026-01-27,PC,3,1,1
U3383,2026-01-28,Mobile,5,1,4
U3384,2026-01-15,Mobile,4,1,2
U3384,2026-01-16,PC,3,1,2
U3384,2026-01-17,PC,5,1,2
U3384,2026-01-18,Mobile,1,0,0
U3384,2026-01-19,PC,1,0,1
U3384,2026-01-20,Mobile,1,0,0
U3384,2026-01-21,Mobile,1,0,0
U3384,2026-01-22,PC,2,1,0
U3384,2026-01-23,Mobile,5,1,0
U3384,2026-01-24,Mobile,2,1,1
U3384,2026-01-25,Mobile,2,0,1
U3384,2026-01-26,Mobile,5,0,0
U3384,2026-01-27,Mobile,2,0,0
U3384,2026-01-28,PC,4,1,2
U3385,2026-01-15,Mobile,5,0,3
U3385,2026-01-16,Mobile,2,0,1
U3385,2026-01-17,Mobile,2,1,0
U3385,2026-01-18,PC,3,0,1
U3385,2026-01-19,Mobile,2,0,0
U3385,2026-01-20,Mobile,2,0,0
U3385,2026-01-21,Mobile,2,0,1
U3385,2026-01-22,PC,1,0,0
U3385,2026-01-23,Mobile,5,2,3
U3385,2026-01-24,Mobile,5,5,0
U3385,2026-01-25,Mobile,4,1,0
U3385,2026-01-26,PC,3,0,0
U3385,2026-01-27,Mobile,5,0,0
U3385,2026-01-28,PC,4,0,3
U3386,2026-01-15,PC,3,3,0
U3386,2026-01-16,Mobile,5,1,1
U3386,2026-01-17,Mobile,5,1,2
U3386,2026-01-18,Mobile,2,0,1
U3386,2026-01-19,Mobile,3,1,2
U3386,2026-01-21,PC,4,1,1
U3386,2026-01-22,PC,3,1,0
U3386,2026-01-23,PC,2,1,0
U3386,2026-01-24,PC,5,0,3
U3386,2026-01-25,Mobile,5,0,1
U3386,2026-01-26,PC,5,2,3
U3386,2026-01-27,PC,5,0,1
U3386,2026-01-28,Mobile,2,1,0
U3387,2026-01-15,Mobile,4,2,2
U3387,2026-01-17,PC,2,1,0
U3387,2026-01-18,Mobile,3,2,0
U3387,2026-01-19,PC,1,0,1
U3387,2026-01-20,Mobile,2,0,0
U3387,2026-01-21,PC,1,0,0
U3387,2026-01-22,PC,3,0,0
U3387,2026-01-23,PC,1,1,0
U3387,2026-01-24,PC,4,0,1
U3387,2026-01-25,Mobile,2,2,0
U3387,2026-01-26,Mobile,5,1,1
U3387,2026-01-28,Mobile,4,3,1
U3388,2026-01-15,PC,1,1,0
U3388,2026-01-16,Mobile,3,0,0
U3388,2026-01-17,Mobile,1,0,0
U3388,2026-01-18,Mobile,5,1,1
U3388,2026-01-19,PC,5,3,1
U3388,2026-01-20,Mobile,3,0,3
U3388,2026-01-21,Mobile,4,0,3
U3388,2026-01-22,PC,1,0,0
U3388,2026-01-23,Mobile,5,2,2
U3388,2026-01-25,Mobile,3,0,2
U3388,2026-01-26,PC,4,0,0
U3388,2026-01-27,Mobile,4,3,0
U3388,2026-01-28,Mobile,3,0,1
U3389,2026-01-16,Mobile,2,1,0
U3389,2026-01-17,Mobile,4,0,2
U3389,2026-01-18,PC,4,1,0
U3389,2026-01-19,PC,1,1,0
U3389,2026-01-21,Mobile,3,0,0
U3389,2026-01-22,PC,2,1,0
U3389,2026-01-24,Mobile,5,1,0
U3389,2026-01-25,Mobile,1,1,0
U3389,2026-01-26,Mobile,4,2,2
U3389,2026-01-27,Mobile,3,1,0
U3389,2026-01-28,Mobile,5,3,2
U3390,2026-01-16,Mobile,3,1,0
U3390,2026-01-18,PC,5,0,3
U3390,2026-01-19,Mobile,4,0,3
U3390,2026-01-20,Mobile,1,0,0
U3390,2026-01-21,PC,2,2,0
U3390,2026-01-22,PC,1,0,0
U3390,2026-01-23,Mobile,5,1,4
U3390,2026-01-24,Mobile,3,0,0
U3390,2026-01-25,PC,1,0,1
U3390,2026-01-26,Mobile,4,0,3
U3390,2026-01-27,Mobile,1,1,0
U3390,2026-01-28,PC,2,0,2
U3391,2026-01-15,PC,5,0,5
U3391,2026-01-16,Mobile,1,0,1
U3391,2026-01-17,PC,2,1,1
U3391,2026-01-18,PC,4,2,1
U3391,2026-01-19,Mobile,2,1,0
U3391,2026-01-20,PC,2,0,1
U3391,2026-01-21,Mobile,5,0,4
U3391,2026-01-22,Mobile,1,0,0
U3391,2026-01-23,PC,2,1,0
U3391,2026-01-24,Mobile,5,0,3
U3391,2026-01-25,Mobile,3,0,2
U3391,2026-01-26,PC,4,1,1
U3392,2026-01-16,PC,5,0,1
U3392,2026-01-17,PC,3,1,1
U3392,2026-01-18,PC,5,1,2
U3392,2026-01-19,Mobile,1,0,1
U3392,2026-01-20,PC,2,0,2
U3392,2026-01-21,PC,4,0,1
U3392,2026-01-22,PC,4,0,0
U3392,2026-01-23,Mobile,2,1,1
U3392,2026-01-24,PC,3,2,0
U3392,2026-01-25,Mobile,3,1,1
U3392,2026-01-26,Mobile,4,0,1
U3392,2026-01-27,Mobile,4,1,1
U3392,2026-01-28,Mobile,3,0,0
U3393,2026-01-15,PC,1,0,0
U3393,2026-01-16,Mobile,1,0,0
U3393,2026-01-17,PC,3,0,3
U3393,2026-01-18,Mobile,1,0,1
U3393,2026-01-19,Mobile,3,0,0
U3393,2026-01-20,PC,3,1,1
U3393,2026-01-21,Mobile,2,0,2
U3393,2026-01-22,PC,4,1,3
U3393,2026-01-23,PC,3,1,2
U3393,2026-01-24,PC,1,0,0
U3393,2026-01-25,Mobile,4,0,2
U3393,2026-01-26,PC,3,0,2
U3393,2026-01-28,Mobile,4,1,0
U3394,2026-01-16,PC,5,1,1
U3394,2026-01-17,Mobile,1,0,0
U3394,2026-01-18,Mobile,1,0,0
U3394,2026-01-19,Mobile,4,2,0
U3394,2026-01-20,Mobile,3,0,0
U3394,2026-01-21,PC,5,3,2
U3394,2026-01-23,Mobile,5,1,3
U3394,2026-01-24,PC,1,0,1
U3394,2026-01-25,Mobile,4,3,0
U3394,2026-01-26,PC,3,0,1
U3394,2026-01-27,Mobile,2,0,0
U3394,2026-01-28,PC,1,0,0
U3395,2026-01-15,PC,3,3,0
U3395,2026-01-16,Mobile,5,2,0
U3395,2026-01-17,Mobile,3,0,1
U3395,2026-01-18,Mobile,3,0,2
U3395,2026-01-20,Mobile,3,0,1
U3395,2026-01-21,PC,5,1,1
U3395,2026-01-22,Mobile,2,0,1
U3395,2026-01-23,Mobile,4,2,1
U3395,2026-01-24,PC,3,2,1
U3395,2026-01-25,Mobile,3,0,0
U3395,2026-01-26,Mobile,2,0,1
U3395,2026-01-27,PC,4,4,0
U3395,2026-01-28,PC,5,1,1
U3396,2026-01-16,Mobile,5,1,2
U3396,2026-01-17,PC,4,0,0
U3396,2026-01-18,Mobile,1,0,0
U3396,2026-01-19,Mobile,2,1,1
U3396,2026-01-20,Mobile,1,0,0
U3396,2026-01-21,PC,4,2,1
U3396,2026-01-22,Mobile,4,0,0
U3396,2026-01-23,PC,1,0,0
U3396,2026-01-24,Mobile,3,0,2
U3396,2026-01-25,Mobile,5,3,2
U3396,2026-01-27,Mobile,3,0,0
U3396,2026-01-28,PC,1,1,0
U3397,2026-01-15,Mobile,1,0,0
U3397,2026-01-16,Mobile,5,1,2
U3397,2026-01-18,PC,1,0,1
U3397,2026-01-19,Mobile,5,1,2
U3397,2026-01-20,Mobile,3,0,2
U3397,2026-01-21,Mobile,3,1,1
U3397,2026-01-22,PC,4,0,4
U3397,2026-01-24,Mobile,1,0,1
U3397,2026-01-25,PC,4,2,2
U3397,2026-01-26,Mobile,5,3,2
U3397,2026-01-27,Mobile,4,0,4
U3397,2026-01-28,PC,4,0,0
U3398,2026-01-15,Mobile,2,0,1
U3398,2026-01-16,Mobile,3,0,3
U3398,2026-01-18,Mobile,3,0,1
U3398,2026-01-20,PC,2,1,0
U3398,2026-01-21,Mobile,5,2,1
U3398,2026-01-22,Mobile,1,0,0
U3398,2026-01-23,PC,3,2,0
U3398,2026-01-24,Mobile,2,1,0
U3398,2026-01-25,PC,2,1,0
U3398,2026-01-26,PC,3,0,0
U3398,2026-01-27,Mobile,1,0,0
U3398,2026-01-28,Mobile,3,0,0
U3399,2026-01-15,PC,5,3,1
U3399,2026-01-16,Mobile,5,3,1
U3399,2026-01-17,PC,3,2,1
U3399,2026-01-18,Mobile,4,0,0
U3399,2026-01-19,Mobile,5,0,0
U3399,2026-01-20,Mobile,4,1,3
U3399,2026-01-21,Mobile,4,0,1
U3399,2026-01-22,PC,1,0,0
U3399,2026-01-23,PC,1,0,0
U3399,2026-01-25,PC,2,0,0
U3399,2026-01-26,Mobile,3,0,0
U3399,2026-01-27,PC,5,1,1
U3399,2026-01-28,PC,4,0,0
U3400,2026-01-15,Mobile,3,0,0
U3400,2026-01-18,PC,1,0,0
U3400,2026-01-19,Mobile,3,2,0
U3400,2026-01-20,PC,5,1,4
U3400,2026-01-22,Mobile,1,0,1
U3400,2026-01-23,PC,2,1,0
U3400,2026-01-24,Mobile,4,0,0
U3400,2026-01-25,Mobile,3,1,2
U3400,2026-01-26,PC,1,1,0
U3400,2026-01-27,Mobile,4,1,0
U3400,2026-01-28,PC,1,1,0
U3401,2026-01-15,Mobile,1,0,0
U3401,2026-01-17,Mobile,5,2,2
U3401,2026-01-18,Mobile,3,0,1
U3401,2026-01-20,Mobile,3,0,1
U3401,2026-01-21,Mobile,5,0,1
U3401,2026-01-22,PC,5,2,3
U3401,2026-01-23,Mobile,2,0,0
U3401,2026-01-24,PC,1,0,0
U3401,2026-01-25,PC,5,0,3
U3401,2026-01-26,PC,2,1,0
U3401,2026-01-27,PC,2,1,1
U3401,2026-01-28,PC,2,0,0
U3402,2026-01-15,Mobile,5,1,3
U3402,2026-01-17,Mobile,4,0,0
U3402,2026-01-18,Mobile,5,0,5
U3402,2026-01-19,PC,1,0,1
U3402,2026-01-21,Mobile,3,0,1
U3402,2026-01-22,PC,1,0,0
U3402,2026-01-23,Mobile,5,0,2
U3402,2026-01-24,Mobile,3,1,0
U3402,2026-01-25,Mobile,3,0,0
U3402,2026-01-26,Mobile,4,2,2
U3402,2026-01-27,PC,3,1,0
U3402,2026-01-28,Mobile,2,0,0
U3403,2026-01-15,PC,5,2,3
U3403,2026-01-16,PC,3,0,1
U3403,2026-01-17,Mobile,1,0,1
U3403,2026-01-18,Mobile,5,0,3
U3403,2026-01-19,Mobile,4,0,1
U3403,2026-01-20,PC,3,0,1
U3403,2026-01-21,Mobile,4,0,2
U3403,2026-01-22,Mobile,4,0,0
U3403,2026-01-23,Mobile,3,0,1
U3403,2026-01-25,Mobile,5,1,3
U3403,2026-01-26,Mobile,3,1,2
U3403,2026-01-27,Mobile,3,0,0
U3404,2026-01-15,Mobile,5,0,3
U3404,2026-01-16,Mobile,2,0,0
U3404,2026-01-18,Mobile,3,0,0
U3404,2026-01-19,Mobile,3,0,1
U3404,2026-01-20,Mobile,5,0,0
U3404,2026-01-21,PC,3,0,0
U3404,2026-01-22,Mobile,4,0,4
U3404,2026-01-23,PC,4,0,3
U3404,2026-01-26,Mobile,3,0,0
U3404,2026-01-27,Mobile,1,0,1
U3404,2026-01-28,Mobile,4,0,1
U3405,2026-01-15,Mobile,5,1,4
U3405,2026-01-16,Mobile,3,0,3
U3405,2026-01-17,PC,2,0,1
U3405,2026-01-18,PC,3,1,0
U3405,2026-01-19,Mobile,2,0,2
U3405,2026-01-20,Mobile,1,0,1
U3405,2026-01-21,PC,1,1,0
U3405,2026-01-22,Mobile,4,1,3
U3405,2026-01-25,PC,4,0,3
U3405,2026-01-26,PC,3,0,0
U3405,2026-01-27,Mobile,3,0,0
U3405,2026-01-28,PC,3,0,2
U3406,2026-01-15,Mobile,3,0,1
U3406,2026-01-16,PC,4,0,1
U3406,2026-01-17,Mobile,1,0,0
U3406,2026-01-18,Mobile,1,0,0
U3406,2026-01-19,PC,3,0,2
U3406,2026-01-20,Mobile,4,0,2
U3406,2026-01-21,Mobile,4,1,0
U3406,2026-01-22,Mobile,5,2,3
U3406,2026-01-23,Mobile,1,0,1
U3406,2026-01-24,PC,5,0,3
U3406,2026-01-25,Mobile,1,1,0
U3406,2026-01-26,Mobile,3,0,0
U3406,2026-01-27,Mobile,2,0,0
U3406,2026-01-28,Mobile,1,1,0
U3407,2026-01-15,Mobile,2,0,1
U3407,2026-01-16,Mobile,5,2,1
U3407,2026-01-18,PC,5,2,1
U3407,2026-01-19,Mobile,5,2,3
U3407,2026-01-20,Mobile,1,0,0
U3407,2026-01-21,Mobile,1,0,1
U3407,2026-01-22,Mobile,2,1,0
U3407,2026-01-23,PC,2,0,1
U3407,2026-01-24,PC,4,1,2
U3407,2026-01-25,Mobile,2,0,1
U3407,2026-01-26,PC,4,1,1
U3407,2026-01-27,Mobile,5,1,1
U3407,2026-01-28,PC,3,0,0
U3408,2026-01-15,Mobile,1,0,0
U3408,2026-01-16,Mobile,2,0,2
U3408,2026-01-19,Mobile,4,1,0
U3408,2026-01-20,PC,1,0,1
U3408,2026-01-21,PC,1,0,1
U3408,2026-01-22,PC,1,0,1
U3408,2026-01-23,Mobile,5,0,2
U3408,2026-01-24,PC,1,1,0
U3408,2026-01-25,PC,3,2,1
U3408,2026-01-26,Mobile,4,0,1
U3408,2026-01-27,PC,5,0,1
U3409,2026-01-16,Mobile,2,1,1
U3409,2026-01-17,PC,5,1,1
U3409,2026-01-18,PC,2,0,0
U3409,2026-01-19,Mobile,1,0,0
U3409,2026-01-20,PC,5,1,0
U3409,2026-01-21,PC,3,2,1
U3409,2026-01-22,Mobile,1,1,0
U3409,2026-01-23,PC,2,1,0
U3409,2026-01-24,Mobile,4,1,1
U3409,2026-01-25,PC,1,0,1
U3409,2026-01-26,Mobile,2,0,0
U3409,2026-01-27,Mobile,4,2,1
U3409,2026-01-28,Mobile,2,0,0
U3410,2026-01-15,PC,4,0,2
U3410,2026-01-16,Mobile,2,2,0
U3410,2026-01-17,Mobile,1,0,1
U3410,2026-01-18,Mobile,4,0,0
U3410,2026-01-19,Mobile,5,1,3
U3410,2026-01-20,Mobile,1,1,0
U3410,2026-01-21,PC,1,0,0
U3410,2026-01-22,Mobile,2,0,1
U3410,2026-01-24,PC,2,1,1
U3410,2026-01-25,PC,5,0,0
U3410,2026-01-26,PC,5,0,1
U3410,2026-01-27,Mobile,5,1,3
U3410,2026-01-28,Mobile,1,0,0
U3411,2026-01-15,Mobile,1,0,0
U3411,2026-01-16,PC,1,0,0
U3411,2026-01-17,Mobile,2,0,0
U3411,2026-01-18,Mobile,1,1,0
U3411,2026-01-19,Mobile,5,0,0
U3411,2026-01-20,PC,4,3,1
U3411,2026-01-21,Mobile,2,0,1
U3411,2026-01-22,Mobile,1,0,0
U3411,2026-01-23,Mobile,1,0,1
U3411,2026-01-24,Mobile,5,1,1
U3411,2026-01-25,PC,2,0,0
U3411,2026-01-26,PC,3,0,0
U3411,2026-01-27,Mobile,2,1,1
U3411,2026-01-28,Mobile,2,0,0
U3412,2026-01-16,PC,1,1,0
U3412,2026-01-17,Mobile,4,0,0
U3412,2026-01-18,Mobile,5,0,1
U3412,2026-01-19,Mobile,4,0,1
U3412,2026-01-20,PC,3,2,1
U3412,2026-01-21,PC,2,1,0
U3412,2026-01-22,PC,3,1,1
U3412,2026-01-23,Mobile,5,0,0
U3412,2026-01-25,PC,5,3,2
U3412,2026-01-26,PC,4,2,1
U3412,2026-01-27,PC,2,0,0
U3412,2026-01-28,Mobile,1,0,0
U3413,2026-01-15,PC,2,0,0
U3413,2026-01-17,Mobile,4,0,1
U3413,2026-01-18,Mobile,4,0,1
U3413,2026-01-19,PC,1,0,0
U3413,2026-01-20,Mobile,1,1,0
U3413,2026-01-21,Mobile,1,0,0
U3413,2026-01-22,Mobile,1,1,0
U3413,2026-01-23,PC,5,1,2
U3413,2026-01-24,PC,5,2,3
U3413,2026-01-25,Mobile,5,0,5
U3413,2026-01-26,PC,2,1,1
U3413,2026-01-27,Mobile,3,0,1
U3413,2026-01-28,PC,3,0,3
U3414,2026-01-15,Mobile,4,1,0
U3414,2026-01-17,Mobile,2,0,0
U3414,2026-01-18,PC,4,4,0
U3414,2026-01-19,Mobile,3,0,0
U3414,2026-01-20,Mobile,4,3,1
U3414,2026-01-21,Mobile,4,0,4
U3414,2026-01-22,Mobile,3,0,1
U3414,2026-01-23,PC,4,1,0
U3414,2026-01-24,Mobile,1,0,0
U3414,2026-01-25,Mobile,5,1,2
U3414,2026-01-26,Mobile,3,1,0
U3414,2026-01-27,Mobile,4,0,0
U3414,2026-01-28,Mobile,2,1,0
U3415,2026-01-17,Mobile,3,0,0
U3415,2026-01-18,PC,4,2,2
U3415,2026-01-19,PC,3,2,0
U3415,2026-01-21,Mobile,1,1,0
U3415,2026-01-22,Mobile,2,1,0
U3415,2026-01-23,Mobile,3,1,0
U3415,2026-01-25,Mobile,4,1,1
U3415,2026-01-26,Mobile,1,0,0
U3415,2026-01-27,Mobile,5,2,0
U3415,2026-01-28,Mobile,1,0,0
U3416,2026-01-15,Mobile,2,0,0
U3416,2026-01-16,PC,4,0,1
U3416,2026-01-17,Mobile,5,1,0
U3416,2026-01-18,Mobile,1,0,0
U3416,2026-01-19,PC,4,1,1
U3416,2026-01-20,Mobile,3,1,0
U3416,2026-01-21,Mobile,2,0,0
U3416,2026-01-22,Mobile,3,1,2
U3416,2026-01-23,PC,2,0,0
U3416,2026-01-24,Mobile,4,4,0
U3416,2026-01-25,Mobile,5,1,1
U3416,2026-01-26,Mobile,5,1,1
U3416,2026-01-27,PC,3,0,0
U3416,2026-01-28,PC,4,2,2
U3417,2026-01-15,Mobile,1,0,0
U3417,2026-01-16,PC,3,0,3
U3417,2026-01-17,PC,2,1,0
U3417,2026-01-18,PC,2,0,1
U3417,2026-01-19,Mobile,5,1,3
U3417,2026-01-20,Mobile,1,0,1
U3417,2026-01-21,Mobile,2,0,1
U3417,2026-01-22,Mobile,4,0,1
U3417,2026-01-23,Mobile,1,0,1
U3417,2026-01-24,Mobile,2,0,1
U3417,2026-01-25,Mobile,5,2,3
U3417,2026-01-27,Mobile,3,0,0
U3418,2026-01-15,PC,3,2,1
U3418,2026-01-16,Mobile,3,1,1
U3418,2026-01-17,Mobile,4,2,0
U3418,2026-01-18,Mobile,1,0,0
U3418,2026-01-19,PC,2,0,0
U3418,2026-01-20,PC,2,0,0
U3418,2026-01-21,Mobile,5,5,0
U3418,2026-01-22,Mobile,5,0,0
U3418,2026-01-23,Mobile,4,0,1
U3418,2026-01-24,Mobile,5,2,3
U3418,2026-01-25,PC,2,1,1
U3418,2026-01-26,Mobile,1,0,1
U3418,2026-01-27,Mobile,1,0,0
U3419,2026-01-15,Mobile,5,0,3
U3419,2026-01-16,Mobile,5,0,1
U3419,2026-01-17,PC,2,0,0
U3419,2026-01-18,PC,2,1,0
U3419,2026-01-19,Mobile,1,1,0
U3419,2026-01-20,Mobile,3,0,0
U3419,2026-01-21,PC,2,0,1
U3419,2026-01-22,PC,4,0,2
U3419,2026-01-23,PC,1,0,0
U3419,2026-01-24,Mobile,5,0,5
U3419,2026-01-26,Mobile,5,0,1
U3419,2026-01-27,Mobile,2,0,2
U3419,2026-01-28,Mobile,3,2,1
U3420,2026-01-15,Mobile,5,1,2
U3420,2026-01-16,Mobile,5,0,1
U3420,2026-01-17,Mobile,2,0,2
U3420,2026-01-18,Mobile,3,0,2
U3420,2026-01-20,Mobile,5,1,1
U3420,2026-01-21,PC,1,0,0
U3420,2026-01-22,Mobile,5,0,1
U3420,2026-01-23,Mobile,2,0,1
U3420,2026-01-24,Mobile,1,0,1
U3420,2026-01-25,PC,1,0,1
U3420,2026-01-26,Mobile,5,1,3
U3420,2026-01-27,Mobile,4,0,1
U3420,2026-01-28,Mobile,1,1,0
U3421,2026-01-15,PC,4,0,0
U3421,2026-01-16,PC,2,0,0
U3421,2026-01-17,PC,2,0,0
U3421,2026-01-18,Mobile,5,3,0
U3421,2026-01-19,PC,1,0,0
U3421,2026-01-20,Mobile,2,2,0
U3421,2026-01-21,PC,2,0,0
U3421,2026-01-23,Mobile,4,1,1
U3421,2026-01-24,PC,3,0,1
U3421,2026-01-25,PC,2,1,1
U3421,2026-01-26,PC,5,1,2
U3421,2026-01-27,Mobile,4,3,1
U3421,2026-01-28,Mobile,5,2,2
U3422,2026-01-17,Mobile,1,0,0
U3422,2026-01-18,Mobile,1,0,0
U3422,2026-01-20,PC,4,1,0
U3422,2026-01-22,PC,5,0,2
U3422,2026-01-23,Mobile,5,0,0
U3422,2026-01-24,PC,2,0,2
U3422,2026-01-25,PC,1,0,0
U3422,2026-01-26,Mobile,5,1,1
U3422,2026-01-27,Mobile,2,2,0
U3422,2026-01-28,Mobile,4,0,1
U3423,2026-01-15,PC,2,1,0
U3423,2026-01-16,Mobile,1,0,0
U3423,2026-01-17,Mobile,5,0,0
U3423,2026-01-19,Mobile,1,1,0
U3423,2026-01-20,Mobile,1,1,0
U3423,2026-01-21,Mobile,2,1,0
U3423,2026-01-24,PC,4,1,3
U3423,2026-01-26,PC,5,1,1
U3423,2026-01-27,PC,3,2,1
U3423,2026-01-28,PC,1,0,1
U3424,2026-01-16,Mobile,2,0,0
U3424,2026-01-17,Mobile,2,0,1
U3424,2026-01-18,PC,4,1,0
U3424,2026-01-20,Mobile,3,0,1
U3424,2026-01-22,Mobile,2,0,0
U3424,2026-01-24,Mobile,2,0,1
U3424,2026-01-25,Mobile,5,1,2
U3424,2026-01-26,PC,3,1,0
U3424,2026-01-27,Mobile,2,0,1
U3424,2026-01-28,Mobile,1,0,0
U3425,2026-01-15,Mobile,5,4,0
U3425,2026-01-16,PC,2,1,1
U3425,2026-01-17,PC,2,0,2
U3425,2026-01-18,PC,2,1,0
U3425,2026-01-19,Mobile,1,1,0
U3425,2026-01-20,Mobile,4,0,1
U3425,2026-01-21,Mobile,4,2,2
U3425,2026-01-22,Mobile,4,0,0
U3425,2026-01-23,PC,3,1,2
U3425,2026-01-24,PC,1,0,0
U3425,2026-01-25,PC,2,0,0
U3425,2026-01-26,PC,2,0,0
U3425,2026-01-27,PC,4,3,1
U3425,2026-01-28,PC,5,0,0
U3426,2026-01-15,Mobile,5,1,1
U3426,2026-01-16,Mobile,1,1,0
U3426,2026-01-18,Mobile,3,0,0
U3426,2026-01-19,Mobile,2,1,1
U3426,2026-01-20,PC,5,2,0
U3426,2026-01-21,PC,4,1,0
U3426,2026-01-22,PC,5,2,3
U3426,2026-01-23,Mobile,1,0,0
U3426,2026-01-24,PC,4,2,2
U3426,2026-01-25,Mobile,5,1,0
U3426,2026-01-26,Mobile,4,1,2
U3426,2026-01-27,Mobile,1,0,0
U3426,2026-01-28,Mobile,4,3,0
U3427,2026-01-15,PC,2,1,0
U3427,2026-01-16,PC,4,1,1
U3427,2026-01-17,Mobile,3,1,1
U3427,2026-01-18,Mobile,4,0,0
U3427,2026-01-20,PC,1,0,1
U3427,2026-01-21,Mobile,2,0,2
U3427,2026-01-22,Mobile,4,2,0
U3427,2026-01-23,Mobile,3,1,1
U3427,2026-01-24,PC,2,2,0
U3427,2026-01-25,Mobile,1,1,0
U3427,2026-01-26,PC,5,2,3
U3427,2026-01-28,PC,4,1,0
U3428,2026-01-15,Mobile,3,1,1
U3428,2026-01-17,Mobile,3,1,2
U3428,2026-01-18,PC,5,5,0
U3428,2026-01-19,Mobile,5,0,2
U3428,2026-01-20,PC,4,1,2
U3428,2026-01-21,Mobile,3,0,2
U3428,2026-01-22,Mobile,1,0,1
U3428,2026-01-23,Mobile,5,1,0
U3428,2026-01-25,PC,2,1,0
U3428,2026-01-26,PC,2,1,0
U3428,2026-01-27,Mobile,4,0,2
U3428,2026-01-28,PC,1,0,0
U3429,2026-01-15,Mobile,2,0,1
U3429,2026-01-16,PC,5,1,4
U3429,2026-01-17,Mobile,1,0,0
U3429,2026-01-18,PC,1,0,1
U3429,2026-01-19,Mobile,2,1,0
U3429,2026-01-20,Mobile,4,0,1
U3429,2026-01-21,PC,3,0,3
U3429,2026-01-22,PC,2,1,1
U3429,2026-01-23,Mobile,4,0,3
U3429,2026-01-24,Mobile,5,1,2
U3429,2026-01-25,PC,4,0,0
U3429,2026-01-26,PC,2,0,2
U3429,2026-01-27,PC,2,0,0
U3429,2026-01-28,PC,3,0,3
U3430,2026-01-15,PC,1,0,1
U3430,2026-01-16,Mobile,1,0,0
U3430,2026-01-17,Mobile,2,0,0
U3430,2026-01-18,PC,5,2,3
U3430,2026-01-19,Mobile,4,0,0
U3430,2026-01-20,Mobile,3,0,0
U3430,2026-01-21,Mobile,5,0,0
U3430,2026-01-22,Mobile,5,3,1
U3430,2026-01-23,PC,5,1,1
U3430,2026-01-24,Mobile,4,0,4
U3430,2026-01-25,Mobile,1,0,1
U3430,2026-01-26,Mobile,4,2,2
U3430,2026-01-27,PC,5,1,2
U3430,2026-01-28,PC,5,0,1
U3431,2026-01-15,Mobile,3,1,1
U3431,2026-01-16,Mobile,4,1,1
U3431,2026-01-17,PC,4,2,0
U3431,2026-01-19,PC,3,2,1
U3431,2026-01-20,Mobile,2,0,1
U3431,2026-01-23,Mobile,3,1,2
U3431,2026-01-24,Mobile,1,0,0
U3431,2026-01-25,Mobile,3,1,2
U3431,2026-01-26,PC,3,0,2
U3431,2026-01-27,Mobile,4,0,4
U3431,2026-01-28,Mobile,5,0,3
U3432,2026-01-15,Mobile,4,1,0
U3432,2026-01-16,Mobile,5,0,0
U3432,2026-01-17,Mobile,3,2,0
U3432,2026-01-18,PC,1,1,0
U3432,2026-01-19,PC,2,1,1
U3432,2026-01-20,Mobile,5,3,2
U3432,2026-01-21,Mobile,2,2,0
U3432,2026-01-23,PC,4,2,0
U3432,2026-01-24,Mobile,2,2,0
U3432,2026-01-25,PC,2,0,1
U3432,2026-01-26,PC,1,1,0
U3432,2026-01-27,PC,3,1,1
U3432,2026-01-28,Mobile,5,2,3
U3433,2026-01-15,Mobile,5,1,4
U3433,2026-01-16,PC,5,2,3
U3433,2026-01-17,PC,3,0,0
U3433,2026-01-19,PC,2,0,0
U3433,2026-01-20,Mobile,1,0,1
U3433,2026-01-21,Mobile,1,0,0
U3433,2026-01-22,Mobile,4,0,0
U3433,2026-01-23,Mobile,2,0,2
U3433,2026-01-24,Mobile,3,1,2
U3433,2026-01-25,Mobile,4,1,2
U3433,2026-01-26,PC,3,0,3
U3433,2026-01-27,Mobile,4,0,2
U3433,2026-01-28,PC,4,1,3
U3434,2026-01-15,Mobile,5,0,5
U3434,2026-01-16,Mobile,5,0,2
U3434,2026-01-17,Mobile,1,0,0
U3434,2026-01-18,Mobile,1,0,0
U3434,2026-01-19,Mobile,1,1,0
U3434,2026-01-20,Mobile,3,1,2
U3434,2026-01-21,Mobile,1,0,1
U3434,2026-01-22,Mobile,3,1,2
U3434,2026-01-23,Mobile,2,0,0
U3434,2026-01-25,PC,2,0,1
U3434,2026-01-26,PC,4,0,4
U3434,2026-01-27,PC,5,0,1
U3434,2026-01-28,PC,2,0,0
U3435,2026-01-15,PC,2,1,1
U3435,2026-01-16,Mobile,2,0,1
U3435,2026-01-17,Mobile,2,0,0
U3435,2026-01-18,PC,5,0,5
U3435,2026-01-19,PC,1,0,0
U3435,2026-01-21,PC,2,0,1
U3435,2026-01-22,Mobile,5,0,3
U3435,2026-01-23,Mobile,1,0,0
U3435,2026-01-24,Mobile,2,1,1
U3435,2026-01-25,PC,5,1,0
U3435,2026-01-26,Mobile,5,0,0
U3435,2026-01-27,PC,1,0,1
U3435,2026-01-28,Mobile,5,0,0
U3436,2026-01-15,Mobile,5,2,2
U3436,2026-01-16,PC,4,2,1
U3436,2026-01-17,Mobile,1,1,0
U3436,2026-01-18,PC,1,0,0
U3436,2026-01-19,Mobile,1,0,0
U3436,2026-01-20,Mobile,4,1,0
U3436,2026-01-21,PC,3,0,2
U3436,2026-01-23,Mobile,4,3,1
U3436,2026-01-24,PC,1,0,0
U3436,2026-01-25,PC,2,1,1
U3436,2026-01-26,PC,1,0,0
U3436,2026-01-27,Mobile,1,0,1
U3436,2026-01-28,Mobile,4,1,2
U3437,2026-01-16,PC,3,1,1
U3437,2026-01-17,Mobile,3,2,0
U3437,2026-01-18,Mobile,3,1,0
U3437,2026-01-19,Mobile,3,0,1
U3437,2026-01-20,Mobile,1,0,0
U3437,2026-01-22,Mobile,5,2,2
U3437,2026-01-23,Mobile,3,0,3
U3437,2026-01-25,Mobile,2,0,1
U3437,2026-01-26,PC,4,0,2
U3437,2026-01-27,Mobile,2,1,1
U3437,2026-01-28,Mobile,4,1,1
U3438,2026-01-15,Mobile,2,1,0
U3438,2026-01-16,Mobile,2,1,0
U3438,2026-01-17,Mobile,5,1,2
U3438,2026-01-18,Mobile,2,2,0
U3438,2026-01-19,Mobile,2,0,0
U3438,2026-01-20,PC,5,1,1
U3438,2026-01-21,PC,3,1,1
U3438,2026-01-22,Mobile,1,0,1
U3438,2026-01-23,Mobile,1,0,0
U3438,2026-01-24,PC,3,0,2
U3438,2026-01-25,PC,3,2,0
U3438,2026-01-26,Mobile,3,1,0
U3438,2026-01-28,Mobile,4,2,1
U3439,2026-01-15,Mobile,3,0,2
U3439,2026-01-16,Mobile,1,0,0
U3439,2026-01-17,Mobile,5,0,0
U3439,2026-01-18,Mobile,4,1,1
U3439,2026-01-19,PC,2,0,2
U3439,2026-01-20,Mobile,1,0,0
U3439,2026-01-21,Mobile,1,0,0
U3439,2026-01-22,PC,4,2,2
U3439,2026-01-23,PC,3,0,2
U3439,2026-01-24,Mobile,4,0,1
U3439,2026-01-25,Mobile,1,0,0
U3439,2026-01-26,Mobile,1,0,1
U3439,2026-01-27,Mobile,3,1,2
U3439,2026-01-28,PC,3,0,1
U3440,2026-01-15,PC,2,0,2
U3440,2026-01-16,PC,2,0,2
U3440,2026-01-17,Mobile,2,0,1
U3440,2026-01-18,PC,3,1,1
U3440,2026-01-19,Mobile,4,0,1
U3440,2026-01-20,Mobile,2,1,1
U3440,2026-01-22,PC,5,0,5
U3440,2026-01-23,Mobile,3,1,2
U3440,2026-01-24,Mobile,4,0,4
U3440,2026-01-25,Mobile,4,1,2
U3440,2026-01-26,Mobile,4,2,0
U3440,2026-01-27,PC,1,0,1
U3440,2026-01-28,Mobile,1,0,0
U3441,2026-01-15,PC,3,0,2
U3441,2026-01-17,Mobile,2,1,0
U3441,2026-01-18,Mobile,3,0,0
U3441,2026-01-19,Mobile,3,2,0
U3441,2026-01-20,PC,2,0,0
U3441,2026-01-21,Mobile,4,2,1
U3441,2026-01-22,Mobile,1,0,1
U3441,2026-01-24,PC,5,0,0
U3441,2026-01-25,Mobile,2,0,0
U3441,2026-01-26,Mobile,4,0,0
U3441,2026-01-27,PC,5,1,0
U3441,2026-01-28,PC,1,0,0
U3442,2026-01-15,Mobile,1,0,0
U3442,2026-01-16,Mobile,2,0,0
U3442,2026-01-17,PC,1,0,0
U3442,2026-01-18,Mobile,1,0,0
U3442,2026-01-20,PC,4,3,1
U3442,2026-01-21,Mobile,4,0,3
U3442,2026-01-22,Mobile,1,1,0
U3442,2026-01-23,Mobile,2,0,1
U3442,2026-01-25,PC,2,0,2
U3442,2026-01-26,Mobile,5,0,3
U3442,2026-01-27,Mobile,5,0,4
U3442,2026-01-28,PC,3,0,0
U3443,2026-01-15,Mobile,5,0,2
U3443,2026-01-17,Mobile,1,0,1
U3443,2026-01-18,Mobile,3,2,1
U3443,2026-01-19,Mobile,5,1,4
U3443,2026-01-21,PC,1,1,0
U3443,2026-01-22,PC,5,0,0
U3443,2026-01-23,PC,1,0,0
U3443,2026-01-24,Mobile,4,3,1
U3443,2026-01-25,Mobile,1,0,0
U3443,2026-01-26,Mobile,2,2,0
U3443,2026-01-27,Mobile,1,1,0
U3443,2026-01-28,Mobile,4,1,3
U3444,2026-01-15,Mobile,2,0,2
U3444,2026-01-16,PC,1,0,0
U3444,2026-01-17,Mobile,3,2,1
U3444,2026-01-18,PC,2,0,2
U3444,2026-01-19,Mobile,2,0,0
U3444,2026-01-20,Mobile,4,0,0
U3444,2026-01-21,PC,4,0,0
U3444,2026-01-22,PC,1,0,1
U3444,2026-01-23,Mobile,2,0,1
U3444,2026-01-24,Mobile,2,1,0
U3444,2026-01-25,PC,2,0,0
U3444,2026-01-26,PC,3,2,0
U3444,2026-01-27,Mobile,5,2,2
U3444,2026-01-28,Mobile,3,0,1
U3445,2026-01-15,Mobile,4,0,2
U3445,2026-01-16,PC,4,0,0
U3445,2026-01-17,Mobile,5,2,2
U3445,2026-01-18,Mobile,1,0,1
U3445,2026-01-19,PC,5,0,0
U3445,2026-01-20,Mobile,4,1,1
U3445,2026-01-21,Mobile,4,1,2
U3445,2026-01-24,PC,3,1,0
U3445,2026-01-25,Mobile,4,1,3
U3445,2026-01-26,PC,3,1,2
U3445,2026-01-27,PC,1,0,0
U3445,2026-01-28,Mobile,4,1,2
U3446,2026-01-15,Mobile,3,1,0
U3446,2026-01-16,Mobile,4,0,0
U3446,2026-01-18,Mobile,3,0,0
U3446,2026-01-19,PC,4,2,1
U3446,2026-01-20,PC,2,0,0
U3446,2026-01-21,PC,1,0,0
U3446,2026-01-22,PC,2,0,0
U3446,2026-01-23,Mobile,2,0,0
U3446,2026-01-24,Mobile,1,0,0
U3446,2026-01-25,PC,3,0,3
U3446,2026-01-27,Mobile,3,0,2
U3446,2026-01-28,PC,3,0,2
U3447,2026-01-16,PC,2,0,1
U3447,2026-01-17,Mobile,3,1,0
U3447,2026-01-18,Mobile,1,0,0
U3447,2026-01-19,Mobile,2,1,0
U3447,2026-01-20,PC,1,0,0
U3447,2026-01-21,PC,5,0,3
U3447,2026-01-22,PC,2,1,0
U3447,2026-01-23,PC,1,1,0
U3447,2026-01-24,Mobile,3,2,1
U3447,2026-01-25,PC,1,0,0
U3447,2026-01-26,PC,3,2,1
U3447,2026-01-27,Mobile,4,1,0
U3447,2026-01-28,Mobile,3,1,2
U3448,2026-01-15,PC,3,1,0
U3448,2026-01-16,Mobile,5,2,3
U3448,2026-01-17,PC,4,0,4
U3448,2026-01-18,Mobile,5,0,2
U3448,2026-01-19,PC,2,1,1
U3448,2026-01-20,PC,5,0,4
U3448,2026-01-21,PC,5,1,4
U3448,2026-01-22,Mobile,4,1,3
U3448,2026-01-23,PC,1,0,0
U3448,2026-01-25,PC,5,0,1
U3448,2026-01-26,Mobile,3,2,0
U3448,2026-01-27,Mobile,3,0,0
U3448,2026-01-28,PC,4,1,0
U3449,2026-01-16,PC,3,1,1
U3449,2026-01-17,PC,4,2,2
U3449,2026-01-18,Mobile,5,3,1
U3449,2026-01-19,Mobile,3,3,0
U3449,2026-01-20,Mobile,3,0,1
U3449,2026-01-21,Mobile,4,2,1
U3449,2026-01-22,PC,2,0,1
U3449,2026-01-23,PC,2,1,0
U3449,2026-01-24,PC,2,1,1
U3449,2026-01-25,Mobile,4,3,1
U3449,2026-01-26,PC,5,1,0
U3449,2026-01-27,Mobile,4,0,0
U3449,2026-01-28,PC,1,0,1
U3450,2026-01-16,PC,5,4,0
U3450,2026-01-18,Mobile,1,0,0
U3450,2026-01-19,PC,5,1,0
U3450,2026-01-20,Mobile,5,0,0
U3450,2026-01-21,Mobile,3,2,0
U3450,2026-01-22,Mobile,3,0,0
U3450,2026-01-23,Mobile,5,3,2
U3450,2026-01-24,PC,4,2,1
U3450,2026-01-25,Mobile,3,2,1
U3450,2026-01-26,Mobile,3,2,0
U3450,2026-01-27,Mobile,4,0,0
U3450,2026-01-28,Mobile,3,0,1
U3451,2026-01-15,PC,3,1,1
U3451,2026-01-16,PC,2,2,0
U3451,2026-01-17,Mobile,5,3,0
U3451,2026-01-18,Mobile,1,0,0
U3451,2026-01-19,PC,5,1,3
U3451,2026-01-20,Mobile,3,1,0
U3451,2026-01-21,PC,2,0,0
U3451,2026-01-22,Mobile,5,3,1
U3451,2026-01-23,Mobile,4,2,0
U3451,2026-01-24,Mobile,1,0,0
U3451,2026-01-25,PC,4,2,2
U3452,2026-01-15,PC,4,1,1
U3452,2026-01-16,PC,1,0,1
U3452,2026-01-17,PC,4,0,1
U3452,2026-01-18,Mobile,1,0,1
U3452,2026-01-19,Mobile,4,0,4
U3452,2026-01-20,Mobile,5,0,1
U3452,2026-01-21,Mobile,5,0,5
U3452,2026-01-22,PC,4,3,1
U3452,2026-01-23,PC,1,0,1
U3452,2026-01-24,PC,5,2,3
U3452,2026-01-25,Mobile,1,0,1
U3452,2026-01-26,Mobile,3,0,0
U3452,2026-01-27,PC,3,1,2
U3452,2026-01-28,PC,3,1,2
U3453,2026-01-15,PC,2,1,1
U3453,2026-01-16,PC,3,2,1
U3453,2026-01-17,Mobile,1,0,0
U3453,2026-01-18,Mobile,4,0,1
U3453,2026-01-19,PC,1,0,1
U3453,2026-01-20,Mobile,1,1,0
U3453,2026-01-21,Mobile,4,2,2
U3453,2026-01-22,PC,3,0,2
U3453,2026-01-23,PC,4,2,1
U3453,2026-01-24,Mobile,3,1,0
U3453,2026-01-25,PC,4,1,0
U3453,2026-01-26,PC,3,2,1
U3453,2026-01-27,PC,2,1,0
U3453,2026-01-28,PC,3,1,0
U3454,2026-01-15,PC,2,1,1
U3454,2026-01-16,PC,2,0,1
U3454,2026-01-17,PC,2,0,0
U3454,2026-01-18,Mobile,4,0,0
U3454,2026-01-19,PC,2,0,0
U3454,2026-01-20,Mobile,1,0,1
U3454,2026-01-21,Mobile,5,0,0
U3454,2026-01-22,PC,4,0,0
U3454,2026-01-23,PC,3,0,1
U3454,2026-01-24,Mobile,5,2,2
U3454,2026-01-25,Mobile,2,0,0
U3454,2026-01-26,Mobile,4,0,0
U3454,2026-01-27,Mobile,2,0,1
U3454,2026-01-28,PC,4,0,0
U3455,2026-01-15,Mobile,5,0,2
U3455,2026-01-16,Mobile,3,1,2
U3455,2026-01-17,PC,3,2,0
U3455,2026-01-18,Mobile,1,0,0
U3455,2026-01-19,Mobile,3,0,0
U3455,2026-01-22,Mobile,4,0,0
U3455,2026-01-23,PC,3,2,1
U3455,2026-01-24,PC,2,0,0
U3455,2026-01-25,PC,4,2,1
U3455,2026-01-26,Mobile,3,1,2
U3455,2026-01-27,Mobile,4,2,1
U3455,2026-01-28,Mobile,2,0,0
U3456,2026-01-15,Mobile,3,0,1
U3456,2026-01-16,PC,4,0,0
U3456,2026-01-17,Mobile,3,0,1
U3456,2026-01-18,PC,4,1,3
U3456,2026-01-19,Mobile,4,1,3
U3456,2026-01-20,Mobile,4,0,0
U3456,2026-01-22,PC,2,1,0
U3456,2026-01-24,Mobile,2,0,1
U3456,2026-01-25,Mobile,2,1,0
U3456,2026-01-26,Mobile,5,1,1
U3456,2026-01-27,Mobile,5,1,4
U3456,2026-01-28,PC,5,1,2
U3457,2026-01-15,PC,1,0,0
U3457,2026-01-16,Mobile,4,2,1
U3457,2026-01-17,Mobile,4,1,0
U3457,2026-01-18,Mobile,2,0,1
U3457,2026-01-19,Mobile,4,0,2
U3457,2026-01-20,Mobile,1,0,1
U3457,2026-01-22,Mobile,3,2,1
U3457,2026-01-23,Mobile,4,1,1
U3457,2026-01-24,Mobile,3,2,1
U3457,2026-01-25,Mobile,2,0,0
U3457,2026-01-26,PC,2,1,1
U3458,2026-01-15,PC,1,0,1
U3458,2026-01-16,Mobile,5,3,0
U3458,2026-01-17,Mobile,2,1,0
U3458,2026-01-18,PC,2,1,1
U3458,2026-01-19,Mobile,2,1,0
U3458,2026-01-20,Mobile,4,1,2
U3458,2026-01-21,Mobile,1,1,0
U3458,2026-01-22,Mobile,3,2,0
U3458,2026-01-23,Mobile,1,1,0
U3458,2026-01-24,Mobile,3,1,0
U3458,2026-01-25,Mobile,4,0,0
U3458,2026-01-26,Mobile,1,1,0
U3458,2026-01-28,PC,4,1,0
U3459,2026-01-15,Mobile,3,0,1
U3459,2026-01-16,Mobile,5,4,0
U3459,2026-01-17,PC,3,0,0
U3459,2026-01-18,PC,5,0,0
U3459,2026-01-19,Mobile,4,2,2
U3459,2026-01-20,Mobile,5,2,1
U3459,2026-01-21,Mobile,4,0,0
U3459,2026-01-23,PC,2,0,0
U3459,2026-01-24,Mobile,3,1,1
U3459,2026-01-25,PC,2,1,0
U3459,2026-01-26,Mobile,5,2,3
U3459,2026-01-27,PC,1,0,1
U3459,2026-01-28,Mobile,1,0,0
U3460,2026-01-15,PC,5,0,0
U3460,2026-01-16,PC,2,1,0
U3460,2026-01-17,Mobile,1,1,0
U3460,2026-01-18,Mobile,4,1,0
U3460,2026-01-19,Mobile,2,0,0
U3460,2026-01-20,PC,4,3,0
U3460,2026-01-21,PC,2,0,0
U3460,2026-01-22,Mobile,3,2,0
U3460,2026-01-23,PC,3,0,3
U3460,2026-01-24,PC,1,0,0
U3460,2026-01-25,Mobile,5,2,0
U3460,2026-01-26,Mobile,4,1,0
U3460,2026-01-27,PC,5,1,0
U3460,2026-01-28,PC,2,0,2
U3461,2026-01-15,PC,5,2,0
U3461,2026-01-16,PC,5,0,4
U3461,2026-01-17,Mobile,2,0,0
U3461,2026-01-18,PC,1,1,0
U3461,2026-01-19,PC,3,0,0
U3461,2026-01-20,PC,4,0,0
U3461,2026-01-21,Mobile,1,0,0
U3461,2026-01-22,PC,5,1,1
U3461,2026-01-23,PC,2,0,2
U3461,2026-01-24,Mobile,5,0,3
U3461,2026-01-26,Mobile,3,0,1
U3461,2026-01-27,Mobile,3,0,2
U3461,2026-01-28,Mobile,1,0,1
U3462,2026-01-16,PC,2,0,0
U3462,2026-01-17,Mobile,1,0,1
U3462,2026-01-18,Mobile,5,0,3
U3462,2026-01-19,PC,1,0,0
U3462,2026-01-20,PC,5,2,2
U3462,2026-01-21,PC,4,0,0
U3462,2026-01-23,Mobile,4,0,0
U3462,2026-01-24,PC,5,2,0
U3462,2026-01-25,PC,1,0,1
U3462,2026-01-26,Mobile,1,0,0
U3462,2026-01-27,Mobile,1,0,0
U3462,2026-01-28,Mobile,5,0,1
U3463,2026-01-15,Mobile,5,2,3
U3463,2026-01-16,PC,3,0,1
U3463,2026-01-17,PC,1,0,0
U3463,2026-01-18,Mobile,1,0,1
U3463,2026-01-19,Mobile,5,0,1
U3463,2026-01-20,Mobile,4,1,2
U3463,2026-01-21,PC,5,0,5
U3463,2026-01-22,PC,5,1,1
U3463,2026-01-23,Mobile,4,1,2
U3463,2026-01-24,Mobile,1,0,0
U3463,2026-01-25,Mobile,5,0,2
U3463,2026-01-26,PC,2,0,0
U3463,2026-01-27,PC,4,1,3
U3463,2026-01-28,Mobile,5,1,2
U3464,2026-01-15,PC,5,0,4
U3464,2026-01-16,PC,5,0,2
U3464,2026-01-17,PC,3,0,1
U3464,2026-01-18,PC,1,0,0
U3464,2026-01-19,PC,1,0,1
U3464,2026-01-20,PC,5,1,3
U3464,2026-01-21,Mobile,3,0,3
U3464,2026-01-22,Mobile,1,0,0
U3464,2026-01-23,PC,4,0,1
U3464,2026-01-24,Mobile,5,0,0
U3464,2026-01-26,PC,4,1,3
U3464,2026-01-27,PC,4,1,2
U3464,2026-01-28,PC,1,0,0
U3465,2026-01-15,Mobile,1,0,1
U3465,2026-01-16,PC,5,1,0
U3465,2026-01-17,PC,2,0,0
U3465,2026-01-18,Mobile,4,1,2
U3465,2026-01-19,Mobile,3,0,3
U3465,2026-01-20,PC,5,2,3
U3465,2026-01-21,Mobile,5,2,1
U3465,2026-01-22,Mobile,4,1,0
U3465,2026-01-23,PC,1,1,0
U3465,2026-01-24,Mobile,3,1,0
U3465,2026-01-25,PC,4,1,2
U3465,2026-01-26,PC,3,2,1
U3465,2026-01-27,Mobile,5,0,0
U3465,2026-01-28,PC,2,0,0
U3466,2026-01-15,Mobile,4,2,2
U3466,2026-01-16,PC,4,0,2
U3466,2026-01-17,PC,4,1,1
U3466,2026-01-18,PC,1,0,1
U3466,2026-01-19,PC,4,1,2
U3466,2026-01-20,PC,1,0,0
U3466,2026-01-21,Mobile,3,0,3
U3466,2026-01-22,Mobile,3,1,2
U3466,2026-01-23,Mobile,1,0,0
U3466,2026-01-25,Mobile,4,0,1
U3466,2026-01-26,PC,4,0,0
U3466,2026-01-27,Mobile,2,0,0
U3466,2026-01-28,PC,2,0,2
U3467,2026-01-16,PC,4,0,4
U3467,2026-01-18,PC,5,0,0
U3467,2026-01-19,PC,3,1,2
U3467,2026-01-20,Mobile,5,0,0
U3467,2026-01-22,PC,5,0,0
U3467,2026-01-23,PC,2,1,1
U3467,2026-01-24,Mobile,2,0,1
U3467,2026-01-25,Mobile,1,0,0
U3467,2026-01-26,PC,2,0,0
U3467,2026-01-27,Mobile,1,0,0
U3468,2026-01-15,Mobile,5,2,3
U3468,2026-01-16,PC,1,0,1
U3468,2026-01-18,Mobile,1,0,0
U3468,2026-01-19,Mobile,4,0,0
U3468,2026-01-20,PC,1,0,0
U3468,2026-01-21,Mobile,4,0,0
U3468,2026-01-22,Mobile,1,0,0
U3468,2026-01-24,PC,2,0,0
U3468,2026-01-25,Mobile,4,1,0
U3468,2026-01-27,PC,5,0,2
U3468,2026-01-28,PC,2,1,0
U3469,2026-01-15,Mobile,2,0,2
U3469,2026-01-16,PC,1,0,1
U3469,2026-01-17,PC,4,0,0
U3469,2026-01-18,Mobile,3,0,1
U3469,2026-01-19,PC,1,0,1
U3469,2026-01-20,Mobile,4,0,0
U3469,2026-01-21,PC,1,0,1
U3469,2026-01-22,Mobile,2,0,2
U3469,2026-01-23,Mobile,3,0,0
U3469,2026-01-24,Mobile,5,1,0
U3469,2026-01-25,Mobile,4,0,1
U3469,2026-01-26,Mobile,3,0,1
U3469,2026-01-27,PC,5,0,2
U3469,2026-01-28,PC,3,1,2
U3470,2026-01-15,Mobile,5,3,2
U3470,2026-01-16,PC,5,4,1
U3470,2026-01-17,PC,4,0,0
U3470,2026-01-18,Mobile,4,1,2
U3470,2026-01-19,PC,4,0,0
U3470,2026-01-21,Mobile,1,0,0
U3470,2026-01-22,Mobile,3,0,2
U3470,2026-01-23,Mobile,1,0,1
U3470,2026-01-27,Mobile,4,0,1
U3470,2026-01-28,Mobile,2,0,1
U3471,2026-01-15,Mobile,1,0,0
U3471,2026-01-16,PC,1,1,0
U3471,2026-01-17,PC,1,0,0
U3471,2026-01-18,PC,1,1,0
U3471,2026-01-19,Mobile,1,0,0
U3471,2026-01-20,Mobile,3,1,2
U3471,2026-01-21,Mobile,4,0,0
U3471,2026-01-22,PC,2,1,0
U3471,2026-01-23,Mobile,3,0,0
U3471,2026-01-24,Mobile,1,0,0
U3471,2026-01-26,PC,4,0,0
U3471,2026-01-27,Mobile,4,0,0
U3471,2026-01-28,PC,4,0,3
U3472,2026-01-15,PC,1,0,0
U3472,2026-01-16,PC,4,0,0
U3472,2026-01-17,Mobile,4,0,1
U3472,2026-01-18,Mobile,1,1,0
U3472,2026-01-19,PC,2,1,0
U3472,2026-01-20,Mobile,1,1,0
U3472,2026-01-21,PC,1,1,0
U3472,2026-01-22,PC,5,0,0
U3472,2026-01-23,Mobile,3,2,1
U3472,2026-01-25,PC,4,3,1
U3472,2026-01-26,Mobile,3,0,1
U3472,2026-01-27,Mobile,5,1,1
U3472,2026-01-28,PC,4,0,0
U3473,2026-01-15,PC,2,0,0
U3473,2026-01-16,PC,5,3,1
U3473,2026-01-17,Mobile,5,3,2
U3473,2026-01-18,PC,1,0,1
U3473,2026-01-19,Mobile,1,0,1
U3473,2026-01-20,PC,3,2,1
U3473,2026-01-21,PC,1,0,1
U3473,2026-01-22,PC,3,2,1
U3473,2026-01-23,PC,2,0,0
U3473,2026-01-24,Mobile,4,0,1
U3473,2026-01-25,Mobile,4,0,1
U3473,2026-01-26,Mobile,1,0,0
U3473,2026-01-28,PC,1,0,0
U3474,2026-01-15,Mobile,2,0,1
U3474,2026-01-16,Mobile,2,0,0
U3474,2026-01-17,Mobile,4,0,1
U3474,2026-01-18,PC,2,1,1
U3474,2026-01-19,PC,2,0,0
U3474,2026-01-20,PC,5,1,2
U3474,2026-01-21,PC,2,1,1
U3474,2026-01-22,Mobile,5,0,0
U3474,2026-01-24,Mobile,4,0,0
U3474,2026-01-25,PC,3,1,2
U3474,2026-01-26,PC,3,0,3
U3474,2026-01-27,Mobile,1,0,1
U3474,2026-01-28,Mobile,1,0,1
U3475,2026-01-15,Mobile,2,1,1
U3475,2026-01-17,Mobile,4,2,1
U3475,2026-01-19,Mobile,2,1,0
U3475,2026-01-20,PC,3,0,1
U3475,2026-01-21,Mobile,4,2,0
U3475,2026-01-22,PC,5,2,3
U3475,2026-01-23,PC,5,1,2
U3475,2026-01-24,PC,3,1,2
U3475,2026-01-25,PC,5,5,0
U3475,2026-01-26,PC,5,0,0
U3475,2026-01-28,Mobile,1,0,1
U3476,2026-01-15,PC,4,0,0
U3476,2026-01-16,Mobile,4,2,2
U3476,2026-01-17,Mobile,3,0,0
U3476,2026-01-18,PC,5,1,0
U3476,2026-01-19,Mobile,5,1,0
U3476,2026-01-20,Mobile,4,4,0
U3476,2026-01-21,Mobile,1,0,1
U3476,2026-01-22,Mobile,3,1,0
U3476,2026-01-23,Mobile,2,0,1
U3476,2026-01-24,PC,2,2,0
U3476,2026-01-26,Mobile,5,1,3
U3476,2026-01-27,Mobile,5,2,2
U3476,2026-01-28,Mobile,2,0,0
U3477,2026-01-15,Mobile,1,1,0
U3477,2026-01-16,PC,4,2,1
U3477,2026-01-17,Mobile,1,0,0
U3477,2026-01-18,Mobile,1,1,0
U3477,2026-01-19,Mobile,3,0,0
U3477,2026-01-20,PC,2,0,1
U3477,2026-01-21,PC,2,0,0
U3477,2026-01-22,PC,2,1,0
U3477,2026-01-23,PC,3,1,0
U3477,2026-01-24,PC,4,1,1
U3477,2026-01-25,Mobile,2,1,1
U3477,2026-01-26,Mobile,2,0,0
U3477,2026-01-27,PC,2,0,1
U3478,2026-01-15,Mobile,4,2,2
U3478,2026-01-16,Mobile,5,3,2
U3478,2026-01-17,Mobile,4,0,2
U3478,2026-01-18,Mobile,2,1,1
U3478,2026-01-19,PC,5,1,4
U3478,2026-01-20,Mobile,3,0,1
U3478,2026-01-21,Mobile,1,0,0
U3478,2026-01-22,Mobile,5,0,0
U3478,2026-01-23,PC,4,2,2
U3478,2026-01-24,Mobile,5,0,1
U3478,2026-01-26,PC,4,0,1
U3478,2026-01-27,PC,1,0,1
U3479,2026-01-15,PC,5,2,2
U3479,2026-01-16,PC,2,0,0
U3479,2026-01-17,Mobile,5,0,3
U3479,2026-01-19,Mobile,4,0,1
U3479,2026-01-20,Mobile,4,0,3
U3479,2026-01-21,Mobile,5,0,5
U3479,2026-01-22,Mobile,3,1,2
U3479,2026-01-23,Mobile,4,0,1
U3479,2026-01-24,Mobile,1,1,0
U3479,2026-01-25,Mobile,2,0,0
U3479,2026-01-26,Mobile,3,1,1
U3479,2026-01-27,PC,2,1,0
U3479,2026-01-28,PC,3,0,3
U3480,2026-01-16,Mobile,5,1,1
U3480,2026-01-17,Mobile,3,0,2
U3480,2026-01-18,Mobile,3,0,0
U3480,2026-01-19,PC,3,0,1
U3480,2026-01-20,PC,2,0,0
U3480,2026-01-21,Mobile,5,4,1
U3480,2026-01-22,Mobile,4,0,4
U3480,2026-01-23,PC,2,0,0
U3480,2026-01-24,PC,5,1,4
U3480,2026-01-25,Mobile,1,1,0
U3480,2026-01-26,PC,1,0,1
U3480,2026-01-27,Mobile,3,1,2
U3481,2026-01-15,PC,1,1,0
U3481,2026-01-16,Mobile,1,0,1
U3481,2026-01-17,PC,1,1,0
U3481,2026-01-19,Mobile,1,0,1
U3481,2026-01-20,PC,1,1,0
U3481,2026-01-22,Mobile,1,0,1
U3481,2026-01-23,Mobile,5,2,0
U3481,2026-01-24,PC,4,2,0
U3481,2026-01-25,Mobile,4,0,0
U3481,2026-01-26,PC,4,1,2
U3481,2026-01-27,PC,5,1,1
U3481,2026-01-28,PC,1,0,0
U3482,2026-01-15,PC,3,0,1
U3482,2026-01-16,PC,1,0,0
U3482,2026-01-18,Mobile,5,0,0
U3482,2026-01-19,Mobile,4,0,2
U3482,2026-01-20,Mobile,1,0,1
U3482,2026-01-21,Mobile,1,0,0
U3482,2026-01-22,Mobile,1,0,0
U3482,2026-01-23,Mobile,4,0,2
U3482,2026-01-24,PC,2,0,0
U3482,2026-01-26,Mobile,4,1,0
U3482,2026-01-27,PC,5,2,1
U3482,2026-01-28,PC,4,1,0
U3483,2026-01-15,PC,5,0,2
U3483,2026-01-16,PC,1,0,0
U3483,2026-01-17,PC,4,1,2
U3483,2026-01-18,PC,5,0,0
U3483,2026-01-19,PC,2,0,0
U3483,2026-01-20,Mobile,2,0,0
U3483,2026-01-21,Mobile,3,2,1
U3483,2026-01-22,Mobile,3,1,1
U3483,2026-01-23,Mobile,5,2,2
U3483,2026-01-24,PC,1,1,0
U3483,2026-01-25,Mobile,3,1,0
U3483,2026-01-26,Mobile,3,1,2
U3483,2026-01-27,Mobile,4,0,0
U3483,2026-01-28,Mobile,1,1,0
U3484,2026-01-15,PC,2,1,0
U3484,2026-01-16,Mobile,4,0,0
U3484,2026-01-17,PC,1,0,1
U3484,2026-01-18,PC,3,0,1
U3484,2026-01-19,PC,5,0,3
U3484,2026-01-20,PC,5,1,3
U3484,2026-01-21,PC,2,0,1
U3484,2026-01-22,PC,2,0,2
U3484,2026-01-24,PC,5,0,1
U3484,2026-01-25,Mobile,4,0,1
U3484,2026-01-26,Mobile,5,1,1
U3484,2026-01-27,Mobile,4,0,0
U3484,2026-01-28,PC,4,0,2
U3485,2026-01-15,Mobile,3,1,1
U3485,2026-01-16,Mobile,2,0,0
U3485,2026-01-17,Mobile,3,0,0
U3485,2026-01-18,Mobile,5,2,1
U3485,2026-01-19,PC,4,1,2
U3485,2026-01-20,Mobile,4,3,1
U3485,2026-01-21,PC,1,0,0
U3485,2026-01-22,Mobile,5,0,0
U3485,2026-01-23,PC,2,0,0
U3485,2026-01-24,Mobile,3,0,2
U3485,2026-01-25,Mobile,4,2,0
U3485,2026-01-26,PC,5,3,0
U3485,2026-01-27,Mobile,1,1,0
U3485,2026-01-28,Mobile,1,0,1
U3486,2026-01-15,Mobile,4,1,0
U3486,2026-01-16,Mobile,5,1,0
U3486,2026-01-17,Mobile,5,1,3
U3486,2026-01-18,PC,4,0,1
U3486,2026-01-19,Mobile,1,0,0
U3486,2026-01-20,Mobile,4,0,2
U3486,2026-01-21,Mobile,4,1,0
U3486,2026-01-22,PC,1,0,1
U3486,2026-01-23,Mobile,1,0,0
U3486,2026-01-24,PC,1,0,0
U3486,2026-01-25,Mobile,2,0,2
U3486,2026-01-26,Mobile,5,1,2
U3486,2026-01-27,Mobile,5,0,0
U3486,2026-01-28,Mobile,2,0,0
U3487,2026-01-15,Mobile,1,0,0
U3487,2026-01-16,Mobile,5,3,1
U3487,2026-01-17,Mobile,2,0,0
U3487,2026-01-18,Mobile,1,1,0
U3487,2026-01-19,Mobile,4,1,0
U3487,2026-01-20,PC,2,0,1
U3487,2026-01-21,PC,4,1,0
U3487,2026-01-22,PC,5,1,3
U3487,2026-01-23,Mobile,1,1,0
U3487,2026-01-24,Mobile,3,3,0
U3487,2026-01-26,PC,5,4,1
U3487,2026-01-27,PC,4,1,1
U3487,2026-01-28,PC,5,1,3
U3488,2026-01-15,Mobile,5,0,2
U3488,2026-01-17,Mobile,3,0,2
U3488,2026-01-18,PC,4,1,2
U3488,2026-01-19,PC,2,0,0
U3488,2026-01-20,Mobile,1,1,0
U3488,2026-01-21,PC,5,0,0
U3488,2026-01-22,Mobile,3,1,1
U3488,2026-01-23,Mobile,4,0,2
U3488,2026-01-24,Mobile,5,0,1
U3488,2026-01-25,Mobile,1,0,0
U3488,2026-01-26,Mobile,2,0,0
U3488,2026-01-27,Mobile,5,1,3
U3488,2026-01-28,Mobile,2,0,0
U3489,2026-01-15,Mobile,3,0,2
U3489,2026-01-16,Mobile,1,0,1
U3489,2026-01-17,Mobile,2,2,0
U3489,2026-01-18,Mobile,4,1,2
U3489,2026-01-19,Mobile,2,1,0
U3489,2026-01-20,PC,3,0,2
U3489,2026-01-21,PC,3,0,0
U3489,2026-01-22,Mobile,5,1,2
U3489,2026-01-23,PC,1,1,0
U3489,2026-01-24,Mobile,4,3,0
U3489,2026-01-25,PC,4,2,1
U3489,2026-01-27,Mobile,5,0,1
U3489,2026-01-28,Mobile,2,0,0
U3490,2026-01-16,PC,1,0,0
U3490,2026-01-17,PC,2,0,2
U3490,2026-01-18,Mobile,4,0,1
U3490,2026-01-19,Mobile,3,0,1
U3490,2026-01-20,Mobile,3,0,0
U3490,2026-01-21,PC,5,1,4
U3490,2026-01-22,Mobile,1,0,0
U3490,2026-01-23,PC,3,0,0
U3490,2026-01-24,Mobile,4,1,2
U3490,2026-01-25,PC,1,0,0
U3490,2026-01-26,PC,2,0,0
U3490,2026-01-27,PC,4,1,3
U3490,2026-01-28,Mobile,5,0,4
U3491,2026-01-15,PC,5,2,0
U3491,2026-01-16,Mobile,3,1,1
U3491,2026-01-17,Mobile,1,0,0
U3491,2026-01-18,Mobile,3,1,1
U3491,2026-01-19,Mobile,5,2,3
U3491,2026-01-20,PC,1,0,0
U3491,2026-01-21,PC,2,0,0
U3491,2026-01-22,PC,3,0,0
U3491,2026-01-25,Mobile,2,0,0
U3491,2026-01-26,Mobile,1,0,0
U3491,2026-01-28,PC,2,0,1
U3492,2026-01-15,Mobile,4,1,0
U3492,2026-01-16,Mobile,4,0,0
U3492,2026-01-17,PC,3,2,0
U3492,2026-01-18,Mobile,3,1,2
U3492,2026-01-19,PC,5,3,0
U3492,2026-01-20,PC,2,0,1
U3492,2026-01-21,Mobile,5,2,2
U3492,2026-01-22,PC,2,0,0
U3492,2026-01-25,PC,1,0,0
U3492,2026-01-26,PC,3,1,2
U3492,2026-01-27,Mobile,3,1,0
U3492,2026-01-28,Mobile,1,0,1
U3493,2026-01-15,PC,1,1,0
U3493,2026-01-17,Mobile,4,0,0
U3493,2026-01-18,Mobile,3,3,0
U3493,2026-01-19,PC,1,0,0
U3493,2026-01-20,Mobile,1,0,0
U3493,2026-01-21,PC,1,1,0
U3493,2026-01-22,Mobile,4,1,1
U3493,2026-01-23,Mobile,1,1,0
U3493,2026-01-24,Mobile,2,1,1
U3493,2026-01-26,PC,4,1,1
U3493,2026-01-27,Mobile,5,3,2
U3493,2026-01-28,Mobile,2,0,0
U3494,2026-01-15,PC,2,0,2
U3494,2026-01-16,PC,3,0,0
U3494,2026-01-17,Mobile,1,0,1
U3494,2026-01-18,Mobile,1,0,0
U3494,2026-01-19,PC,4,0,0
U3494,2026-01-20,PC,4,1,2
U3494,2026-01-22,PC,3,1,0
U3494,2026-01-23,Mobile,5,1,2
U3494,2026-01-24,PC,4,0,0
U3494,2026-01-25,Mobile,3,0,0
U3494,2026-01-26,Mobile,1,0,0
U3494,2026-01-27,PC,5,1,4
U3494,2026-01-28,Mobile,1,0,1
U3495,2026-01-15,Mobile,3,0,1
U3495,2026-01-16,Mobile,5,1,1
U3495,2026-01-17,Mobile,2,1,0
U3495,2026-01-18,Mobile,4,1,0
U3495,2026-01-19,PC,3,0,0
U3495,2026-01-20,PC,4,0,1
U3495,2026-01-21,PC,1,0,1
U3495,2026-01-22,Mobile,2,1,1
U3495,2026-01-23,PC,1,0,0
U3495,2026-01-24,Mobile,4,1,2
U3495,2026-01-25,Mobile,3,1,2
U3495,2026-01-26,Mobile,4,0,0
U3495,2026-01-27,Mobile,1,0,0
U3495,2026-01-28,PC,4,1,2
U3496,2026-01-16,PC,2,0,0
U3496,2026-01-17,Mobile,4,1,0
U3496,2026-01-18,Mobile,4,1,1
U3496,2026-01-19,Mobile,2,1,1
U3496,2026-01-21,PC,5,3,0
U3496,2026-01-22,Mobile,2,0,0
U3496,2026-01-23,PC,5,0,0
U3496,2026-01-24,Mobile,5,3,0
U3496,2026-01-25,PC,5,0,0
U3496,2026-01-26,Mobile,5,0,0
U3496,2026-01-27,PC,2,1,0
U3496,2026-01-28,Mobile,1,0,1
U3497,2026-01-15,Mobile,2,0,2
U3497,2026-01-16,Mobile,5,3,2
U3497,2026-01-17,Mobile,5,0,5
U3497,2026-01-19,Mobile,1,0,0
U3497,2026-01-20,Mobile,3,1,1
U3497,2026-01-21,Mobile,3,1,2
U3497,2026-01-22,Mobile,4,0,2
U3497,2026-01-24,PC,4,0,3
U3497,2026-01-25,PC,2,0,1
U3497,2026-01-26,PC,4,1,0
U3497,2026-01-27,Mobile,1,0,0
U3497,2026-01-28,PC,3,1,1
U3498,2026-01-15,Mobile,5,3,0
U3498,2026-01-16,PC,2,1,1
U3498,2026-01-17,Mobile,5,4,0
U3498,2026-01-18,Mobile,4,2,1
U3498,2026-01-19,Mobile,3,1,0
U3498,2026-01-20,Mobile,1,0,0
U3498,2026-01-21,PC,2,0,2
U3498,2026-01-22,Mobile,2,1,1
U3498,2026-01-23,PC,2,2,0
U3498,2026-01-24,Mobile,5,1,2
U3498,2026-01-25,Mobile,2,2,0
U3498,2026-01-26,Mobile,5,0,0
U3498,2026-01-27,Mobile,3,0,1
U3498,2026-01-28,Mobile,1,0,1
U3499,2026-01-16,PC,2,2,0
U3499,2026-01-17,Mobile,5,0,0
U3499,2026-01-18,PC,3,1,0
U3499,2026-01-19,Mobile,2,2,0
U3499,2026-01-20,Mobile,4,0,3
U3499,2026-01-21,Mobile,1,1,0
U3499,2026-01-23,Mobile,4,0,0
U3499,2026-01-24,Mobile,4,1,1
U3499,2026-01-25,Mobile,2,1,0
U3499,2026-01-27,Mobile,2,0,0
U3499,2026-01-28,PC,5,3,0
U3500,2026-01-15,Mobile,5,2,2
U3500,2026-01-16,Mobile,4,1,1
U3500,2026-01-17,PC,2,0,0
U3500,2026-01-18,Mobile,3,1,2
U3500,2026-01-20,Mobile,3,0,0
U3500,2026-01-21,Mobile,4,1,3
U3500,2026-01-22,PC,1,0,1
U3500,2026-01-24,Mobile,5,0,0
U3500,2026-01-25,Mobile,2,0,0
U3500,2026-01-26,PC,3,0,1
U3500,2026-01-27,Mobile,5,1,4
U3500,2026-01-28,PC,1,0,0
U3501,2026-01-15,Mobile,1,0,0
U3501,2026-01-16,PC,1,0,1
U3501,2026-01-17,PC,4,0,0
U3501,2026-01-18,PC,4,2,1
U3501,2026-01-19,Mobile,2,0,0
U3501,2026-01-20,Mobile,1,0,1
U3501,2026-01-21,Mobile,4,1,3
U3501,2026-01-22,Mobile,2,1,1
U3501,2026-01-23,Mobile,5,0,3
U3501,2026-01-24,PC,3,0,1
U3501,2026-01-25,PC,3,1,2
U3501,2026-01-26,Mobile,2,0,1
U3501,2026-01-27,PC,2,0,0
U3501,2026-01-28,Mobile,5,1,4
U3502,2026-01-16,Mobile,4,1,0
U3502,2026-01-17,PC,1,1,0
U3502,2026-01-19,PC,2,1,0
U3502,2026-01-20,PC,4,2,0
U3502,2026-01-21,PC,2,1,0
U3502,2026-01-22,Mobile,4,1,1
U3502,2026-01-23,Mobile,3,1,1
U3502,2026-01-24,Mobile,5,4,1
U3502,2026-01-25,Mobile,5,1,4
U3502,2026-01-26,Mobile,5,1,0
U3502,2026-01-27,Mobile,2,1,1
U3502,2026-01-28,Mobile,4,0,0
U3503,2026-01-15,Mobile,5,3,2
U3503,2026-01-16,Mobile,2,0,1
U3503,2026-01-17,Mobile,3,1,2
U3503,2026-01-18,Mobile,2,0,0
U3503,2026-01-19,PC,4,1,0
U3503,2026-01-20,Mobile,3,0,0
U3503,2026-01-21,Mobile,1,0,1
U3503,2026-01-22,PC,3,0,3
U3503,2026-01-23,Mobile,4,0,1
U3503,2026-01-24,Mobile,2,0,2
U3503,2026-01-25,Mobile,3,0,2
U3503,2026-01-26,Mobile,1,0,1
U3503,2026-01-27,PC,3,0,0
U3503,2026-01-28,Mobile,2,0,2
U3504,2026-01-15,Mobile,1,0,1
U3504,2026-01-16,Mobile,2,1,1
U3504,2026-01-17,Mobile,4,0,1
U3504,2026-01-18,Mobile,5,0,0
U3504,2026-01-20,Mobile,4,0,0
U3504,2026-01-22,Mobile,1,0,0
U3504,2026-01-23,PC,3,1,0
U3504,2026-01-24,Mobile,1,1,0
U3504,2026-01-25,PC,3,0,2
U3504,2026-01-27,PC,4,1,2
U3504,2026-01-28,Mobile,5,2,0
U3505,2026-01-16,Mobile,2,1,1
U3505,2026-01-17,Mobile,4,2,1
U3505,2026-01-19,PC,3,2,0
U3505,2026-01-20,PC,1,0,1
U3505,2026-01-21,Mobile,1,1,0
U3505,2026-01-23,Mobile,5,2,2
U3505,2026-01-24,PC,3,1,0
U3505,2026-01-25,Mobile,5,1,0
U3505,2026-01-26,PC,1,0,1
U3505,2026-01-27,Mobile,1,0,0
U3505,2026-01-28,Mobile,5,2,3
U3506,2026-01-15,Mobile,3,0,0
U3506,2026-01-16,Mobile,5,0,1
U3506,2026-01-17,Mobile,3,2,1
U3506,2026-01-18,Mobile,3,0,2
U3506,2026-01-19,Mobile,2,0,2
U3506,2026-01-20,Mobile,5,1,0
U3506,2026-01-21,Mobile,3,1,1
U3506,2026-01-22,PC,3,1,0
U3506,2026-01-23,PC,3,1,2
U3506,2026-01-24,PC,2,0,1
U3506,2026-01-25,Mobile,5,0,3
U3506,2026-01-26,Mobile,1,0,0
U3506,2026-01-28,Mobile,3,1,0
U3507,2026-01-15,PC,2,0,0
U3507,2026-01-16,PC,1,0,0
U3507,2026-01-17,Mobile,3,3,0
U3507,2026-01-18,Mobile,2,2,0
U3507,2026-01-19,PC,2,1,0
U3507,2026-01-20,Mobile,5,2,3
U3507,2026-01-21,Mobile,3,1,0
U3507,2026-01-22,PC,1,0,0
U3507,2026-01-23,PC,1,0,1
U3507,2026-01-24,PC,1,0,0
U3507,2026-01-26,PC,2,1,1
U3507,2026-01-27,Mobile,3,0,0
U3507,2026-01-28,PC,2,1,0
U3508,2026-01-15,Mobile,1,0,1
U3508,2026-01-16,Mobile,1,0,1
U3508,2026-01-17,PC,3,1,1
U3508,2026-01-18,Mobile,2,1,1
U3508,2026-01-19,Mobile,2,0,1
U3508,2026-01-21,PC,5,1,4
U3508,2026-01-22,Mobile,5,0,5
U3508,2026-01-23,Mobile,3,0,0
U3508,2026-01-24,Mobile,4,1,0
U3508,2026-01-25,Mobile,4,0,4
U3508,2026-01-26,PC,1,0,0
U3508,2026-01-27,Mobile,4,1,2
U3508,2026-01-28,Mobile,3,0,0
U3509,2026-01-15,PC,2,0,0
U3509,2026-01-16,PC,5,0,1
U3509,2026-01-17,PC,4,3,1
U3509,2026-01-19,Mobile,3,0,3
U3509,2026-01-20,PC,2,0,1
U3509,2026-01-21,Mobile,1,0,0
U3509,2026-01-22,Mobile,3,2,0
U3509,2026-01-23,PC,2,0,0
U3509,2026-01-24,Mobile,5,3,0
U3509,2026-01-25,PC,3,1,1
U3509,2026-01-26,Mobile,2,1,0
U3509,2026-01-27,Mobile,3,1,2
U3509,2026-01-28,Mobile,4,1,0
U3510,2026-01-15,Mobile,3,2,0
U3510,2026-01-16,Mobile,3,0,1
U3510,2026-01-17,PC,3,1,0
U3510,2026-01-18,PC,1,0,0
U3510,2026-01-20,Mobile,5,0,0
U3510,2026-01-21,PC,2,2,0
U3510,2026-01-22,Mobile,1,0,1
U3510,2026-01-23,Mobile,5,1,2
U3510,2026-01-24,Mobile,4,1,3
U3510,2026-01-25,Mobile,1,1,0
U3510,2026-01-27,Mobile,5,1,4
U3510,2026-01-28,Mobile,3,0,1
U3511,2026-01-15,PC,3,0,0
U3511,2026-01-16,Mobile,2,0,2
U3511,2026-01-17,Mobile,2,0,0
U3511,2026-01-18,PC,4,0,0
U3511,2026-01-19,Mobile,3,0,2
U3511,2026-01-20,Mobile,5,0,5
U3511,2026-01-21,Mobile,4,1,1
U3511,2026-01-22,PC,5,0,0
U3511,2026-01-24,PC,1,0,1
U3511,2026-01-25,Mobile,4,1,1
U3511,2026-01-27,Mobile,2,0,0
U3511,2026-01-28,Mobile,2,1,0
U3512,2026-01-16,PC,3,1,2
U3512,2026-01-17,Mobile,1,0,1
U3512,2026-01-18,Mobile,5,3,2
U3512,2026-01-19,PC,4,1,3
U3512,2026-01-20,PC,4,1,2
U3512,2026-01-21,Mobile,2,2,0
U3512,2026-01-22,Mobile,5,2,1
U3512,2026-01-23,PC,5,2,2
U3512,2026-01-24,Mobile,2,0,2
U3512,2026-01-25,PC,2,1,0
U3512,2026-01-26,Mobile,5,0,0
U3512,2026-01-27,Mobile,3,3,0
U3512,2026-01-28,Mobile,5,1,0
U3513,2026-01-15,Mobile,3,0,1
U3513,2026-01-16,PC,5,0,1
U3513,2026-01-17,Mobile,1,0,1
U3513,2026-01-18,PC,4,0,2
U3513,2026-01-19,Mobile,4,0,0
U3513,2026-01-20,Mobile,5,0,1
U3513,2026-01-21,PC,4,1,2
U3513,2026-01-22,Mobile,3,0,2
U3513,2026-01-23,Mobile,3,1,1
U3513,2026-01-24,PC,5,0,0
U3513,2026-01-25,Mobile,3,0,3
U3513,2026-01-26,Mobile,3,0,2
U3513,2026-01-27,Mobile,2,0,0
U3513,2026-01-28,PC,1,0,0
U3514,2026-01-15,Mobile,3,1,2
U3514,2026-01-16,Mobile,5,2,2
U3514,2026-01-17,PC,3,2,1
U3514,2026-01-18,PC,3,2,1
U3514,2026-01-20,Mobile,1,0,0
U3514,2026-01-21,Mobile,2,0,0
U3514,2026-01-22,PC,5,4,1
U3514,2026-01-23,PC,5,1,1
U3514,2026-01-24,Mobile,3,0,1
U3514,2026-01-25,PC,2,2,0
U3514,2026-01-27,Mobile,4,0,0
U3514,2026-01-28,Mobile,1,1,0
U3515,2026-01-15,Mobile,5,0,0
U3515,2026-01-16,Mobile,5,5,0
U3515,2026-01-17,Mobile,5,3,2
U3515,2026-01-18,Mobile,3,0,0
U3515,2026-01-19,PC,5,0,0
U3515,2026-01-20,PC,4,0,0
U3515,2026-01-21,Mobile,5,0,2
U3515,2026-01-22,PC,3,0,0
U3515,2026-01-23,Mobile,1,0,0
U3515,2026-01-24,Mobile,1,0,1
U3515,2026-01-25,Mobile,5,3,0
U3515,2026-01-26,PC,3,1,1
U3515,2026-01-27,PC,3,1,1
U3515,2026-01-28,Mobile,3,0,0
U3516,2026-01-15,PC,5,0,1
U3516,2026-01-17,Mobile,2,0,2
U3516,2026-01-19,Mobile,2,0,0
U3516,2026-01-20,PC,2,0,0
U3516,2026-01-21,Mobile,1,0,0
U3516,2026-01-22,PC,5,0,0
U3516,2026-01-23,Mobile,1,0,0
U3516,2026-01-24,PC,5,0,2
U3516,2026-01-25,Mobile,5,2,2
U3516,2026-01-26,Mobile,5,0,1
U3516,2026-01-27,Mobile,3,0,2
U3516,2026-01-28,Mobile,1,0,0
U3517,2026-01-15,PC,4,1,1
U3517,2026-01-16,Mobile,5,0,3
U3517,2026-01-17,Mobile,2,0,1
U3517,2026-01-19,PC,3,0,2
U3517,2026-01-20,PC,3,1,2
U3517,2026-01-21,Mobile,2,0,1
U3517,2026-01-22,Mobile,4,0,0
U3517,2026-01-23,PC,2,0,0
U3517,2026-01-24,PC,4,2,0
U3517,2026-01-25,Mobile,2,0,1
U3517,2026-01-26,PC,3,0,2
U3517,2026-01-27,Mobile,2,0,0
U3517,2026-01-28,PC,5,0,0
U3518,2026-01-15,Mobile,5,2,3
U3518,2026-01-16,Mobile,4,1,2
U3518,2026-01-17,Mobile,2,0,1
U3518,2026-01-18,PC,5,1,1
U3518,2026-01-19,Mobile,2,0,0
U3518,2026-01-20,Mobile,2,0,1
U3518,2026-01-21,PC,3,1,1
U3518,2026-01-22,Mobile,2,0,1
U3518,2026-01-23,PC,5,0,5
U3518,2026-01-24,PC,1,1,0
U3518,2026-01-25,PC,5,0,3
U3518,2026-01-26,Mobile,3,0,1
U3518,2026-01-27,Mobile,4,0,1
U3518,2026-01-28,PC,4,0,3
U3519,2026-01-15,PC,2,0,2
U3519,2026-01-16,Mobile,2,0,0
U3519,2026-01-17,Mobile,4,0,3
U3519,2026-01-18,Mobile,2,0,0
U3519,2026-01-19,Mobile,4,1,3
U3519,2026-01-20,Mobile,1,0,1
U3519,2026-01-21,PC,1,0,0
U3519,2026-01-22,PC,3,0,2
U3519,2026-01-23,Mobile,5,0,0
U3519,2026-01-25,Mobile,2,0,0
U3519,2026-01-26,Mobile,1,0,0
U3519,2026-01-27,Mobile,4,0,4
U3519,2026-01-28,Mobile,1,0,0
U3520,2026-01-15,Mobile,3,0,1
U3520,2026-01-16,PC,3,1,1
U3520,2026-01-17,PC,1,0,0
U3520,2026-01-18,PC,4,1,2
U3520,2026-01-19,Mobile,2,0,1
U3520,2026-01-20,PC,3,0,1
U3520,2026-01-21,PC,4,0,0
U3520,2026-01-22,PC,2,1,1
U3520,2026-01-23,Mobile,4,1,3
U3520,2026-01-24,Mobile,2,0,1
U3520,2026-01-26,Mobile,2,0,0
U3520,2026-01-27,Mobile,2,0,1
U3520,2026-01-28,Mobile,4,0,2
U3521,2026-01-15,Mobile,1,0,1
U3521,2026-01-16,Mobile,3,0,2
U3521,2026-01-17,Mobile,2,0,2
U3521,2026-01-19,PC,5,1,0
U3521,2026-01-20,PC,4,0,0
U3521,2026-01-21,Mobile,4,0,1
U3521,2026-01-22,Mobile,2,0,0
U3521,2026-01-23,Mobile,2,1,1
U3521,2026-01-24,Mobile,3,2,1
U3521,2026-01-25,PC,3,0,1
U3521,2026-01-26,Mobile,4,1,2
U3521,2026-01-27,PC,4,1,3
U3521,2026-01-28,Mobile,5,0,4
U3522,2026-01-15,PC,4,1,1
U3522,2026-01-16,Mobile,2,1,0
U3522,2026-01-17,PC,5,2,2
U3522,2026-01-18,PC,3,0,0
U3522,2026-01-19,Mobile,4,4,0
U3522,2026-01-20,Mobile,2,0,0
U3522,2026-01-21,PC,1,0,0
U3522,2026-01-22,Mobile,5,2,1
U3522,2026-01-23,PC,1,0,1
U3522,2026-01-24,Mobile,2,0,1
U3522,2026-01-25,PC,2,0,0
U3522,2026-01-26,PC,4,3,1
U3522,2026-01-27,PC,4,0,0
U3522,2026-01-28,Mobile,2,1,0
U3523,2026-01-15,PC,2,0,0
U3523,2026-01-16,PC,5,0,2
U3523,2026-01-17,Mobile,4,1,1
U3523,2026-01-18,PC,2,0,2
U3523,2026-01-19,Mobile,2,0,0
U3523,2026-01-20,PC,3,0,1
U3523,2026-01-21,PC,3,1,2
U3523,2026-01-22,Mobile,4,1,0
U3523,2026-01-24,Mobile,1,0,0
U3523,2026-01-25,PC,3,2,0
U3523,2026-01-26,Mobile,2,1,1
U3523,2026-01-27,PC,3,1,0
U3523,2026-01-28,Mobile,5,0,0
U3524,2026-01-15,Mobile,4,3,1
U3524,2026-01-16,Mobile,4,0,0
U3524,2026-01-17,Mobile,4,1,0
U3524,2026-01-19,PC,1,0,0
U3524,2026-01-20,PC,1,0,0
U3524,2026-01-21,PC,1,0,0
U3524,2026-01-22,Mobile,5,0,2
U3524,2026-01-23,Mobile,3,1,0
U3524,2026-01-24,PC,2,1,1
U3524,2026-01-25,Mobile,3,0,1
U3524,2026-01-26,Mobile,4,0,2
U3524,2026-01-27,Mobile,3,1,1
U3525,2026-01-16,Mobile,3,2,1
U3525,2026-01-17,Mobile,4,3,1
U3525,2026-01-18,PC,1,1,0
U3525,2026-01-19,Mobile,4,2,1
U3525,2026-01-20,Mobile,1,0,1
U3525,2026-01-21,Mobile,5,0,0
U3525,2026-01-22,PC,4,2,1
U3525,2026-01-23,Mobile,1,1,0
U3525,2026-01-24,PC,5,0,1
U3525,2026-01-25,Mobile,3,0,1
U3525,2026-01-26,PC,5,1,1
U3525,2026-01-27,Mobile,4,3,0
U3525,2026-01-28,PC,5,0,0
U3526,2026-01-15,Mobile,2,0,0
U3526,2026-01-16,PC,2,0,0
U3526,2026-01-17,Mobile,1,0,0
U3526,2026-01-18,Mobile,2,1,1
U3526,2026-01-19,Mobile,3,0,2
U3526,2026-01-20,Mobile,4,3,1
U3526,2026-01-21,PC,3,0,0
U3526,2026-01-22,PC,2,0,1
U3526,2026-01-23,Mobile,2,1,1
U3526,2026-01-24,Mobile,5,4,0
U3526,2026-01-25,Mobile,4,1,3
U3526,2026-01-26,Mobile,1,1,0
U3526,2026-01-27,Mobile,3,2,0
U3527,2026-01-15,PC,1,0,0
U3527,2026-01-16,PC,3,1,0
U3527,2026-01-17,PC,2,1,1
U3527,2026-01-18,PC,3,1,1
U3527,2026-01-19,PC,1,0,0
U3527,2026-01-20,Mobile,3,2,0
U3527,2026-01-21,Mobile,1,0,0
U3527,2026-01-22,PC,2,0,0
U3527,2026-01-23,PC,1,0,0
U3527,2026-01-24,Mobile,1,1,0
U3527,2026-01-25,PC,1,0,0
U3527,2026-01-26,Mobile,1,1,0
U3527,2026-01-27,PC,5,0,0
U3527,2026-01-28,PC,2,1,1
U3528,2026-01-16,Mobile,5,2,0
U3528,2026-01-18,Mobile,2,1,0
U3528,2026-01-19,PC,2,0,1
U3528,2026-01-21,Mobile,4,1,2
U3528,2026-01-22,Mobile,2,0,0
U3528,2026-01-23,PC,3,0,0
U3528,2026-01-25,PC,4,1,0
U3528,2026-01-26,Mobile,4,1,1
U3529,2026-01-15,Mobile,5,1,0
U3529,2026-01-16,Mobile,4,3,1
U3529,2026-01-18,Mobile,5,1,2
U3529,2026-01-19,PC,5,1,0
U3529,2026-01-20,PC,4,1,2
U3529,2026-01-21,PC,4,2,0
U3529,2026-01-22,Mobile,4,1,3
U3529,2026-01-23,Mobile,1,0,0
U3529,2026-01-24,Mobile,2,0,0
U3529,2026-01-25,Mobile,3,1,0
U3529,2026-01-26,PC,2,0,1
U3529,2026-01-27,PC,1,0,0
U3529,2026-01-28,PC,2,0,1
U3530,2026-01-15,Mobile,2,0,2
U3530,2026-01-16,Mobile,5,1,0
U3530,2026-01-17,PC,3,2,1
U3530,2026-01-18,PC,3,0,0
U3530,2026-01-19,Mobile,1,0,1
U3530,2026-01-20,Mobile,2,0,0
U3530,2026-01-21,PC,5,2,2
U3530,2026-01-22,Mobile,3,0,1
U3530,2026-01-23,PC,3,0,3
U3530,2026-01-24,Mobile,2,0,1
U3530,2026-01-26,PC,4,0,1
U3530,2026-01-27,Mobile,2,0,2
U3530,2026-01-28,Mobile,3,0,1
U3531,2026-01-16,Mobile,2,0,0
U3531,2026-01-17,PC,3,0,0
U3531,2026-01-18,PC,1,0,0
U3531,2026-01-19,PC,3,0,1
U3531,2026-01-21,Mobile,1,0,0
U3531,2026-01-22,Mobile,3,1,0
U3531,2026-01-23,Mobile,1,1,0
U3531,2026-01-24,Mobile,1,1,0
U3531,2026-01-25,Mobile,1,0,1
U3531,2026-01-26,Mobile,2,1,1
U3531,2026-01-27,PC,2,1,0
U3532,2026-01-15,Mobile,2,0,1
U3532,2026-01-16,PC,4,3,1
U3532,2026-01-17,Mobile,2,0,0
U3532,2026-01-18,Mobile,5,1,4
U3532,2026-01-19,Mobile,5,0,3
U3532,2026-01-20,Mobile,5,1,1
U3532,2026-01-21,Mobile,2,1,1
U3532,2026-01-24,Mobile,3,0,0
U3532,2026-01-25,Mobile,4,1,2
U3532,2026-01-26,PC,5,1,2
U3532,2026-01-27,PC,2,0,0
U3532,2026-01-28,PC,3,0,0
U3533,2026-01-15,PC,2,1,1
U3533,2026-01-16,Mobile,1,0,0
U3533,2026-01-17,Mobile,4,0,3
U3533,2026-01-18,Mobile,4,0,0
U3533,2026-01-19,PC,1,0,0
U3533,2026-01-20,PC,4,2,0
U3533,2026-01-21,PC,4,1,0
U3533,2026-01-22,PC,1,1,0
U3533,2026-01-23,PC,4,0,1
U3533,2026-01-24,PC,1,1,0
U3533,2026-01-25,Mobile,3,2,1
U3533,2026-01-26,PC,4,0,1
U3533,2026-01-28,PC,2,1,0
U3534,2026-01-15,Mobile,5,2,1
U3534,2026-01-16,Mobile,1,0,0
U3534,2026-01-17,PC,4,1,0
U3534,2026-01-18,Mobile,5,1,0
U3534,2026-01-19,PC,2,1,1
U3534,2026-01-20,Mobile,3,1,0
U3534,2026-01-21,PC,5,1,1
U3534,2026-01-22,Mobile,5,0,0
U3534,2026-01-23,Mobile,5,2,2
U3534,2026-01-25,PC,5,2,1
U3534,2026-01-26,Mobile,2,0,1
U3534,2026-01-27,Mobile,2,0,0
U3534,2026-01-28,PC,3,2,1
U3535,2026-01-15,PC,2,0,0
U3535,2026-01-16,Mobile,1,0,1
U3535,2026-01-17,PC,5,0,1
U3535,2026-01-18,Mobile,4,0,1
U3535,2026-01-20,PC,2,0,2
U3535,2026-01-21,Mobile,5,1,4
U3535,2026-01-22,Mobile,3,0,3
U3535,2026-01-23,Mobile,1,0,1
U3535,2026-01-24,PC,3,1,2
U3535,2026-01-25,PC,5,0,1
U3535,2026-01-26,Mobile,5,2,3
U3535,2026-01-28,Mobile,4,0,0
U3536,2026-01-15,Mobile,5,1,0
U3536,2026-01-16,PC,3,0,0
U3536,2026-01-17,Mobile,2,0,0
U3536,2026-01-18,Mobile,4,0,2
U3536,2026-01-19,Mobile,1,0,0
U3536,2026-01-20,Mobile,5,1,2
U3536,2026-01-21,Mobile,2,2,0
U3536,2026-01-22,PC,3,0,3
U3536,2026-01-23,Mobile,1,0,0
U3536,2026-01-24,Mobile,3,0,0
U3536,2026-01-25,Mobile,4,0,1
U3536,2026-01-26,Mobile,5,0,0
U3536,2026-01-27,Mobile,4,0,1
U3536,2026-01-28,PC,5,3,2
U3537,2026-01-16,PC,3,0,1
U3537,2026-01-17,PC,3,0,3
U3537,2026-01-18,PC,3,1,2
U3537,2026-01-19,PC,3,0,2
U3537,2026-01-20,PC,3,1,0
U3537,2026-01-21,PC,2,0,2
U3537,2026-01-22,PC,4,0,2
U3537,2026-01-23,PC,2,0,2
U3537,2026-01-24,PC,2,0,0
U3537,2026-01-25,Mobile,1,0,1
U3537,2026-01-26,Mobile,1,1,0
U3537,2026-01-28,Mobile,2,0,1
U3538,2026-01-15,Mobile,3,0,2
U3538,2026-01-16,Mobile,1,0,0
U3538,2026-01-17,Mobile,3,1,0
U3538,2026-01-18,PC,3,1,1
U3538,2026-01-19,Mobile,3,0,2
U3538,2026-01-20,Mobile,3,0,0
U3538,2026-01-21,PC,3,2,0
U3538,2026-01-22,PC,3,0,2
U3538,2026-01-23,Mobile,5,1,4
U3538,2026-01-24,Mobile,4,2,1
U3538,2026-01-25,Mobile,5,1,2
U3538,2026-01-26,Mobile,1,0,0
U3538,2026-01-27,Mobile,3,1,0
U3538,2026-01-28,Mobile,5,1,2
U3539,2026-01-15,Mobile,1,0,1
U3539,2026-01-16,PC,3,0,0
U3539,2026-01-18,Mobile,3,0,0
U3539,2026-01-19,PC,1,0,0
U3539,2026-01-20,Mobile,5,1,2
U3539,2026-01-21,Mobile,2,0,1
U3539,2026-01-22,PC,5,0,3
U3539,2026-01-23,Mobile,2,2,0
U3539,2026-01-24,Mobile,1,1,0
U3539,2026-01-25,Mobile,3,0,3
U3539,2026-01-26,PC,3,0,1
U3539,2026-01-27,PC,4,1,2
U3539,2026-01-28,Mobile,2,0,0
U3540,2026-01-15,Mobile,4,0,0
U3540,2026-01-18,PC,2,0,1
U3540,2026-01-19,PC,2,0,1
U3540,2026-01-20,Mobile,2,1,0
U3540,2026-01-21,Mobile,3,2,0
U3540,2026-01-22,Mobile,3,1,2
U3540,2026-01-23,Mobile,1,0,0
U3540,2026-01-24,PC,2,0,0
U3540,2026-01-25,PC,2,0,1
U3540,2026-01-26,Mobile,3,1,0
U3540,2026-01-27,PC,5,2,2
U3540,2026-01-28,Mobile,2,1,0
U3541,2026-01-15,Mobile,3,2,0
U3541,2026-01-16,Mobile,4,2,0
U3541,2026-01-17,Mobile,1,0,1
U3541,2026-01-18,Mobile,1,0,0
U3541,2026-01-19,PC,1,0,0
U3541,2026-01-20,PC,3,1,1
U3541,2026-01-22,Mobile,1,0,0
U3541,2026-01-23,PC,5,0,0
U3541,2026-01-24,Mobile,2,1,0
U3541,2026-01-25,PC,1,1,0
U3541,2026-01-26,Mobile,1,1,0
U3541,2026-01-27,Mobile,1,0,1
U3541,2026-01-28,Mobile,5,0,0
U3542,2026-01-15,PC,5,1,0
U3542,2026-01-16,Mobile,4,0,0
U3542,2026-01-18,PC,5,0,2
U3542,2026-01-20,PC,2,0,0
U3542,2026-01-21,Mobile,3,1,1
U3542,2026-01-22,PC,2,1,0
U3542,2026-01-23,Mobile,3,0,0
U3542,2026-01-24,PC,2,1,0
U3542,2026-01-25,PC,2,1,1
U3542,2026-01-26,Mobile,1,1,0
U3542,2026-01-27,Mobile,1,0,0
U3542,2026-01-28,PC,2,0,2
U3543,2026-01-15,Mobile,5,1,4
U3543,2026-01-16,Mobile,3,0,0
U3543,2026-01-17,Mobile,2,0,0
U3543,2026-01-18,Mobile,2,1,0
U3543,2026-01-19,PC,5,3,2
U3543,2026-01-20,PC,5,0,2
U3543,2026-01-21,Mobile,3,0,2
U3543,2026-01-22,Mobile,1,0,1
U3543,2026-01-23,Mobile,1,0,1
U3543,2026-01-24,PC,3,0,2
U3543,2026-01-25,Mobile,3,1,2
U3543,2026-01-26,Mobile,2,0,1
U3543,2026-01-28,Mobile,4,0,0
U3544,2026-01-15,Mobile,5,0,0
U3544,2026-01-16,Mobile,3,0,2
U3544,2026-01-17,Mobile,3,0,0
U3544,2026-01-18,Mobile,4,0,0
U3544,2026-01-19,PC,5,1,3
U3544,2026-01-21,Mobile,3,0,3
U3544,2026-01-22,Mobile,3,0,2
U3544,2026-01-23,Mobile,5,0,1
U3544,2026-01-25,PC,2,0,1
U3544,2026-01-26,Mobile,4,0,0
U3544,2026-01-27,Mobile,1,1,0
U3544,2026-01-28,Mobile,4,0,4
U3545,2026-01-15,Mobile,3,2,1
U3545,2026-01-17,Mobile,2,0,0
U3545,2026-01-18,PC,2,0,0
U3545,2026-01-19,Mobile,3,0,1
U3545,2026-01-20,Mobile,4,0,0
U3545,2026-01-21,Mobile,5,4,1
U3545,2026-01-22,PC,4,0,1
U3545,2026-01-23,PC,5,1,0
U3545,2026-01-24,Mobile,1,1,0
U3545,2026-01-26,PC,2,1,0
U3545,2026-01-27,Mobile,5,2,0
U3545,2026-01-28,Mobile,5,1,1
U3546,2026-01-15,Mobile,3,0,0
U3546,2026-01-16,Mobile,2,0,0
U3546,2026-01-17,Mobile,1,0,0
U3546,2026-01-18,Mobile,4,0,1
U3546,2026-01-19,PC,2,2,0
U3546,2026-01-20,Mobile,3,1,0
U3546,2026-01-21,Mobile,3,1,0
U3546,2026-01-22,Mobile,1,0,0
U3546,2026-01-23,Mobile,4,0,0
U3546,2026-01-24,Mobile,2,2,0
U3546,2026-01-25,Mobile,2,0,0
U3546,2026-01-26,Mobile,3,1,0
U3546,2026-01-27,Mobile,3,3,0
U3546,2026-01-28,Mobile,5,0,1
U3547,2026-01-15,Mobile,2,0,1
U3547,2026-01-16,Mobile,3,1,0
U3547,2026-01-18,Mobile,4,1,3
U3547,2026-01-19,Mobile,4,1,0
U3547,2026-01-21,Mobile,5,0,0
U3547,2026-01-23,PC,4,0,2
U3547,2026-01-24,Mobile,2,1,0
U3547,2026-01-25,PC,1,0,0
U3547,2026-01-26,PC,1,0,1
U3547,2026-01-27,Mobile,3,0,1
U3547,2026-01-28,PC,2,2,0
U3548,2026-01-15,PC,5,0,1
U3548,2026-01-16,PC,5,1,0
U3548,2026-01-17,PC,3,0,1
U3548,2026-01-18,Mobile,2,0,0
U3548,2026-01-19,PC,4,0,0
U3548,2026-01-20,Mobile,5,1,0
U3548,2026-01-21,PC,1,0,1
U3548,2026-01-22,PC,4,0,0
U3548,2026-01-23,Mobile,1,0,1
U3548,2026-01-24,PC,4,0,0
U3548,2026-01-25,PC,4,0,3
U3548,2026-01-27,Mobile,3,0,1
U3548,2026-01-28,PC,2,0,0
U3549,2026-01-15,Mobile,1,0,0
U3549,2026-01-16,Mobile,2,1,1
U3549,2026-01-17,Mobile,5,3,1
U3549,2026-01-18,Mobile,4,0,0
U3549,2026-01-19,Mobile,4,1,0
U3549,2026-01-20,Mobile,2,0,2
U3549,2026-01-21,Mobile,2,1,0
U3549,2026-01-22,Mobile,4,2,1
U3549,2026-01-23,Mobile,5,2,2
U3549,2026-01-24,Mobile,4,0,0
U3549,2026-01-25,Mobile,3,2,0
U3549,2026-01-26,Mobile,4,0,0
U3549,2026-01-28,Mobile,5,2,2
U3550,2026-01-15,Mobile,5,2,3
U3550,2026-01-16,PC,2,0,1
U3550,2026-01-17,PC,4,2,0
U3550,2026-01-18,Mobile,1,0,0
U3550,2026-01-20,Mobile,5,0,4
U3550,2026-01-21,PC,1,0,0
U3550,2026-01-22,Mobile,4,1,0
U3550,2026-01-23,Mobile,2,0,0
U3550,2026-01-24,PC,1,1,0
U3550,2026-01-25,PC,1,0,0
U3550,2026-01-27,PC,1,0,0
U3550,2026-01-28,Mobile,4,0,0
U3551,2026-01-15,PC,5,3,1
U3551,2026-01-16,Mobile,1,0,1
U3551,2026-01-17,Mobile,5,2,1
U3551,2026-01-18,PC,3,1,1
U3551,2026-01-19,PC,4,2,1
U3551,2026-01-20,Mobile,5,0,0
U3551,2026-01-21,Mobile,2,1,1
U3551,2026-01-23,PC,5,2,2
U3551,2026-01-24,Mobile,4,3,1
U3551,2026-01-25,Mobile,5,1,2
U3551,2026-01-26,Mobile,5,2,0
U3551,2026-01-27,Mobile,5,1,1
U3551,2026-01-28,Mobile,1,0,0
U3552,2026-01-15,PC,2,0,0
U3552,2026-01-17,PC,3,1,1
U3552,2026-01-18,PC,4,3,0
U3552,2026-01-19,PC,1,0,0
U3552,2026-01-20,PC,1,0,1
U3552,2026-01-21,PC,1,1,0
U3552,2026-01-22,PC,3,2,0
U3552,2026-01-23,PC,4,1,0
U3552,2026-01-24,PC,5,0,0
U3552,2026-01-25,Mobile,5,1,1
U3552,2026-01-26,PC,5,2,0
U3552,2026-01-28,Mobile,2,0,0
U3553,2026-01-15,Mobile,2,0,2
U3553,2026-01-16,Mobile,3,1,2
U3553,2026-01-17,PC,5,0,1
U3553,2026-01-18,PC,5,0,1
U3553,2026-01-19,Mobile,5,1,4
U3553,2026-01-20,Mobile,5,2,3
U3553,2026-01-21,PC,2,0,2
U3553,2026-01-22,PC,4,0,2
U3553,2026-01-23,Mobile,2,0,2
U3553,2026-01-24,Mobile,5,1,3
U3553,2026-01-27,PC,3,0,1
U3553,2026-01-28,Mobile,1,0,1
U3554,2026-01-15,PC,1,0,1
U3554,2026-01-16,PC,2,0,0
U3554,2026-01-17,PC,3,1,0
U3554,2026-01-18,PC,2,0,0
U3554,2026-01-19,Mobile,3,3,0
U3554,2026-01-20,Mobile,4,1,0
U3554,2026-01-21,Mobile,5,2,0
U3554,2026-01-22,PC,3,1,0
U3554,2026-01-25,Mobile,4,1,1
U3554,2026-01-26,Mobile,4,2,0
U3554,2026-01-27,Mobile,4,0,0
U3554,2026-01-28,Mobile,3,2,1
U3555,2026-01-15,PC,3,1,2
U3555,2026-01-17,PC,5,0,2
U3555,2026-01-18,Mobile,3,1,2
U3555,2026-01-19,Mobile,4,0,4
U3555,2026-01-20,PC,5,0,3
U3555,2026-01-21,PC,3,0,1
U3555,2026-01-22,Mobile,4,0,3
U3555,2026-01-23,Mobile,1,0,0
U3555,2026-01-24,PC,2,1,0
U3555,2026-01-25,Mobile,3,1,1
U3555,2026-01-26,PC,1,0,0
U3555,2026-01-27,Mobile,5,1,4
U3555,2026-01-28,Mobile,3,0,0
U3556,2026-01-15,Mobile,2,0,0
U3556,2026-01-16,Mobile,5,0,0
U3556,2026-01-17,Mobile,4,1,2
U3556,2026-01-18,Mobile,1,0,1
U3556,2026-01-19,PC,5,3,1
U3556,2026-01-20,Mobile,3,0,0
U3556,2026-01-21,Mobile,4,0,4
U3556,2026-01-22,Mobile,5,3,0
U3556,2026-01-23,Mobile,4,0,0
U3556,2026-01-24,PC,5,2,0
U3556,2026-01-25,Mobile,2,1,1
U3556,2026-01-26,PC,1,0,1
U3556,2026-01-27,Mobile,2,1,1
U3556,2026-01-28,Mobile,2,1,0
U3557,2026-01-15,Mobile,2,0,0
U3557,2026-01-16,Mobile,5,4,0
U3557,2026-01-17,Mobile,1,1,0
U3557,2026-01-18,PC,3,1,2
U3557,2026-01-19,PC,5,2,1
U3557,2026-01-21,PC,1,0,0
U3557,2026-01-22,PC,3,2,0
U3557,2026-01-23,Mobile,3,3,0
U3557,2026-01-25,Mobile,2,0,1
U3557,2026-01-26,Mobile,3,1,0
U3557,2026-01-27,Mobile,4,0,2
U3557,2026-01-28,Mobile,2,1,0
U3558,2026-01-15,Mobile,1,0,0
U3558,2026-01-16,Mobile,5,1,0
U3558,2026-01-17,Mobile,5,0,2
U3558,2026-01-18,Mobile,4,2,2
U3558,2026-01-19,Mobile,2,1,1
U3558,2026-01-20,Mobile,2,0,0
U3558,2026-01-21,Mobile,2,1,0
U3558,2026-01-22,Mobile,2,1,0
U3558,2026-01-23,Mobile,2,1,0
U3558,2026-01-24,Mobile,3,1,0
U3558,2026-01-26,Mobile,2,0,0
U3558,2026-01-27,PC,5,2,3
U3558,2026-01-28,Mobile,4,0,0
U3559,2026-01-15,Mobile,5,3,2
U3559,2026-01-16,Mobile,3,1,0
U3559,2026-01-18,Mobile,2,1,1
U3559,2026-01-19,PC,1,0,1
U3559,2026-01-20,PC,1,0,1
U3559,2026-01-21,PC,2,1,0
U3559,2026-01-22,Mobile,1,0,1
U3559,2026-01-23,Mobile,4,1,2
U3559,2026-01-24,Mobile,5,2,0
U3559,2026-01-25,Mobile,3,0,0
U3559,2026-01-26,Mobile,5,3,0
U3559,2026-01-27,PC,2,0,1
U3559,2026-01-28,Mobile,3,1,1
U3560,2026-01-15,Mobile,3,0,0
U3560,2026-01-16,Mobile,5,3,0
U3560,2026-01-18,Mobile,5,0,2
U3560,2026-01-20,Mobile,3,1,0
U3560,2026-01-21,PC,5,3,2
U3560,2026-01-22,Mobile,4,1,0
U3560,2026-01-23,Mobile,2,1,0
U3560,2026-01-24,Mobile,3,2,1
U3560,2026-01-25,Mobile,2,0,2
U3560,2026-01-26,Mobile,5,0,0
U3560,2026-01-27,PC,2,0,0
U3560,2026-01-28,PC,2,0,0
U3561,2026-01-15,Mobile,5,1,2
U3561,2026-01-16,Mobile,5,0,3
U3561,2026-01-17,Mobile,5,0,0
U3561,2026-01-18,PC,3,0,0
U3561,2026-01-19,Mobile,4,0,0
U3561,2026-01-20,Mobile,3,0,0
U3561,2026-01-21,Mobile,2,0,0
U3561,2026-01-22,Mobile,1,0,1
U3561,2026-01-23,Mobile,4,0,0
U3561,2026-01-25,PC,1,1,0
U3561,2026-01-26,PC,1,1,0
U3561,2026-01-27,PC,2,0,2
U3561,2026-01-28,Mobile,5,0,2
U3562,2026-01-15,Mobile,5,0,2
U3562,2026-01-16,PC,4,0,1
U3562,2026-01-17,Mobile,2,0,0
U3562,2026-01-18,Mobile,2,1,0
U3562,2026-01-19,PC,2,1,0
U3562,2026-01-20,PC,3,0,1
U3562,2026-01-21,Mobile,2,0,0
U3562,2026-01-22,Mobile,3,1,2
U3562,2026-01-23,Mobile,5,0,3
U3562,2026-01-24,Mobile,4,0,0
U3562,2026-01-25,Mobile,3,1,1
U3562,2026-01-26,Mobile,4,0,0
U3562,2026-01-27,PC,5,2,3
U3562,2026-01-28,PC,5,0,1
U3563,2026-01-15,Mobile,2,0,2
U3563,2026-01-16,Mobile,4,0,2
U3563,2026-01-17,PC,1,1,0
U3563,2026-01-18,PC,3,0,1
U3563,2026-01-19,PC,4,1,1
U3563,2026-01-20,Mobile,2,1,1
U3563,2026-01-21,Mobile,1,0,0
U3563,2026-01-22,Mobile,1,0,0
U3563,2026-01-23,Mobile,4,2,2
U3563,2026-01-24,Mobile,4,0,0
U3563,2026-01-25,Mobile,1,0,0
U3563,2026-01-26,PC,3,1,2
U3563,2026-01-27,PC,5,2,2
U3563,2026-01-28,Mobile,4,0,1
U3564,2026-01-15,PC,3,0,1
U3564,2026-01-16,PC,1,0,1
U3564,2026-01-17,PC,4,0,2
U3564,2026-01-18,Mobile,5,0,1
U3564,2026-01-19,PC,1,0,1
U3564,2026-01-20,Mobile,4,1,2
U3564,2026-01-21,Mobile,1,1,0
U3564,2026-01-22,PC,1,0,0
U3564,2026-01-23,Mobile,5,0,3
U3564,2026-01-24,PC,3,0,2
U3564,2026-01-25,PC,5,1,1
U3564,2026-01-26,PC,4,1,2
U3564,2026-01-27,Mobile,5,1,3
U3564,2026-01-28,Mobile,2,0,0
U3565,2026-01-15,PC,2,1,1
U3565,2026-01-16,Mobile,1,0,0
U3565,2026-01-18,PC,3,0,0
U3565,2026-01-19,Mobile,4,0,0
U3565,2026-01-20,Mobile,2,0,1
U3565,2026-01-21,Mobile,3,0,0
U3565,2026-01-22,Mobile,2,1,1
U3565,2026-01-23,PC,1,1,0
U3565,2026-01-24,PC,4,0,0
U3565,2026-01-26,PC,4,1,2
U3565,2026-01-27,PC,3,0,0
U3566,2026-01-15,Mobile,1,0,1
U3566,2026-01-16,PC,1,0,0
U3566,2026-01-17,Mobile,2,1,1
U3566,2026-01-18,Mobile,4,3,1
U3566,2026-01-19,Mobile,3,0,0
U3566,2026-01-21,Mobile,2,0,0
U3566,2026-01-22,Mobile,4,1,1
U3566,2026-01-23,PC,4,0,0
U3566,2026-01-24,Mobile,4,3,1
U3566,2026-01-25,Mobile,2,0,0
U3566,2026-01-26,PC,4,1,2
U3566,2026-01-27,Mobile,2,0,0
U3566,2026-01-28,Mobile,2,0,0
U3567,2026-01-15,Mobile,2,0,0
U3567,2026-01-16,Mobile,5,2,0
U3567,2026-01-17,PC,1,0,0
U3567,2026-01-18,Mobile,1,0,0
U3567,2026-01-19,Mobile,3,1,1
U3567,2026-01-20,Mobile,4,1,2
U3567,2026-01-21,PC,1,0,1
U3567,2026-01-22,PC,1,0,0
U3567,2026-01-23,Mobile,3,0,3
U3567,2026-01-24,PC,2,0,1
U3567,2026-01-25,PC,3,0,3
U3567,2026-01-26,Mobile,3,0,3
U3567,2026-01-27,Mobile,5,2,3
U3567,2026-01-28,Mobile,3,1,2
U3568,2026-01-15,Mobile,4,1,2
U3568,2026-01-16,PC,1,1,0
U3568,2026-01-17,Mobile,3,0,0
U3568,2026-01-19,PC,2,0,0
U3568,2026-01-20,PC,3,1,2
U3568,2026-01-21,PC,4,0,4
U3568,2026-01-22,PC,4,2,0
U3568,2026-01-23,PC,5,0,1
U3568,2026-01-24,Mobile,3,1,2
U3568,2026-01-25,Mobile,5,2,1
U3568,2026-01-26,PC,2,0,2
U3569,2026-01-15,PC,3,1,2
U3569,2026-01-16,Mobile,1,0,0
U3569,2026-01-17,Mobile,3,2,1
U3569,2026-01-18,Mobile,5,0,0
U3569,2026-01-19,Mobile,4,0,2
U3569,2026-01-20,Mobile,4,1,1
U3569,2026-01-21,PC,2,1,0
U3569,2026-01-22,Mobile,4,1,1
U3569,2026-01-23,Mobile,5,1,0
U3569,2026-01-24,PC,3,0,0
U3569,2026-01-25,PC,3,0,1
U3569,2026-01-26,PC,5,0,1
U3569,2026-01-28,PC,1,1,0
U3570,2026-01-15,Mobile,1,0,1
U3570,2026-01-16,PC,1,0,0
U3570,2026-01-18,Mobile,1,0,0
U3570,2026-01-19,Mobile,1,0,0
U3570,2026-01-20,PC,4,1,0
U3570,2026-01-21,PC,4,0,1
U3570,2026-01-22,PC,1,0,0
U3570,2026-01-23,Mobile,1,0,1
U3570,2026-01-24,Mobile,2,0,0
U3570,2026-01-25,Mobile,3,0,0
U3570,2026-01-26,Mobile,4,1,2
U3570,2026-01-27,Mobile,4,0,2
U3570,2026-01-28,PC,2,0,2
U3571,2026-01-16,PC,5,0,1
U3571,2026-01-17,Mobile,4,1,2
U3571,2026-01-18,PC,3,0,1
U3571,2026-01-19,PC,1,0,0
U3571,2026-01-20,Mobile,4,1,0
U3571,2026-01-21,Mobile,1,0,0
U3571,2026-01-22,Mobile,3,2,1
U3571,2026-01-24,Mobile,1,0,1
U3571,2026-01-25,Mobile,1,0,0
U3571,2026-01-27,Mobile,1,0,0
U3571,2026-01-28,Mobile,1,1,0
U3572,2026-01-15,Mobile,1,1,0
U3572,2026-01-16,Mobile,1,1,0
U3572,2026-01-17,PC,5,0,0
U3572,2026-01-18,Mobile,5,3,1
U3572,2026-01-19,Mobile,2,0,1
U3572,2026-01-20,Mobile,1,0,0
U3572,2026-01-21,PC,2,0,1
U3572,2026-01-22,Mobile,3,1,0
U3572,2026-01-23,Mobile,4,0,1
U3572,2026-01-24,Mobile,2,0,0
U3572,2026-01-25,Mobile,2,0,0
U3572,2026-01-26,Mobile,5,4,0
U3572,2026-01-27,Mobile,5,1,2
U3572,2026-01-28,PC,5,0,1
U3573,2026-01-15,Mobile,3,0,2
U3573,2026-01-16,PC,1,0,0
U3573,2026-01-17,PC,5,2,2
U3573,2026-01-18,Mobile,2,0,0
U3573,2026-01-19,Mobile,1,0,1
U3573,2026-01-20,Mobile,3,0,0
U3573,2026-01-22,Mobile,2,0,0
U3573,2026-01-23,Mobile,4,1,0
U3573,2026-01-24,Mobile,3,0,2
U3573,2026-01-25,Mobile,3,0,0
U3573,2026-01-26,PC,3,0,3
U3573,2026-01-27,Mobile,2,0,0
U3573,2026-01-28,Mobile,2,0,2
U3574,2026-01-15,Mobile,5,2,1
U3574,2026-01-16,PC,5,1,0
U3574,2026-01-17,PC,5,3,1
U3574,2026-01-19,Mobile,4,1,2
U3574,2026-01-20,Mobile,2,0,0
U3574,2026-01-21,Mobile,5,3,2
U3574,2026-01-22,PC,3,1,0
U3574,2026-01-23,Mobile,2,1,1
U3574,2026-01-24,Mobile,2,0,1
U3574,2026-01-25,PC,2,0,1
U3574,2026-01-26,PC,2,1,0
U3574,2026-01-27,Mobile,2,0,1
U3575,2026-01-15,PC,2,0,0
U3575,2026-01-16,Mobile,2,1,1
U3575,2026-01-17,PC,4,2,0
U3575,2026-01-18,PC,1,0,0
U3575,2026-01-19,Mobile,2,1,1
U3575,2026-01-20,Mobile,2,0,1
U3575,2026-01-21,Mobile,3,3,0
U3575,2026-01-23,PC,4,2,1
U3575,2026-01-24,Mobile,2,0,1
U3575,2026-01-25,PC,4,2,2
U3575,2026-01-26,PC,2,0,0
U3575,2026-01-28,Mobile,3,1,2
U3576,2026-01-15,PC,3,0,3
U3576,2026-01-16,PC,1,0,1
U3576,2026-01-18,Mobile,2,0,2
U3576,2026-01-19,Mobile,5,1,1
U3576,2026-01-20,Mobile,5,1,4
U3576,2026-01-21,PC,1,0,0
U3576,2026-01-22,PC,4,2,1
U3576,2026-01-23,Mobile,2,0,0
U3576,2026-01-24,Mobile,4,0,1
U3576,2026-01-25,Mobile,2,0,1
U3576,2026-01-26,PC,2,0,1
U3576,2026-01-27,PC,1,0,1
U3576,2026-01-28,Mobile,5,1,3
U3577,2026-01-15,Mobile,1,0,1
U3577,2026-01-16,PC,2,0,0
U3577,2026-01-17,Mobile,3,0,1
U3577,2026-01-18,Mobile,2,0,0
U3577,2026-01-19,Mobile,4,1,2
U3577,2026-01-20,Mobile,4,1,3
U3577,2026-01-21,PC,1,0,0
U3577,2026-01-22,PC,4,2,2
U3577,2026-01-23,PC,2,0,0
U3577,2026-01-24,Mobile,4,1,1
U3577,2026-01-25,PC,4,0,2
U3577,2026-01-26,PC,1,0,0
U3577,2026-01-27,Mobile,1,0,0
U3577,2026-01-28,Mobile,3,0,1
U3578,2026-01-15,Mobile,5,0,0
U3578,2026-01-17,Mobile,2,0,0
U3578,2026-01-18,Mobile,2,0,2
U3578,2026-01-19,PC,2,1,1
U3578,2026-01-21,Mobile,4,0,1
U3578,2026-01-22,Mobile,5,2,1
U3578,2026-01-23,PC,2,0,1
U3578,2026-01-24,Mobile,2,0,1
U3578,2026-01-25,Mobile,5,1,0
U3578,2026-01-26,PC,1,0,0
U3578,2026-01-27,Mobile,5,0,0
U3578,2026-01-28,Mobile,5,0,0
U3579,2026-01-16,Mobile,4,0,3
U3579,2026-01-17,Mobile,5,1,2
U3579,2026-01-18,Mobile,3,0,0
U3579,2026-01-19,Mobile,1,0,1
U3579,2026-01-20,Mobile,1,0,1
U3579,2026-01-21,Mobile,3,0,3
U3579,2026-01-22,Mobile,3,0,1
U3579,2026-01-23,Mobile,1,0,1
U3579,2026-01-24,Mobile,2,0,0
U3579,2026-01-25,Mobile,2,0,0
U3579,2026-01-26,Mobile,2,0,1
U3579,2026-01-27,PC,5,1,2
U3580,2026-01-16,Mobile,3,2,1
U3580,2026-01-17,Mobile,1,0,1
U3580,2026-01-18,PC,5,2,0
U3580,2026-01-19,Mobile,5,0,1
U3580,2026-01-20,Mobile,2,0,2
U3580,2026-01-21,PC,4,0,4
U3580,2026-01-22,PC,4,0,0
U3580,2026-01-23,Mobile,5,0,1
U3580,2026-01-24,Mobile,2,0,1
U3580,2026-01-27,Mobile,4,2,1
U3580,2026-01-28,Mobile,1,1,0
U3581,2026-01-15,PC,1,0,0
U3581,2026-01-17,Mobile,5,1,2
U3581,2026-01-18,PC,4,1,2
U3581,2026-01-19,Mobile,1,0,1
U3581,2026-01-20,PC,1,0,0
U3581,2026-01-21,Mobile,1,0,0
U3581,2026-01-23,Mobile,5,1,2
U3581,2026-01-24,PC,5,0,1
U3581,2026-01-25,PC,2,1,1
U3581,2026-01-26,Mobile,3,0,1
U3581,2026-01-27,Mobile,4,0,0
U3582,2026-01-15,Mobile,2,0,1
U3582,2026-01-16,Mobile,1,1,0
U3582,2026-01-18,Mobile,1,0,0
U3582,2026-01-19,Mobile,1,0,1
U3582,2026-01-20,Mobile,4,0,1
U3582,2026-01-21,Mobile,5,0,3
U3582,2026-01-22,PC,2,0,0
U3582,2026-01-23,PC,1,0,1
U3582,2026-01-24,Mobile,4,0,1
U3582,2026-01-25,Mobile,1,0,0
U3582,2026-01-26,Mobile,1,0,0
U3582,2026-01-27,PC,4,0,1
U3583,2026-01-15,PC,2,1,0
U3583,2026-01-17,Mobile,2,0,2
U3583,2026-01-18,Mobile,1,1,0
U3583,2026-01-19,Mobile,5,0,0
U3583,2026-01-21,Mobile,1,0,1
U3583,2026-01-22,Mobile,2,0,1
U3583,2026-01-23,Mobile,1,1,0
U3583,2026-01-24,Mobile,3,2,0
U3583,2026-01-25,PC,2,1,0
U3583,2026-01-26,Mobile,1,0,1
U3583,2026-01-27,PC,4,0,0
U3583,2026-01-28,Mobile,5,1,3
U3584,2026-01-15,Mobile,5,0,1
U3584,2026-01-16,Mobile,2,0,1
U3584,2026-01-17,PC,4,1,1
U3584,2026-01-18,PC,2,0,1
U3584,2026-01-19,Mobile,5,2,2
U3584,2026-01-20,Mobile,2,0,2
U3584,2026-01-21,Mobile,5,0,2
U3584,2026-01-22,Mobile,1,0,1
U3584,2026-01-23,PC,4,0,2
U3584,2026-01-24,Mobile,5,2,2
U3584,2026-01-25,Mobile,4,1,3
U3584,2026-01-26,PC,5,0,0
U3584,2026-01-27,PC,3,2,1
U3584,2026-01-28,Mobile,4,0,0
U3585,2026-01-15,Mobile,4,0,0
U3585,2026-01-16,PC,4,0,0
U3585,2026-01-17,Mobile,1,0,0
U3585,2026-01-18,PC,3,1,0
U3585,2026-01-19,Mobile,5,3,0
U3585,2026-01-20,Mobile,5,1,4
U3585,2026-01-22,Mobile,3,2,0
U3585,2026-01-23,Mobile,2,0,0
U3585,2026-01-24,Mobile,5,0,0
U3585,2026-01-25,Mobile,1,0,0
U3585,2026-01-26,Mobile,3,0,0
U3585,2026-01-27,PC,2,0,0
U3585,2026-01-28,Mobile,1,1,0
U3586,2026-01-16,PC,4,0,0
U3586,2026-01-19,Mobile,4,2,1
U3586,2026-01-20,Mobile,3,3,0
U3586,2026-01-21,Mobile,3,1,0
U3586,2026-01-22,Mobile,2,0,0
U3586,2026-01-23,PC,2,1,0
U3586,2026-01-24,PC,5,2,1
U3586,2026-01-25,PC,4,1,1
U3586,2026-01-26,Mobile,2,0,0
U3586,2026-01-27,PC,3,2,1
U3586,2026-01-28,Mobile,5,2,0
U3587,2026-01-15,PC,3,0,0
U3587,2026-01-17,Mobile,5,0,1
U3587,2026-01-18,PC,1,0,0
U3587,2026-01-19,Mobile,4,1,2
U3587,2026-01-20,Mobile,2,1,0
U3587,2026-01-21,Mobile,4,0,2
U3587,2026-01-22,Mobile,5,1,3
U3587,2026-01-24,Mobile,4,1,1
U3587,2026-01-26,PC,5,4,1
U3587,2026-01-27,Mobile,2,0,0
U3588,2026-01-15,Mobile,3,0,0
U3588,2026-01-16,PC,3,0,3
U3588,2026-01-17,Mobile,1,0,1
U3588,2026-01-18,PC,1,0,1
U3588,2026-01-19,PC,5,0,0
U3588,2026-01-20,PC,3,0,1
U3588,2026-01-21,PC,4,1,1
U3588,2026-01-22,Mobile,2,0,0
U3588,2026-01-23,Mobile,2,0,2
U3588,2026-01-24,Mobile,3,1,0
U3588,2026-01-26,Mobile,1,0,0
U3588,2026-01-27,PC,4,0,1
U3588,2026-01-28,Mobile,2,0,0
U3589,2026-01-15,PC,5,0,0
U3589,2026-01-16,Mobile,3,0,1
U3589,2026-01-17,PC,5,0,0
U3589,2026-01-18,Mobile,3,1,0
U3589,2026-01-19,Mobile,1,1,0
U3589,2026-01-21,Mobile,1,0,0
U3589,2026-01-22,Mobile,4,0,2
U3589,2026-01-23,Mobile,5,0,1
U3589,2026-01-24,Mobile,2,0,0
U3589,2026-01-25,PC,4,2,2
U3589,2026-01-26,PC,2,1,1
U3589,2026-01-27,Mobile,5,0,3
U3589,2026-01-28,Mobile,4,1,2
U3590,2026-01-15,PC,5,1,1
U3590,2026-01-16,PC,5,1,4
U3590,2026-01-17,PC,5,0,2
U3590,2026-01-19,PC,4,0,1
U3590,2026-01-20,PC,2,0,1
U3590,2026-01-21,Mobile,5,0,1
U3590,2026-01-22,Mobile,2,0,2
U3590,2026-01-23,Mobile,2,0,1
U3590,2026-01-24,Mobile,5,0,2
U3590,2026-01-25,Mobile,4,0,3
U3590,2026-01-26,Mobile,3,0,1
U3590,2026-01-27,Mobile,2,0,0
U3590,2026-01-28,PC,2,0,0
U3591,2026-01-15,Mobile,5,0,0
U3591,2026-01-16,PC,2,0,0
U3591,2026-01-17,PC,4,0,2
U3591,2026-01-18,Mobile,4,0,1
U3591,2026-01-19,Mobile,5,0,1
U3591,2026-01-20,PC,4,1,2
U3591,2026-01-22,PC,1,0,1
U3591,2026-01-23,PC,4,0,1
U3591,2026-01-24,PC,4,1,2
U3591,2026-01-25,PC,2,0,0
U3591,2026-01-26,Mobile,2,0,0
U3591,2026-01-27,Mobile,3,0,0
U3591,2026-01-28,Mobile,5,1,1
U3592,2026-01-15,PC,3,1,0
U3592,2026-01-16,Mobile,2,0,0
U3592,2026-01-17,Mobile,3,1,1
U3592,2026-01-18,Mobile,4,3,1
U3592,2026-01-19,Mobile,1,0,1
U3592,2026-01-22,PC,4,0,0
U3592,2026-01-24,PC,5,4,1
U3592,2026-01-25,PC,4,0,0
U3592,2026-01-26,PC,2,2,0
U3592,2026-01-27,Mobile,1,1,0
U3592,2026-01-28,Mobile,3,2,0
U3593,2026-01-15,PC,4,1,0
U3593,2026-01-16,PC,5,2,3
U3593,2026-01-17,Mobile,5,2,3
U3593,2026-01-18,PC,1,1,0
U3593,2026-01-19,Mobile,5,3,2
U3593,2026-01-20,PC,1,1,0
U3593,2026-01-21,PC,1,0,0
U3593,2026-01-22,Mobile,2,2,0
U3593,2026-01-23,PC,1,0,0
U3593,2026-01-24,PC,1,0,1
U3593,2026-01-25,PC,3,0,0
U3593,2026-01-26,Mobile,4,1,2
U3593,2026-01-27,PC,2,0,1
U3593,2026-01-28,Mobile,4,1,2
U3594,2026-01-15,Mobile,2,0,0
U3594,2026-01-17,PC,3,0,2
U3594,2026-01-18,PC,4,0,1
U3594,2026-01-19,PC,3,0,2
U3594,2026-01-20,PC,5,0,4
U3594,2026-01-21,PC,5,1,3
U3594,2026-01-22,Mobile,1,0,0
U3594,2026-01-23,PC,2,0,1
U3594,2026-01-24,PC,1,0,1
U3594,2026-01-26,PC,4,1,1
U3594,2026-01-27,PC,4,0,3
U3595,2026-01-15,Mobile,3,1,1
U3595,2026-01-16,Mobile,4,1,3
U3595,2026-01-17,Mobile,3,3,0
U3595,2026-01-18,Mobile,3,0,1
U3595,2026-01-19,Mobile,2,0,0
U3595,2026-01-20,PC,3,0,1
U3595,2026-01-21,Mobile,5,1,1
U3595,2026-01-23,Mobile,5,1,0
U3595,2026-01-24,PC,3,1,1
U3595,2026-01-25,PC,5,1,0
U3595,2026-01-26,PC,3,1,0
U3595,2026-01-27,Mobile,4,1,1
U3595,2026-01-28,Mobile,2,0,1
U3596,2026-01-15,PC,4,0,3
U3596,2026-01-16,PC,5,2,2
U3596,2026-01-17,Mobile,5,0,1
U3596,2026-01-18,PC,1,0,0
U3596,2026-01-19,Mobile,5,0,1
U3596,2026-01-20,PC,5,0,2
U3596,2026-01-21,Mobile,1,0,0
U3596,2026-01-22,PC,1,0,0
U3596,2026-01-24,Mobile,4,0,0
U3596,2026-01-25,PC,2,1,0
U3596,2026-01-26,Mobile,3,2,1
U3596,2026-01-27,Mobile,2,1,1
U3596,2026-01-28,PC,3,1,0
U3597,2026-01-15,Mobile,5,0,1
U3597,2026-01-16,PC,4,0,1
U3597,2026-01-17,PC,4,1,1
U3597,2026-01-18,PC,3,0,0
U3597,2026-01-19,PC,4,1,2
U3597,2026-01-20,PC,5,1,0
U3597,2026-01-21,PC,1,0,1
U3597,2026-01-22,Mobile,1,0,0
U3597,2026-01-23,Mobile,3,0,0
U3597,2026-01-25,PC,2,0,0
U3597,2026-01-26,PC,1,0,0
U3597,2026-01-27,Mobile,3,0,1
U3597,2026-01-28,PC,1,0,0
U3598,2026-01-15,Mobile,5,2,1
U3598,2026-01-16,PC,5,0,4
U3598,2026-01-17,Mobile,1,0,0
U3598,2026-01-18,Mobile,3,0,1
U3598,2026-01-19,PC,3,0,3
U3598,2026-01-20,PC,2,0,1
U3598,2026-01-21,Mobile,4,0,3
U3598,2026-01-22,Mobile,2,0,2
U3598,2026-01-23,Mobile,5,0,3
U3598,2026-01-24,Mobile,5,1,2
U3598,2026-01-25,Mobile,1,0,1
U3598,2026-01-26,Mobile,5,0,5
U3598,2026-01-28,PC,4,0,4
U3599,2026-01-15,PC,5,3,2
U3599,2026-01-17,Mobile,4,1,1
U3599,2026-01-18,PC,5,2,2
U3599,2026-01-19,Mobile,5,0,0
U3599,2026-01-20,Mobile,3,1,0
U3599,2026-01-21,PC,3,1,0
U3599,2026-01-22,PC,4,2,1
U3599,2026-01-23,PC,5,1,1
U3599,2026-01-24,Mobile,2,0,2
U3599,2026-01-25,PC,5,2,0
U3599,2026-01-26,Mobile,5,4,0
U3599,2026-01-27,Mobile,4,1,1
U3599,2026-01-28,Mobile,4,1,0
U3600,2026-01-15,Mobile,1,0,0
U3600,2026-01-16,Mobile,3,0,3
U3600,2026-01-17,PC,2,0,1
U3600,2026-01-18,Mobile,3,0,0
U3600,2026-01-19,Mobile,1,0,0
U3600,2026-01-20,PC,5,0,1
U3600,2026-01-21,Mobile,4,1,3
U3600,2026-01-22,PC,2,0,0
U3600,2026-01-23,Mobile,1,0,0
U3600,2026-01-24,Mobile,3,0,0
U3600,2026-01-25,Mobile,4,0,0
U3600,2026-01-26,Mobile,3,0,0
U3600,2026-01-27,PC,2,0,2
U3600,2026-01-28,PC,4,2,1
U3601,2026-01-15,PC,3,1,2
U3601,2026-01-16,PC,1,1,0
U3601,2026-01-17,PC,5,0,0
U3601,2026-01-18,Mobile,1,1,0
U3601,2026-01-19,PC,1,0,0
U3601,2026-01-20,Mobile,1,0,0
U3601,2026-01-21,Mobile,2,0,0
U3601,2026-01-22,Mobile,4,1,0
U3601,2026-01-23,Mobile,4,1,0
U3601,2026-01-25,PC,5,0,0
U3601,2026-01-26,Mobile,5,5,0
U3601,2026-01-27,PC,1,0,0
U3601,2026-01-28,Mobile,1,0,0
U3602,2026-01-15,Mobile,4,0,1
U3602,2026-01-16,Mobile,2,0,0
U3602,2026-01-17,Mobile,4,0,0
U3602,2026-01-18,PC,3,3,0
U3602,2026-01-20,Mobile,1,0,1
U3602,2026-01-21,PC,3,1,1
U3602,2026-01-22,PC,4,0,0
U3602,2026-01-23,Mobile,4,0,0
U3602,2026-01-24,PC,3,1,1
U3602,2026-01-25,Mobile,4,2,1
U3602,2026-01-26,Mobile,2,0,0
U3602,2026-01-27,Mobile,3,1,1
U3602,2026-01-28,Mobile,2,1,0
U3603,2026-01-15,Mobile,1,0,1
U3603,2026-01-16,Mobile,1,1,0
U3603,2026-01-17,PC,4,2,2
U3603,2026-01-18,Mobile,2,0,0
U3603,2026-01-19,Mobile,3,2,1
U3603,2026-01-20,PC,4,3,1
U3603,2026-01-21,Mobile,3,1,1
U3603,2026-01-22,PC,2,1,1
U3603,2026-01-23,Mobile,2,1,1
U3603,2026-01-24,Mobile,5,2,0
U3603,2026-01-25,Mobile,1,1,0
U3603,2026-01-26,Mobile,2,2,0
U3603,2026-01-27,PC,3,2,0
U3603,2026-01-28,PC,3,1,0
U3604,2026-01-15,Mobile,1,0,0
U3604,2026-01-16,Mobile,3,0,0
U3604,2026-01-17,PC,4,0,0
U3604,2026-01-19,Mobile,5,2,3
U3604,2026-01-20,PC,2,0,1
U3604,2026-01-21,PC,5,0,0
U3604,2026-01-22,Mobile,3,0,0
U3604,2026-01-23,PC,1,0,0
U3604,2026-01-24,Mobile,2,1,1
U3604,2026-01-25,PC,3,0,0
U3604,2026-01-26,Mobile,4,0,3
U3604,2026-01-27,PC,2,0,0
U3604,2026-01-28,PC,2,0,1
U3605,2026-01-15,Mobile,3,1,1
U3605,2026-01-16,Mobile,2,0,0
U3605,2026-01-17,PC,3,0,3
U3605,2026-01-18,Mobile,3,0,0
U3605,2026-01-19,PC,1,0,0
U3605,2026-01-20,Mobile,5,0,1
U3605,2026-01-21,PC,1,0,1
U3605,2026-01-23,Mobile,2,0,2
U3605,2026-01-24,Mobile,4,0,1
U3605,2026-01-25,Mobile,4,0,2
U3605,2026-01-26,Mobile,4,1,2
U3605,2026-01-27,PC,2,0,1
U3605,2026-01-28,Mobile,4,1,3
U3606,2026-01-15,PC,4,1,1
U3606,2026-01-17,PC,3,1,0
U3606,2026-01-18,Mobile,2,0,0
U3606,2026-01-20,Mobile,3,0,2
U3606,2026-01-21,Mobile,1,0,0
U3606,2026-01-22,Mobile,5,0,1
U3606,2026-01-23,Mobile,4,0,0
U3606,2026-01-24,PC,1,0,0
U3606,2026-01-25,Mobile,5,1,0
U3606,2026-01-26,PC,1,0,0
U3607,2026-01-15,Mobile,3,1,1
U3607,2026-01-16,Mobile,1,0,1
U3607,2026-01-18,PC,4,0,4
U3607,2026-01-19,Mobile,5,2,3
U3607,2026-01-20,Mobile,1,0,0
U3607,2026-01-21,PC,3,0,3
U3607,2026-01-22,Mobile,2,0,1
U3607,2026-01-23,PC,4,0,2
U3607,2026-01-25,Mobile,3,0,2
U3607,2026-01-26,PC,4,0,0
U3607,2026-01-27,Mobile,1,0,0
U3607,2026-01-28,Mobile,2,0,1
U3608,2026-01-15,PC,4,0,3
U3608,2026-01-16,Mobile,5,2,1
U3608,2026-01-17,PC,5,2,1
U3608,2026-01-18,Mobile,5,3,2
U3608,2026-01-19,Mobile,1,0,0
U3608,2026-01-20,Mobile,3,0,1
U3608,2026-01-21,Mobile,1,0,0
U3608,2026-01-22,Mobile,4,0,0
U3608,2026-01-23,PC,2,0,2
U3608,2026-01-24,Mobile,2,0,0
U3608,2026-01-25,Mobile,4,2,0
U3608,2026-01-26,Mobile,5,0,0
U3608,2026-01-27,Mobile,1,0,0
U3608,2026-01-28,PC,4,2,1
U3609,2026-01-15,Mobile,2,1,0
U3609,2026-01-16,PC,5,3,2
U3609,2026-01-17,PC,2,0,0
U3609,2026-01-18,PC,1,0,1
U3609,2026-01-19,PC,3,0,2
U3609,2026-01-20,Mobile,3,1,1
U3609,2026-01-21,Mobile,1,1,0
U3609,2026-01-22,Mobile,5,0,0
U3609,2026-01-24,Mobile,5,3,2
U3609,2026-01-25,Mobile,4,1,2
U3609,2026-01-26,PC,2,0,1
U3609,2026-01-27,PC,4,0,1
U3609,2026-01-28,PC,2,0,0
U3610,2026-01-15,PC,3,1,0
U3610,2026-01-16,Mobile,3,1,0
U3610,2026-01-17,Mobile,3,1,0
U3610,2026-01-18,Mobile,1,1,0
U3610,2026-01-19,Mobile,4,0,0
U3610,2026-01-20,Mobile,1,0,0
U3610,2026-01-21,Mobile,1,1,0
U3610,2026-01-22,Mobile,3,1,1
U3610,2026-01-23,Mobile,3,1,1
U3610,2026-01-25,Mobile,1,0,0
U3610,2026-01-26,Mobile,3,2,1
U3610,2026-01-27,Mobile,3,1,0
U3610,2026-01-28,PC,4,1,0
U3611,2026-01-15,PC,2,0,2
U3611,2026-01-16,Mobile,5,1,4
U3611,2026-01-17,Mobile,4,0,1
U3611,2026-01-18,PC,1,0,0
U3611,2026-01-19,PC,1,0,0
U3611,2026-01-20,Mobile,3,0,3
U3611,2026-01-21,Mobile,5,0,3
U3611,2026-01-22,Mobile,2,0,0
U3611,2026-01-23,PC,2,0,1
U3611,2026-01-24,Mobile,4,2,2
U3611,2026-01-25,Mobile,5,0,4
U3611,2026-01-26,PC,1,0,0
U3611,2026-01-27,PC,1,0,1
U3612,2026-01-15,PC,3,0,1
U3612,2026-01-16,Mobile,1,0,0
U3612,2026-01-17,PC,3,2,0
U3612,2026-01-20,PC,4,0,0
U3612,2026-01-21,PC,2,1,0
U3612,2026-01-22,Mobile,2,1,1
U3612,2026-01-23,Mobile,5,5,0
U3612,2026-01-24,Mobile,2,1,1
U3612,2026-01-25,PC,5,1,2
U3612,2026-01-26,Mobile,3,0,1
U3612,2026-01-27,PC,1,0,1
U3612,2026-01-28,PC,3,0,1
U3613,2026-01-15,Mobile,4,0,4
U3613,2026-01-17,PC,4,2,1
U3613,2026-01-18,PC,4,0,2
U3613,2026-01-20,Mobile,3,1,0
U3613,2026-01-21,PC,1,0,0
U3613,2026-01-22,PC,1,0,0
U3613,2026-01-23,Mobile,4,0,1
U3613,2026-01-24,PC,3,0,0
U3613,2026-01-25,PC,2,0,0
U3613,2026-01-26,PC,4,1,2
U3613,2026-01-27,Mobile,5,1,3
U3613,2026-01-28,PC,1,0,0
U3614,2026-01-15,PC,5,1,1
U3614,2026-01-16,Mobile,1,0,1
U3614,2026-01-17,Mobile,1,0,1
U3614,2026-01-18,Mobile,4,0,4
U3614,2026-01-19,Mobile,4,0,4
U3614,2026-01-20,PC,1,0,0
U3614,2026-01-21,Mobile,1,0,0
U3614,2026-01-22,Mobile,1,0,0
U3614,2026-01-23,PC,2,1,1
U3614,2026-01-24,Mobile,2,0,2
U3614,2026-01-25,PC,1,1,0
U3614,2026-01-26,PC,3,0,1
U3614,2026-01-27,Mobile,1,0,0
U3614,2026-01-28,Mobile,5,0,5
U3615,2026-01-15,Mobile,4,0,1
U3615,2026-01-16,Mobile,2,1,1
U3615,2026-01-17,Mobile,3,1,0
U3615,2026-01-18,PC,4,1,0
U3615,2026-01-19,Mobile,2,2,0
U3615,2026-01-20,PC,2,0,0
U3615,2026-01-21,Mobile,5,2,1
U3615,2026-01-22,PC,1,0,1
U3615,2026-01-23,Mobile,5,0,0
U3615,2026-01-24,Mobile,2,0,0
U3615,2026-01-25,Mobile,3,1,2
U3615,2026-01-26,Mobile,2,0,1
U3615,2026-01-27,PC,1,0,0
U3615,2026-01-28,Mobile,2,0,0
U3616,2026-01-15,Mobile,1,0,0
U3616,2026-01-16,PC,3,1,1
U3616,2026-01-17,Mobile,2,2,0
U3616,2026-01-18,Mobile,4,2,1
U3616,2026-01-19,Mobile,4,1,2
U3616,2026-01-20,Mobile,5,0,0
U3616,2026-01-22,PC,2,0,2
U3616,2026-01-23,Mobile,3,1,0
U3616,2026-01-24,Mobile,3,0,1
U3616,2026-01-25,Mobile,5,0,0
U3616,2026-01-26,PC,1,0,1
U3616,2026-01-27,PC,2,2,0
U3616,2026-01-28,PC,1,0,1
U3617,2026-01-15,Mobile,4,0,0
U3617,2026-01-16,Mobile,5,2,2
U3617,2026-01-18,PC,1,0,0
U3617,2026-01-19,Mobile,3,0,2
U3617,2026-01-20,PC,4,2,2
U3617,2026-01-21,PC,1,0,1
U3617,2026-01-22,PC,3,0,0
U3617,2026-01-23,Mobile,3,0,0
U3617,2026-01-24,PC,2,1,1
U3617,2026-01-25,Mobile,1,0,0
U3617,2026-01-26,PC,4,0,2
U3617,2026-01-27,Mobile,4,1,1
U3618,2026-01-15,PC,3,2,1
U3618,2026-01-16,Mobile,3,2,0
U3618,2026-01-17,Mobile,5,2,0
U3618,2026-01-18,PC,3,0,1
U3618,2026-01-19,Mobile,1,0,0
U3618,2026-01-20,Mobile,2,1,1
U3618,2026-01-21,PC,5,3,2
U3618,2026-01-22,PC,5,3,1
U3618,2026-01-23,Mobile,3,2,1
U3618,2026-01-24,Mobile,3,0,0
U3618,2026-01-25,Mobile,1,0,0
U3618,2026-01-26,Mobile,5,1,0
U3618,2026-01-27,PC,3,0,2
U3618,2026-01-28,PC,2,0,0
U3619,2026-01-15,Mobile,5,1,2
U3619,2026-01-17,Mobile,5,0,1
U3619,2026-01-18,Mobile,2,1,1
U3619,2026-01-19,Mobile,3,2,1
U3619,2026-01-20,Mobile,4,0,1
U3619,2026-01-21,PC,5,0,2
U3619,2026-01-22,PC,2,2,0
U3619,2026-01-23,PC,4,4,0
U3619,2026-01-24,Mobile,2,0,2
U3619,2026-01-25,PC,5,4,0
U3619,2026-01-26,Mobile,5,1,4
U3619,2026-01-27,Mobile,4,0,0
U3619,2026-01-28,PC,4,2,2
U3620,2026-01-15,Mobile,3,0,0
U3620,2026-01-16,Mobile,5,1,0
U3620,2026-01-17,Mobile,5,1,4
U3620,2026-01-18,PC,2,0,0
U3620,2026-01-21,Mobile,1,0,0
U3620,2026-01-22,PC,3,2,1
U3620,2026-01-23,PC,5,2,1
U3620,2026-01-24,Mobile,3,1,0
U3620,2026-01-25,Mobile,4,1,0
U3620,2026-01-26,PC,1,0,0
U3620,2026-01-27,PC,3,2,1
U3620,2026-01-28,Mobile,3,0,0
U3621,2026-01-16,PC,3,0,0
U3621,2026-01-17,Mobile,4,2,1
U3621,2026-01-18,PC,5,2,3
U3621,2026-01-19,Mobile,5,0,1
U3621,2026-01-21,Mobile,4,0,3
U3621,2026-01-23,PC,5,0,0
U3621,2026-01-24,Mobile,4,2,2
U3621,2026-01-26,PC,5,0,0
U3621,2026-01-27,Mobile,2,1,1
U3621,2026-01-28,Mobile,3,2,0
U3622,2026-01-16,Mobile,1,1,0
U3622,2026-01-17,Mobile,3,1,0
U3622,2026-01-18,PC,3,1,2
U3622,2026-01-19,Mobile,2,0,1
U3622,2026-01-20,PC,1,0,0
U3622,2026-01-22,PC,4,0,1
U3622,2026-01-23,Mobile,5,2,2
U3622,2026-01-26,Mobile,5,1,0
U3622,2026-01-27,Mobile,1,0,1
U3623,2026-01-15,PC,2,1,1
U3623,2026-01-16,Mobile,2,0,1
U3623,2026-01-18,Mobile,2,2,0
U3623,2026-01-19,Mobile,1,0,0
U3623,2026-01-20,PC,2,1,1
U3623,2026-01-21,Mobile,3,1,0
U3623,2026-01-23,Mobile,5,2,2
U3623,2026-01-24,PC,5,0,2
U3623,2026-01-25,Mobile,3,3,0
U3623,2026-01-26,Mobile,4,1,0
U3623,2026-01-27,PC,5,2,3
U3623,2026-01-28,PC,2,1,0
U3624,2026-01-15,Mobile,5,0,0
U3624,2026-01-16,Mobile,2,0,0
U3624,2026-01-18,Mobile,5,1,3
U3624,2026-01-19,PC,5,0,1
U3624,2026-01-20,PC,1,0,1
U3624,2026-01-21,Mobile,4,0,2
U3624,2026-01-22,PC,1,0,1
U3624,2026-01-23,Mobile,5,0,4
U3624,2026-01-24,PC,4,0,0
U3624,2026-01-25,Mobile,3,0,1
U3624,2026-01-26,PC,2,1,0
U3624,2026-01-27,Mobile,2,0,0
U3624,2026-01-28,Mobile,4,1,3
U3625,2026-01-15,Mobile,5,0,3
U3625,2026-01-16,Mobile,5,0,0
U3625,2026-01-17,Mobile,2,0,1
U3625,2026-01-18,PC,1,0,1
U3625,2026-01-19,Mobile,1,0,1
U3625,2026-01-20,PC,2,0,0
U3625,2026-01-21,Mobile,1,0,0
U3625,2026-01-22,PC,2,1,0
U3625,2026-01-23,PC,5,1,4
U3625,2026-01-24,Mobile,2,1,0
U3625,2026-01-26,Mobile,1,0,1
U3625,2026-01-27,PC,4,0,3
U3625,2026-01-28,Mobile,3,0,1
U3626,2026-01-15,Mobile,5,0,0
U3626,2026-01-16,PC,1,0,0
U3626,2026-01-17,PC,3,1,0
U3626,2026-01-18,Mobile,5,0,1
U3626,2026-01-19,PC,3,2,1
U3626,2026-01-21,PC,4,0,4
U3626,2026-01-22,PC,5,1,1
U3626,2026-01-25,PC,5,0,1
U3626,2026-01-26,Mobile,3,0,3
U3626,2026-01-27,Mobile,1,0,1
U3627,2026-01-15,Mobile,2,0,0
U3627,2026-01-16,Mobile,3,2,0
U3627,2026-01-17,Mobile,3,1,0
U3627,2026-01-18,PC,2,0,0
U3627,2026-01-19,Mobile,4,1,1
U3627,2026-01-20,Mobile,2,0,1
U3627,2026-01-21,Mobile,1,1,0
U3627,2026-01-22,PC,5,0,1
U3627,2026-01-23,PC,4,2,2
U3627,2026-01-24,Mobile,5,3,0
U3627,2026-01-25,Mobile,5,1,1
U3627,2026-01-27,Mobile,3,1,0
U3627,2026-01-28,PC,3,1,0
U3628,2026-01-15,PC,4,0,2
U3628,2026-01-17,Mobile,3,0,0
U3628,2026-01-18,Mobile,3,0,0
U3628,2026-01-19,PC,3,0,1
U3628,2026-01-20,Mobile,5,1,4
U3628,2026-01-21,Mobile,4,0,1
U3628,2026-01-22,PC,1,0,0
U3628,2026-01-23,PC,5,0,1
U3628,2026-01-24,Mobile,3,1,1
U3628,2026-01-26,Mobile,1,0,1
U3628,2026-01-27,Mobile,4,1,2
U3628,2026-01-28,Mobile,2,0,1
U3629,2026-01-15,Mobile,3,1,2
U3629,2026-01-16,Mobile,5,1,3
U3629,2026-01-17,PC,4,1,2
U3629,2026-01-18,Mobile,5,0,4
U3629,2026-01-19,Mobile,4,0,4
U3629,2026-01-20,PC,3,0,0
U3629,2026-01-21,Mobile,1,0,1
U3629,2026-01-22,Mobile,2,0,1
U3629,2026-01-23,Mobile,3,0,1
U3629,2026-01-24,PC,2,0,2
U3629,2026-01-25,Mobile,1,0,0
U3629,2026-01-26,Mobile,3,0,0
U3629,2026-01-27,Mobile,5,4,0
U3629,2026-01-28,PC,4,0,2
U3630,2026-01-15,Mobile,4,0,1
U3630,2026-01-16,Mobile,4,0,0
U3630,2026-01-17,Mobile,2,0,1
U3630,2026-01-18,Mobile,4,1,3
U3630,2026-01-19,PC,4,0,2
U3630,2026-01-20,PC,5,0,3
U3630,2026-01-21,PC,1,0,0
U3630,2026-01-22,PC,4,0,1
U3630,2026-01-23,Mobile,3,0,2
U3630,2026-01-25,PC,2,0,2
U3630,2026-01-27,Mobile,5,1,3
U3630,2026-01-28,PC,2,0,0
U3631,2026-01-16,Mobile,2,1,0
U3631,2026-01-18,Mobile,2,0,1
U3631,2026-01-19,PC,4,0,0
U3631,2026-01-20,Mobile,1,0,1
U3631,2026-01-21,Mobile,5,0,2
U3631,2026-01-22,Mobile,3,0,3
U3631,2026-01-23,Mobile,3,1,2
U3631,2026-01-24,PC,3,0,2
U3631,2026-01-25,Mobile,1,0,0
U3631,2026-01-26,Mobile,4,0,2
U3631,2026-01-27,Mobile,3,1,1
U3631,2026-01-28,PC,2,0,0
U3632,2026-01-15,Mobile,4,0,1
U3632,2026-01-16,PC,1,0,0
U3632,2026-01-17,PC,5,0,0
U3632,2026-01-18,Mobile,1,0,1
U3632,2026-01-19,Mobile,4,0,4
U3632,2026-01-20,Mobile,2,1,1
U3632,2026-01-21,PC,5,0,0
U3632,2026-01-22,PC,5,2,2
U3632,2026-01-23,PC,4,1,1
U3632,2026-01-24,Mobile,4,0,4
U3632,2026-01-25,Mobile,1,0,0
U3632,2026-01-26,Mobile,1,0,1
U3632,2026-01-27,PC,2,0,0
U3632,2026-01-28,Mobile,4,1,2
U3633,2026-01-15,Mobile,2,0,0
U3633,2026-01-16,Mobile,3,2,1
U3633,2026-01-17,PC,2,1,0
U3633,2026-01-18,PC,4,2,2
U3633,2026-01-19,Mobile,4,2,1
U3633,2026-01-20,Mobile,2,0,0
U3633,2026-01-21,PC,3,0,2
U3633,2026-01-22,Mobile,3,2,0
U3633,2026-01-23,Mobile,5,0,0
U3633,2026-01-24,PC,4,1,2
U3633,2026-01-27,PC,2,0,0
U3634,2026-01-15,Mobile,2,0,1
U3634,2026-01-17,PC,5,2,0
U3634,2026-01-18,Mobile,1,0,0
U3634,2026-01-19,Mobile,5,3,2
U3634,2026-01-20,Mobile,4,0,4
U3634,2026-01-21,PC,5,1,4
U3634,2026-01-22,Mobile,4,1,3
U3634,2026-01-23,Mobile,3,0,0
U3634,2026-01-24,Mobile,5,2,1
U3634,2026-01-25,Mobile,2,1,0
U3634,2026-01-26,Mobile,4,0,0
U3634,2026-01-27,Mobile,2,0,1
U3634,2026-01-28,PC,4,0,0
U3635,2026-01-15,Mobile,4,3,1
U3635,2026-01-16,Mobile,3,0,0
U3635,2026-01-17,Mobile,5,1,3
U3635,2026-01-18,Mobile,1,0,0
U3635,2026-01-19,PC,2,1,1
U3635,2026-01-20,PC,1,0,0
U3635,2026-01-22,PC,5,0,0
U3635,2026-01-23,PC,4,0,1
U3635,2026-01-24,PC,1,0,0
U3635,2026-01-25,Mobile,2,0,1
U3635,2026-01-26,Mobile,3,3,0
U3635,2026-01-27,Mobile,5,2,0
U3635,2026-01-28,Mobile,4,1,0
U3636,2026-01-15,Mobile,3,0,0
U3636,2026-01-16,PC,4,0,0
U3636,2026-01-17,Mobile,4,1,2
U3636,2026-01-20,Mobile,3,0,0
U3636,2026-01-21,Mobile,4,2,2
U3636,2026-01-23,PC,1,0,0
U3636,2026-01-24,Mobile,5,2,1
U3636,2026-01-25,Mobile,3,0,1
U3636,2026-01-26,Mobile,1,0,0
U3636,2026-01-27,PC,5,2,1
U3636,2026-01-28,Mobile,5,1,3
U3637,2026-01-15,PC,4,0,1
U3637,2026-01-16,Mobile,5,1,1
U3637,2026-01-17,PC,5,1,4
U3637,2026-01-18,Mobile,5,0,0
U3637,2026-01-19,Mobile,3,0,1
U3637,2026-01-20,PC,2,0,0
U3637,2026-01-21,Mobile,5,1,4
U3637,2026-01-22,Mobile,4,0,2
U3637,2026-01-23,Mobile,4,0,2
U3637,2026-01-24,PC,4,1,0
U3637,2026-01-25,Mobile,4,0,1
U3637,2026-01-26,PC,4,1,2
U3637,2026-01-27,Mobile,2,0,1
U3637,2026-01-28,Mobile,5,0,0
U3638,2026-01-15,PC,3,0,1
U3638,2026-01-16,PC,5,1,4
U3638,2026-01-17,Mobile,4,0,0
U3638,2026-01-18,Mobile,5,1,4
U3638,2026-01-19,PC,1,0,1
U3638,2026-01-20,PC,3,0,0
U3638,2026-01-21,Mobile,2,0,0
U3638,2026-01-22,PC,4,0,1
U3638,2026-01-23,Mobile,5,3,2
U3638,2026-01-24,Mobile,5,1,2
U3638,2026-01-25,PC,1,0,0
U3638,2026-01-26,Mobile,5,0,1
U3638,2026-01-28,PC,2,0,0
U3639,2026-01-15,Mobile,3,1,1
U3639,2026-01-16,PC,3,2,1
U3639,2026-01-17,PC,3,0,0
U3639,2026-01-18,PC,4,2,0
U3639,2026-01-19,Mobile,1,0,1
U3639,2026-01-21,Mobile,2,1,1
U3639,2026-01-22,Mobile,2,0,0
U3639,2026-01-23,Mobile,5,1,2
U3639,2026-01-24,Mobile,2,0,0
U3639,2026-01-25,Mobile,3,1,0
U3639,2026-01-26,Mobile,4,2,1
U3639,2026-01-27,Mobile,2,0,1
U3639,2026-01-28,PC,2,0,0
U3640,2026-01-15,PC,1,0,0
U3640,2026-01-16,PC,3,0,2
U3640,2026-01-17,PC,5,0,1
U3640,2026-01-18,Mobile,4,0,1
U3640,2026-01-19,PC,3,0,1
U3640,2026-01-20,Mobile,4,0,1
U3640,2026-01-21,Mobile,3,0,0
U3640,2026-01-22,PC,2,0,0
U3640,2026-01-23,Mobile,5,0,5
U3640,2026-01-24,Mobile,1,0,1
U3640,2026-01-25,PC,4,2,1
U3640,2026-01-26,PC,3,1,0
U3640,2026-01-27,PC,4,1,1
U3640,2026-01-28,Mobile,3,0,0
U3641,2026-01-15,Mobile,2,0,1
U3641,2026-01-16,PC,2,0,1
U3641,2026-01-17,PC,3,0,0
U3641,2026-01-18,PC,1,0,1
U3641,2026-01-19,PC,2,0,0
U3641,2026-01-20,Mobile,3,0,2
U3641,2026-01-21,Mobile,2,0,2
U3641,2026-01-22,PC,1,0,0
U3641,2026-01-23,Mobile,4,1,1
U3641,2026-01-24,Mobile,5,0,4
U3641,2026-01-25,Mobile,3,0,3
U3641,2026-01-26,Mobile,5,2,2
U3641,2026-01-27,Mobile,2,0,2
U3641,2026-01-28,PC,2,0,1
U3642,2026-01-15,Mobile,4,1,1
U3642,2026-01-16,Mobile,4,2,2
U3642,2026-01-17,PC,4,0,4
U3642,2026-01-18,Mobile,4,3,0
U3642,2026-01-19,PC,3,1,1
U3642,2026-01-20,Mobile,1,1,0
U3642,2026-01-21,PC,4,2,0
U3642,2026-01-22,Mobile,1,0,1
U3642,2026-01-23,PC,3,2,1
U3642,2026-01-24,PC,5,0,0
U3642,2026-01-25,PC,1,1,0
U3642,2026-01-26,Mobile,5,2,2
U3642,2026-01-27,Mobile,3,0,1
U3642,2026-01-28,PC,4,0,0
U3643,2026-01-15,Mobile,4,2,0
U3643,2026-01-16,Mobile,3,2,1
U3643,2026-01-17,Mobile,4,2,1
U3643,2026-01-18,Mobile,1,1,0
U3643,2026-01-19,Mobile,5,0,0
U3643,2026-01-20,PC,3,0,0
U3643,2026-01-21,PC,5,0,0
U3643,2026-01-22,Mobile,2,2,0
U3643,2026-01-23,Mobile,5,4,1
U3643,2026-01-24,PC,5,0,0
U3643,2026-01-26,PC,3,3,0
U3643,2026-01-28,Mobile,3,0,1
U3644,2026-01-15,Mobile,2,0,0
U3644,2026-01-16,Mobile,1,0,0
U3644,2026-01-17,Mobile,2,1,0
U3644,2026-01-18,Mobile,1,1,0
U3644,2026-01-19,Mobile,5,0,0
U3644,2026-01-20,PC,1,0,0
U3644,2026-01-21,PC,5,1,2
U3644,2026-01-22,Mobile,4,1,2
U3644,2026-01-23,PC,5,2,1
U3644,2026-01-25,PC,5,0,0
U3644,2026-01-26,Mobile,3,0,0
U3644,2026-01-27,Mobile,4,1,1
U3645,2026-01-18,Mobile,1,0,1
U3645,2026-01-19,Mobile,4,0,2
U3645,2026-01-20,Mobile,2,0,0
U3645,2026-01-21,Mobile,4,1,0
U3645,2026-01-22,Mobile,2,0,0
U3645,2026-01-23,PC,5,1,3
U3645,2026-01-24,Mobile,1,0,0
U3645,2026-01-25,Mobile,3,1,2
U3645,2026-01-26,PC,1,0,1
U3645,2026-01-27,PC,3,1,2
U3645,2026-01-28,Mobile,5,0,1
U3646,2026-01-15,Mobile,2,0,1
U3646,2026-01-16,Mobile,2,0,2
U3646,2026-01-17,Mobile,5,0,1
U3646,2026-01-18,Mobile,2,1,1
U3646,2026-01-19,PC,4,1,0
U3646,2026-01-20,PC,4,0,0
U3646,2026-01-21,Mobile,3,0,1
U3646,2026-01-23,PC,2,0,2
U3646,2026-01-24,PC,1,0,1
U3646,2026-01-25,PC,1,0,0
U3646,2026-01-27,Mobile,3,0,0
U3646,2026-01-28,Mobile,4,0,1
U3647,2026-01-15,PC,1,0,1
U3647,2026-01-16,Mobile,2,1,1
U3647,2026-01-17,Mobile,4,0,0
U3647,2026-01-19,Mobile,4,0,3
U3647,2026-01-20,Mobile,4,0,4
U3647,2026-01-21,PC,5,0,2
U3647,2026-01-22,Mobile,4,1,2
U3647,2026-01-23,Mobile,4,1,3
U3647,2026-01-24,Mobile,4,0,4
U3647,2026-01-25,PC,1,0,0
U3647,2026-01-26,Mobile,2,0,2
U3647,2026-01-28,Mobile,3,0,3
U3648,2026-01-15,Mobile,5,1,1
U3648,2026-01-16,PC,5,2,1
U3648,2026-01-17,PC,2,1,1
U3648,2026-01-18,Mobile,1,0,0
U3648,2026-01-19,Mobile,1,0,0
U3648,2026-01-20,PC,1,0,1
U3648,2026-01-21,Mobile,1,0,1
U3648,2026-01-22,PC,5,1,1
U3648,2026-01-24,Mobile,4,0,1
U3648,2026-01-25,Mobile,4,0,1
U3648,2026-01-26,Mobile,4,0,0
U3648,2026-01-27,PC,2,1,1
U3648,2026-01-28,Mobile,2,1,0
U3649,2026-01-15,PC,2,1,1
U3649,2026-01-17,Mobile,4,1,3
U3649,2026-01-18,PC,3,0,1
U3649,2026-01-19,PC,5,0,0
U3649,2026-01-20,PC,4,0,4
U3649,2026-01-22,PC,5,2,2
U3649,2026-01-23,PC,1,0,0
U3649,2026-01-24,Mobile,5,0,0
U3649,2026-01-25,Mobile,2,0,2
U3649,2026-01-26,Mobile,1,0,1
U3649,2026-01-27,Mobile,2,0,0
U3649,2026-01-28,Mobile,5,1,2
U3650,2026-01-16,Mobile,4,0,3
U3650,2026-01-18,Mobile,2,1,1
U3650,2026-01-19,Mobile,3,0,0
U3650,2026-01-20,PC,5,0,0
U3650,2026-01-22,PC,4,3,1
U3650,2026-01-23,PC,2,1,0
U3650,2026-01-24,PC,4,1,2
U3650,2026-01-25,PC,4,0,2
U3650,2026-01-26,Mobile,3,1,2
U3650,2026-01-27,PC,3,0,1
U3650,2026-01-28,Mobile,2,2,0
U3651,2026-01-15,PC,1,0,1
U3651,2026-01-16,Mobile,3,0,0
U3651,2026-01-17,Mobile,2,0,0
U3651,2026-01-18,Mobile,1,0,1
U3651,2026-01-19,Mobile,1,0,1
U3651,2026-01-20,Mobile,2,0,0
U3651,2026-01-21,PC,5,0,1
U3651,2026-01-22,Mobile,4,1,2
U3651,2026-01-23,PC,5,1,3
U3651,2026-01-25,PC,2,0,2
U3651,2026-01-26,Mobile,5,0,0
U3651,2026-01-27,PC,1,1,0
U3651,2026-01-28,PC,4,1,3
U3652,2026-01-15,Mobile,1,0,0
U3652,2026-01-16,Mobile,5,0,1
U3652,2026-01-17,Mobile,5,1,4
U3652,2026-01-20,Mobile,2,0,2
U3652,2026-01-21,Mobile,3,1,2
U3652,2026-01-22,PC,2,0,1
U3652,2026-01-23,PC,2,0,2
U3652,2026-01-24,Mobile,3,0,2
U3652,2026-01-25,Mobile,1,0,1
U3652,2026-01-26,PC,1,0,0
U3652,2026-01-27,Mobile,3,1,0
U3652,2026-01-28,PC,4,2,2
U3653,2026-01-15,PC,5,0,2
U3653,2026-01-16,PC,2,0,0
U3653,2026-01-17,PC,3,1,2
U3653,2026-01-18,PC,1,0,1
U3653,2026-01-19,PC,1,0,1
U3653,2026-01-20,Mobile,4,1,2
U3653,2026-01-21,Mobile,3,0,2
U3653,2026-01-22,Mobile,1,0,0
U3653,2026-01-23,Mobile,3,2,0
U3653,2026-01-24,Mobile,5,1,1
U3653,2026-01-25,Mobile,2,0,1
U3653,2026-01-26,Mobile,2,2,0
U3653,2026-01-27,PC,4,1,1
U3654,2026-01-15,PC,2,1,1
U3654,2026-01-17,Mobile,3,1,2
U3654,2026-01-18,PC,1,0,0
U3654,2026-01-19,Mobile,1,0,0
U3654,2026-01-20,PC,5,0,0
U3654,2026-01-21,Mobile,4,0,0
U3654,2026-01-22,PC,4,0,1
U3654,2026-01-23,PC,2,1,1
U3654,2026-01-24,Mobile,4,0,0
U3654,2026-01-26,PC,1,0,1
U3654,2026-01-27,PC,5,1,1
U3655,2026-01-15,Mobile,4,2,0
U3655,2026-01-16,PC,4,0,1
U3655,2026-01-17,Mobile,4,1,1
U3655,2026-01-19,Mobile,2,1,0
U3655,2026-01-20,PC,1,0,1
U3655,2026-01-21,Mobile,4,0,3
U3655,2026-01-22,Mobile,1,0,1
U3655,2026-01-23,PC,3,1,0
U3655,2026-01-24,PC,4,0,2
U3655,2026-01-25,PC,2,1,0
U3655,2026-01-26,PC,4,1,3
U3655,2026-01-27,Mobile,3,1,0
U3655,2026-01-28,Mobile,5,2,0
U3656,2026-01-15,PC,1,0,0
U3656,2026-01-16,PC,4,0,4
U3656,2026-01-17,Mobile,5,0,0
U3656,2026-01-18,PC,5,1,3
U3656,2026-01-19,PC,2,0,0
U3656,2026-01-20,Mobile,3,1,1
U3656,2026-01-21,PC,4,0,0
U3656,2026-01-22,Mobile,1,1,0
U3656,2026-01-23,Mobile,4,0,4
U3656,2026-01-24,Mobile,3,0,2
U3656,2026-01-25,Mobile,1,1,0
U3656,2026-01-26,Mobile,5,1,2
U3656,2026-01-27,PC,3,0,0
U3656,2026-01-28,Mobile,1,0,0
U3657,2026-01-16,PC,1,0,0
U3657,2026-01-17,Mobile,3,0,1
U3657,2026-01-18,Mobile,3,0,1
U3657,2026-01-19,PC,4,2,2
U3657,2026-01-20,PC,4,0,1
U3657,2026-01-22,PC,1,0,0
U3657,2026-01-23,PC,4,0,3
U3657,2026-01-24,PC,1,0,1
U3657,2026-01-25,Mobile,4,0,1
U3657,2026-01-27,Mobile,4,0,0
U3657,2026-01-28,Mobile,5,1,2
U3658,2026-01-15,Mobile,4,0,1
U3658,2026-01-16,Mobile,2,0,0
U3658,2026-01-17,Mobile,4,0,0
U3658,2026-01-18,Mobile,4,1,0
U3658,2026-01-19,PC,3,0,2
U3658,2026-01-20,PC,5,0,0
U3658,2026-01-21,PC,5,0,0
U3658,2026-01-22,PC,3,0,2
U3658,2026-01-23,PC,3,0,1
U3658,2026-01-24,Mobile,3,1,2
U3658,2026-01-25,PC,3,1,1
U3658,2026-01-26,Mobile,3,0,2
U3658,2026-01-27,Mobile,4,2,2
U3658,2026-01-28,PC,1,0,0
U3659,2026-01-15,PC,2,0,0
U3659,2026-01-16,Mobile,1,0,1
U3659,2026-01-18,Mobile,1,0,0
U3659,2026-01-19,Mobile,4,0,0
U3659,2026-01-20,Mobile,4,1,1
U3659,2026-01-21,PC,1,0,1
U3659,2026-01-22,Mobile,5,0,2
U3659,2026-01-23,Mobile,5,0,2
U3659,2026-01-24,Mobile,5,0,4
U3659,2026-01-25,PC,5,0,0
U3659,2026-01-26,PC,2,1,1
U3659,2026-01-28,PC,5,1,2
U3660,2026-01-15,Mobile,5,0,1
U3660,2026-01-16,Mobile,1,0,0
U3660,2026-01-17,PC,1,0,0
U3660,2026-01-18,PC,2,0,0
U3660,2026-01-19,PC,1,0,0
U3660,2026-01-20,PC,1,0,1
U3660,2026-01-21,Mobile,3,1,1
U3660,2026-01-24,Mobile,4,0,0
U3660,2026-01-25,Mobile,2,1,1
U3660,2026-01-26,PC,4,1,1
U3660,2026-01-27,PC,4,0,1
U3660,2026-01-28,PC,3,0,1
U3661,2026-01-15,PC,2,0,0
U3661,2026-01-16,Mobile,2,1,0
U3661,2026-01-17,Mobile,1,0,0
U3661,2026-01-18,PC,2,1,1
U3661,2026-01-19,Mobile,2,1,1
U3661,2026-01-21,PC,1,1,0
U3661,2026-01-22,Mobile,1,1,0
U3661,2026-01-24,PC,5,0,4
U3661,2026-01-25,PC,4,2,0
U3661,2026-01-27,Mobile,1,1,0
U3662,2026-01-15,Mobile,3,0,0
U3662,2026-01-16,PC,1,0,0
U3662,2026-01-17,PC,3,0,0
U3662,2026-01-18,Mobile,5,0,0
U3662,2026-01-20,PC,3,0,3
U3662,2026-01-21,PC,3,0,0
U3662,2026-01-22,Mobile,5,2,2
U3662,2026-01-23,PC,2,0,0
U3662,2026-01-24,PC,5,1,3
U3662,2026-01-25,Mobile,3,0,0
U3662,2026-01-26,PC,5,2,2
U3662,2026-01-27,Mobile,4,1,3
U3662,2026-01-28,Mobile,2,0,0
U3663,2026-01-15,Mobile,1,0,0
U3663,2026-01-16,PC,4,0,0
U3663,2026-01-17,Mobile,4,0,1
U3663,2026-01-18,PC,5,2,0
U3663,2026-01-19,PC,4,1,0
U3663,2026-01-20,Mobile,3,1,0
U3663,2026-01-21,Mobile,3,0,2
U3663,2026-01-22,Mobile,1,0,1
U3663,2026-01-24,PC,2,2,0
U3663,2026-01-25,PC,3,0,0
U3663,2026-01-28,PC,5,2,2
U3664,2026-01-16,Mobile,4,1,1
U3664,2026-01-17,PC,3,2,1
U3664,2026-01-18,Mobile,3,0,0
U3664,2026-01-20,Mobile,4,1,1
U3664,2026-01-21,PC,1,0,0
U3664,2026-01-22,Mobile,5,4,1
U3664,2026-01-23,Mobile,5,2,0
U3664,2026-01-24,PC,3,2,1
U3664,2026-01-25,PC,4,1,3
U3664,2026-01-26,Mobile,5,1,2
U3664,2026-01-27,PC,3,1,0
U3664,2026-01-28,PC,3,1,1
U3665,2026-01-15,Mobile,1,0,1
U3665,2026-01-16,Mobile,2,2,0
U3665,2026-01-17,Mobile,4,0,0
U3665,2026-01-18,PC,2,0,0
U3665,2026-01-19,PC,5,0,1
U3665,2026-01-20,Mobile,2,0,2
U3665,2026-01-21,Mobile,1,0,1
U3665,2026-01-22,Mobile,5,0,2
U3665,2026-01-23,Mobile,1,0,0
U3665,2026-01-24,PC,5,1,2
U3665,2026-01-25,PC,3,0,0
U3665,2026-01-26,Mobile,4,0,3
U3665,2026-01-27,Mobile,4,0,0
U3665,2026-01-28,Mobile,4,1,3
U3666,2026-01-15,PC,1,0,1
U3666,2026-01-16,PC,1,0,0
U3666,2026-01-17,Mobile,1,0,1
U3666,2026-01-18,PC,4,1,2
U3666,2026-01-19,PC,3,0,2
U3666,2026-01-20,PC,4,0,0
U3666,2026-01-21,PC,4,1,2
U3666,2026-01-22,Mobile,1,0,1
U3666,2026-01-23,Mobile,4,0,2
U3666,2026-01-24,Mobile,4,0,1
U3666,2026-01-25,Mobile,2,0,0
U3666,2026-01-26,Mobile,5,1,4
U3666,2026-01-27,Mobile,2,0,0
U3666,2026-01-28,Mobile,5,0,3
U3667,2026-01-15,Mobile,4,0,0
U3667,2026-01-16,Mobile,3,0,0
U3667,2026-01-17,Mobile,2,0,0
U3667,2026-01-18,PC,3,1,1
U3667,2026-01-19,Mobile,4,2,0
U3667,2026-01-20,Mobile,2,2,0
U3667,2026-01-21,PC,4,0,0
U3667,2026-01-22,Mobile,3,0,3
U3667,2026-01-23,Mobile,1,0,0
U3667,2026-01-24,PC,2,0,1
U3667,2026-01-25,PC,2,0,0
U3667,2026-01-26,Mobile,4,2,0
U3667,2026-01-27,Mobile,2,0,0
U3667,2026-01-28,Mobile,4,1,0
U3668,2026-01-15,PC,1,0,0
U3668,2026-01-16,PC,2,0,0
U3668,2026-01-18,Mobile,3,0,0
U3668,2026-01-19,PC,2,0,0
U3668,2026-01-20,PC,4,0,0
U3668,2026-01-21,PC,4,1,2
U3668,2026-01-23,Mobile,2,0,0
U3668,2026-01-24,Mobile,3,1,2
U3668,2026-01-25,PC,5,2,0
U3668,2026-01-26,PC,5,1,2
U3668,2026-01-27,Mobile,3,0,0
U3669,2026-01-15,Mobile,3,0,0
U3669,2026-01-16,Mobile,3,3,0
U3669,2026-01-17,PC,2,0,1
U3669,2026-01-18,Mobile,2,1,1
U3669,2026-01-19,Mobile,1,0,0
U3669,2026-01-20,PC,3,3,0
U3669,2026-01-21,Mobile,4,3,1
U3669,2026-01-22,Mobile,4,0,1
U3669,2026-01-24,Mobile,2,1,0
U3669,2026-01-25,PC,4,0,0
U3669,2026-01-27,Mobile,2,0,0
U3669,2026-01-28,PC,4,1,2
U3670,2026-01-15,Mobile,1,0,1
U3670,2026-01-16,PC,3,2,1
U3670,2026-01-18,Mobile,2,2,0
U3670,2026-01-19,PC,3,0,1
U3670,2026-01-20,PC,4,0,1
U3670,2026-01-21,Mobile,5,1,2
U3670,2026-01-22,Mobile,4,0,1
U3670,2026-01-23,Mobile,1,0,0
U3670,2026-01-24,Mobile,1,0,1
U3670,2026-01-25,Mobile,3,1,1
U3670,2026-01-26,Mobile,2,1,1
U3670,2026-01-27,PC,2,0,2
U3671,2026-01-15,PC,5,1,3
U3671,2026-01-16,Mobile,5,0,1
U3671,2026-01-17,Mobile,4,1,0
U3671,2026-01-18,Mobile,3,1,2
U3671,2026-01-19,PC,5,1,3
U3671,2026-01-20,PC,5,2,2
U3671,2026-01-21,Mobile,5,0,2
U3671,2026-01-23,PC,2,0,0
U3671,2026-01-24,Mobile,1,0,1
U3671,2026-01-25,PC,3,0,0
U3671,2026-01-26,Mobile,2,0,0
U3671,2026-01-27,PC,5,0,4
U3671,2026-01-28,Mobile,4,2,2
U3672,2026-01-15,PC,4,1,3
U3672,2026-01-16,Mobile,5,0,1
U3672,2026-01-18,PC,4,1,3
U3672,2026-01-19,Mobile,5,0,0
U3672,2026-01-20,Mobile,2,0,1
U3672,2026-01-21,PC,1,1,0
U3672,2026-01-22,Mobile,2,1,0
U3672,2026-01-23,PC,3,2,0
U3672,2026-01-24,PC,3,0,2
U3672,2026-01-25,Mobile,4,0,0
U3672,2026-01-26,PC,5,4,0
U3672,2026-01-27,Mobile,3,1,2
U3672,2026-01-28,Mobile,5,1,3
U3673,2026-01-15,Mobile,4,0,4
U3673,2026-01-16,PC,1,1,0
U3673,2026-01-17,Mobile,5,1,3
U3673,2026-01-18,PC,4,1,2
U3673,2026-01-19,PC,4,0,4
U3673,2026-01-21,PC,1,0,0
U3673,2026-01-22,Mobile,3,0,1
U3673,2026-01-23,PC,5,1,4
U3673,2026-01-24,Mobile,2,0,0
U3673,2026-01-25,Mobile,2,0,2
U3673,2026-01-26,PC,3,0,2
U3673,2026-01-27,Mobile,4,0,0
U3673,2026-01-28,PC,1,0,1
U3674,2026-01-15,Mobile,3,2,0
U3674,2026-01-17,PC,3,1,0
U3674,2026-01-18,Mobile,1,0,0
U3674,2026-01-19,Mobile,2,1,0
U3674,2026-01-21,Mobile,3,2,1
U3674,2026-01-22,PC,3,2,1
U3674,2026-01-23,Mobile,5,2,1
U3674,2026-01-26,Mobile,1,0,1
U3674,2026-01-27,Mobile,5,2,0
U3674,2026-01-28,Mobile,1,1,0
U3675,2026-01-15,Mobile,1,0,1
U3675,2026-01-16,PC,2,0,0
U3675,2026-01-17,Mobile,2,0,1
U3675,2026-01-19,PC,4,0,0
U3675,2026-01-21,PC,3,1,2
U3675,2026-01-22,Mobile,5,0,1
U3675,2026-01-23,Mobile,3,0,3
U3675,2026-01-24,PC,2,0,0
U3675,2026-01-25,PC,3,1,0
U3675,2026-01-26,Mobile,3,0,1
U3675,2026-01-27,Mobile,3,0,1
U3675,2026-01-28,Mobile,4,1,2
U3676,2026-01-15,Mobile,1,0,1
U3676,2026-01-16,Mobile,5,0,1
U3676,2026-01-17,Mobile,2,0,0
U3676,2026-01-18,Mobile,2,0,0
U3676,2026-01-19,PC,2,0,1
U3676,2026-01-20,Mobile,1,0,1
U3676,2026-01-21,Mobile,2,0,0
U3676,2026-01-22,Mobile,2,0,1
U3676,2026-01-23,PC,2,0,2
U3676,2026-01-24,PC,1,0,1
U3676,2026-01-27,Mobile,1,0,1
U3676,2026-01-28,PC,1,0,0
U3677,2026-01-15,Mobile,3,0,0
U3677,2026-01-16,Mobile,5,0,1
U3677,2026-01-17,PC,1,0,1
U3677,2026-01-18,PC,3,1,2
U3677,2026-01-19,PC,2,1,1
U3677,2026-01-20,Mobile,3,3,0
U3677,2026-01-21,PC,2,0,2
U3677,2026-01-22,Mobile,3,0,1
U3677,2026-01-23,Mobile,5,0,1
U3677,2026-01-24,Mobile,5,0,0
U3677,2026-01-25,PC,2,0,0
U3677,2026-01-26,Mobile,1,0,1
U3677,2026-01-28,Mobile,2,0,0
U3678,2026-01-15,PC,3,0,1
U3678,2026-01-16,PC,2,0,1
U3678,2026-01-17,PC,4,0,0
U3678,2026-01-18,PC,3,0,0
U3678,2026-01-19,Mobile,2,1,0
U3678,2026-01-20,PC,1,0,1
U3678,2026-01-21,Mobile,3,0,1
U3678,2026-01-22,PC,2,1,1
U3678,2026-01-23,Mobile,5,2,3
U3678,2026-01-26,PC,5,0,0
U3678,2026-01-27,PC,4,0,2
U3678,2026-01-28,PC,4,0,3
U3679,2026-01-15,Mobile,2,1,0
U3679,2026-01-16,Mobile,2,0,0
U3679,2026-01-17,PC,3,0,2
U3679,2026-01-18,PC,3,2,1
U3679,2026-01-19,PC,3,0,0
U3679,2026-01-20,PC,1,0,0
U3679,2026-01-21,Mobile,4,1,3
U3679,2026-01-22,PC,4,0,0
U3679,2026-01-23,Mobile,2,1,0
U3679,2026-01-25,PC,2,0,2
U3679,2026-01-26,Mobile,2,0,0
U3680,2026-01-16,PC,3,0,2
U3680,2026-01-17,Mobile,3,0,1
U3680,2026-01-18,Mobile,3,1,1
U3680,2026-01-19,Mobile,1,1,0
U3680,2026-01-20,PC,2,0,2
U3680,2026-01-22,Mobile,2,0,2
U3680,2026-01-23,Mobile,2,0,1
U3680,2026-01-25,PC,2,0,0
U3680,2026-01-26,Mobile,3,1,2
U3680,2026-01-28,Mobile,2,0,2
U3681,2026-01-15,Mobile,5,1,0
U3681,2026-01-16,Mobile,5,2,0
U3681,2026-01-17,PC,2,2,0
U3681,2026-01-19,Mobile,1,1,0
U3681,2026-01-20,Mobile,3,0,0
U3681,2026-01-21,Mobile,3,0,0
U3681,2026-01-22,Mobile,2,0,1
U3681,2026-01-23,Mobile,5,2,2
U3681,2026-01-24,PC,3,2,0
U3681,2026-01-25,Mobile,4,0,0
U3681,2026-01-26,PC,1,0,1
U3681,2026-01-27,Mobile,1,1,0
U3681,2026-01-28,PC,2,0,2
U3682,2026-01-15,PC,5,1,1
U3682,2026-01-16,PC,2,2,0
U3682,2026-01-17,PC,1,1,0
U3682,2026-01-18,PC,1,0,0
U3682,2026-01-19,Mobile,3,0,1
U3682,2026-01-20,PC,4,0,0
U3682,2026-01-21,Mobile,2,1,0
U3682,2026-01-23,PC,5,0,1
U3682,2026-01-24,PC,1,0,0
U3682,2026-01-25,PC,3,0,0
U3682,2026-01-27,Mobile,4,1,1
U3682,2026-01-28,PC,2,0,1
U3683,2026-01-15,Mobile,2,0,1
U3683,2026-01-16,Mobile,2,1,1
U3683,2026-01-17,Mobile,5,1,0
U3683,2026-01-18,Mobile,2,0,0
U3683,2026-01-19,PC,2,2,0
U3683,2026-01-20,PC,5,2,2
U3683,2026-01-21,Mobile,2,0,0
U3683,2026-01-22,PC,3,0,0
U3683,2026-01-23,PC,5,2,3
U3683,2026-01-25,Mobile,1,0,0
U3683,2026-01-26,PC,3,0,0
U3683,2026-01-27,Mobile,3,1,1
U3683,2026-01-28,Mobile,2,0,0
U3684,2026-01-15,Mobile,3,2,1
U3684,2026-01-16,PC,3,0,0
U3684,2026-01-17,PC,1,0,1
U3684,2026-01-18,Mobile,2,0,0
U3684,2026-01-20,PC,1,0,1
U3684,2026-01-21,Mobile,3,1,2
U3684,2026-01-22,Mobile,4,0,0
U3684,2026-01-23,PC,2,0,2
U3684,2026-01-24,Mobile,5,0,1
U3684,2026-01-25,Mobile,2,0,1
U3684,2026-01-26,PC,3,0,2
U3684,2026-01-27,PC,1,0,1
U3684,2026-01-28,PC,2,0,0
U3685,2026-01-15,PC,2,0,1
U3685,2026-01-16,Mobile,2,0,2
U3685,2026-01-18,Mobile,3,1,0
U3685,2026-01-19,Mobile,1,0,0
U3685,2026-01-20,Mobile,2,0,0
U3685,2026-01-21,Mobile,2,1,1
U3685,2026-01-22,Mobile,2,1,1
U3685,2026-01-24,PC,1,0,1
U3685,2026-01-25,Mobile,5,0,1
U3685,2026-01-26,Mobile,1,0,0
U3685,2026-01-27,PC,2,0,1
U3685,2026-01-28,PC,1,0,1
U3686,2026-01-15,Mobile,1,0,0
U3686,2026-01-16,PC,4,2,0
U3686,2026-01-17,PC,3,0,0
U3686,2026-01-18,Mobile,2,0,0
U3686,2026-01-19,Mobile,4,0,1
U3686,2026-01-20,Mobile,1,1,0
U3686,2026-01-22,PC,4,0,1
U3686,2026-01-23,PC,4,0,4
U3686,2026-01-24,PC,1,1,0
U3686,2026-01-25,PC,3,1,1
U3686,2026-01-26,Mobile,2,0,0
U3686,2026-01-27,PC,1,0,1
U3687,2026-01-15,PC,3,1,2
U3687,2026-01-16,Mobile,2,2,0
U3687,2026-01-17,Mobile,5,0,2
U3687,2026-01-18,PC,5,2,1
U3687,2026-01-19,Mobile,2,1,1
U3687,2026-01-20,Mobile,2,0,2
U3687,2026-01-21,PC,3,1,1
U3687,2026-01-22,PC,4,2,1
U3687,2026-01-23,PC,1,1,0
U3687,2026-01-24,Mobile,5,1,0
U3687,2026-01-25,Mobile,1,0,0
U3687,2026-01-27,PC,5,2,0
U3687,2026-01-28,Mobile,1,0,0
U3688,2026-01-15,Mobile,4,0,0
U3688,2026-01-16,Mobile,1,0,1
U3688,2026-01-17,Mobile,3,0,0
U3688,2026-01-18,PC,2,0,1
U3688,2026-01-20,PC,3,0,1
U3688,2026-01-21,Mobile,2,1,1
U3688,2026-01-22,PC,4,1,1
U3688,2026-01-23,PC,5,1,4
U3688,2026-01-24,Mobile,5,3,2
U3688,2026-01-25,PC,3,0,1
U3688,2026-01-26,PC,1,0,1
U3688,2026-01-27,Mobile,2,2,0
U3688,2026-01-28,PC,1,1,0
U3689,2026-01-15,PC,3,0,1
U3689,2026-01-17,Mobile,1,0,0
U3689,2026-01-18,Mobile,3,0,3
U3689,2026-01-19,Mobile,2,1,0
U3689,2026-01-20,PC,3,0,1
U3689,2026-01-22,PC,1,0,1
U3689,2026-01-23,PC,4,3,1
U3689,2026-01-24,Mobile,5,0,0
U3689,2026-01-25,PC,4,1,2
U3689,2026-01-26,PC,4,0,0
U3689,2026-01-27,Mobile,3,0,1
U3689,2026-01-28,PC,3,0,2
U3690,2026-01-15,Mobile,1,0,0
U3690,2026-01-16,Mobile,2,0,2
U3690,2026-01-17,Mobile,1,0,0
U3690,2026-01-18,PC,1,0,0
U3690,2026-01-19,Mobile,4,0,1
U3690,2026-01-20,PC,1,0,1
U3690,2026-01-21,Mobile,1,0,1
U3690,2026-01-22,Mobile,1,0,1
U3690,2026-01-23,Mobile,3,1,1
U3690,2026-01-24,PC,4,0,1
U3690,2026-01-26,PC,4,0,0
U3690,2026-01-28,Mobile,5,0,0
U3691,2026-01-15,Mobile,4,0,1
U3691,2026-01-16,PC,2,0,2
U3691,2026-01-17,PC,5,2,3
U3691,2026-01-18,Mobile,3,0,0
U3691,2026-01-20,Mobile,2,0,2
U3691,2026-01-21,PC,3,2,0
U3691,2026-01-22,Mobile,1,0,0
U3691,2026-01-23,Mobile,4,1,1
U3691,2026-01-24,Mobile,1,0,0
U3691,2026-01-25,Mobile,1,0,0
U3691,2026-01-26,PC,5,1,1
U3691,2026-01-27,Mobile,5,0,4
U3691,2026-01-28,PC,4,1,1
U3692,2026-01-15,PC,4,0,0
U3692,2026-01-16,Mobile,1,0,0
U3692,2026-01-17,PC,4,0,2
U3692,2026-01-18,Mobile,2,0,0
U3692,2026-01-19,PC,1,0,0
U3692,2026-01-20,Mobile,2,1,1
U3692,2026-01-21,PC,2,1,1
U3692,2026-01-22,Mobile,3,1,1
U3692,2026-01-23,Mobile,4,0,1
U3692,2026-01-24,Mobile,1,0,0
U3692,2026-01-25,Mobile,5,0,4
U3692,2026-01-26,PC,3,1,2
U3692,2026-01-27,Mobile,5,1,3
U3692,2026-01-28,Mobile,5,1,0
U3693,2026-01-15,Mobile,1,0,1
U3693,2026-01-16,PC,3,0,3
U3693,2026-01-17,PC,3,0,0
U3693,2026-01-18,PC,5,0,0
U3693,2026-01-19,Mobile,3,0,0
U3693,2026-01-20,PC,3,1,2
U3693,2026-01-21,Mobile,5,0,0
U3693,2026-01-22,Mobile,5,2,2
U3693,2026-01-23,PC,3,0,1
U3693,2026-01-24,PC,5,1,2
U3693,2026-01-25,Mobile,2,0,1
U3693,2026-01-26,Mobile,4,0,1
U3693,2026-01-27,Mobile,3,1,0
U3693,2026-01-28,Mobile,4,0,0
U3694,2026-01-15,Mobile,2,0,1
U3694,2026-01-16,Mobile,4,0,2
U3694,2026-01-17,Mobile,4,1,1
U3694,2026-01-18,Mobile,1,0,0
U3694,2026-01-19,Mobile,1,0,1
U3694,2026-01-20,Mobile,5,0,1
U3694,2026-01-21,Mobile,5,0,5
U3694,2026-01-22,Mobile,2,0,1
U3694,2026-01-23,PC,2,1,1
U3694,2026-01-24,PC,3,0,1
U3694,2026-01-25,Mobile,4,0,0
U3694,2026-01-27,Mobile,4,0,0
U3694,2026-01-28,Mobile,4,1,1
U3695,2026-01-15,Mobile,2,0,0
U3695,2026-01-16,Mobile,2,1,0
U3695,2026-01-17,PC,4,2,1
U3695,2026-01-18,PC,1,0,0
U3695,2026-01-19,Mobile,2,2,0
U3695,2026-01-20,PC,5,1,0
U3695,2026-01-22,Mobile,4,0,1
U3695,2026-01-23,Mobile,4,0,1
U3695,2026-01-24,Mobile,2,1,1
U3695,2026-01-25,Mobile,4,2,1
U3695,2026-01-26,PC,5,3,0
U3695,2026-01-28,Mobile,2,0,1
U3696,2026-01-15,Mobile,2,2,0
U3696,2026-01-16,PC,5,0,0
U3696,2026-01-17,PC,5,0,1
U3696,2026-01-18,PC,2,0,0
U3696,2026-01-19,Mobile,5,0,1
U3696,2026-01-20,PC,2,0,0
U3696,2026-01-21,PC,3,2,1
U3696,2026-01-22,Mobile,1,0,1
U3696,2026-01-23,Mobile,1,0,0
U3696,2026-01-24,Mobile,4,0,0
U3696,2026-01-25,Mobile,2,1,1
U3696,2026-01-26,PC,3,0,0
U3696,2026-01-27,Mobile,4,1,1
U3696,2026-01-28,Mobile,5,0,3
U3697,2026-01-15,PC,5,2,3
U3697,2026-01-16,Mobile,2,1,1
U3697,2026-01-17,Mobile,4,1,1
U3697,2026-01-18,Mobile,2,0,0
U3697,2026-01-19,PC,5,0,1
U3697,2026-01-20,PC,1,0,0
U3697,2026-01-21,PC,3,0,3
U3697,2026-01-22,PC,5,1,3
U3697,2026-01-23,Mobile,3,1,1
U3697,2026-01-24,PC,1,0,1
U3697,2026-01-25,PC,2,0,1
U3697,2026-01-27,PC,1,1,0
U3697,2026-01-28,Mobile,4,0,0
U3698,2026-01-16,Mobile,1,0,0
U3698,2026-01-17,Mobile,5,1,4
U3698,2026-01-18,Mobile,1,0,0
U3698,2026-01-19,Mobile,4,1,2
U3698,2026-01-20,Mobile,1,0,1
U3698,2026-01-22,PC,5,0,0
U3698,2026-01-23,PC,1,1,0
U3698,2026-01-24,PC,1,0,0
U3698,2026-01-25,Mobile,1,0,1
U3698,2026-01-26,PC,2,0,0
U3698,2026-01-27,PC,2,1,0
U3699,2026-01-16,Mobile,1,0,1
U3699,2026-01-17,Mobile,5,1,0
U3699,2026-01-18,Mobile,5,3,2
U3699,2026-01-19,PC,4,0,0
U3699,2026-01-20,Mobile,5,0,0
U3699,2026-01-21,PC,3,1,1
U3699,2026-01-22,PC,5,0,0
U3699,2026-01-23,Mobile,2,0,2
U3699,2026-01-24,Mobile,4,2,1
U3699,2026-01-25,Mobile,1,0,1
U3699,2026-01-27,Mobile,3,0,0
U3699,2026-01-28,PC,3,0,3
U3700,2026-01-15,Mobile,3,0,0
U3700,2026-01-17,Mobile,3,0,1
U3700,2026-01-18,Mobile,3,0,1
U3700,2026-01-19,Mobile,5,0,0
U3700,2026-01-20,Mobile,4,1,2
U3700,2026-01-21,PC,3,2,0
U3700,2026-01-22,PC,1,0,0
U3700,2026-01-23,Mobile,3,0,2
U3700,2026-01-24,PC,1,0,1
U3700,2026-01-25,Mobile,1,0,1
U3700,2026-01-26,PC,5,1,1
U3700,2026-01-27,Mobile,5,1,0
U3700,2026-01-28,PC,1,1,0
U3701,2026-01-15,Mobile,4,2,2
U3701,2026-01-16,Mobile,1,0,1
U3701,2026-01-17,Mobile,5,2,0
U3701,2026-01-18,Mobile,2,1,1
U3701,2026-01-20,Mobile,5,0,1
U3701,2026-01-21,PC,4,0,0
U3701,2026-01-22,PC,2,0,1
U3701,2026-01-23,PC,1,0,0
U3701,2026-01-24,PC,5,0,1
U3701,2026-01-25,Mobile,2,0,0
U3701,2026-01-26,PC,1,0,0
U3701,2026-01-27,PC,4,1,1
U3702,2026-01-15,PC,5,2,1
U3702,2026-01-16,PC,4,0,2
U3702,2026-01-17,Mobile,1,0,0
U3702,2026-01-18,Mobile,5,0,0
U3702,2026-01-19,PC,2,0,0
U3702,2026-01-20,Mobile,1,0,0
U3702,2026-01-22,PC,5,1,3
U3702,2026-01-23,Mobile,1,0,0
U3702,2026-01-24,PC,4,0,1
U3702,2026-01-25,Mobile,1,0,0
U3702,2026-01-26,PC,3,1,0
U3702,2026-01-27,PC,3,0,0
U3702,2026-01-28,Mobile,5,1,4
U3703,2026-01-15,PC,2,0,2
U3703,2026-01-16,Mobile,2,0,1
U3703,2026-01-17,Mobile,4,0,0
U3703,2026-01-19,PC,3,0,2
U3703,2026-01-20,PC,2,0,0
U3703,2026-01-21,PC,4,0,0
U3703,2026-01-22,Mobile,5,1,4
U3703,2026-01-23,PC,2,1,0
U3703,2026-01-24,Mobile,1,1,0
U3703,2026-01-25,PC,1,0,1
U3703,2026-01-26,PC,3,0,2
U3703,2026-01-27,Mobile,4,1,0
U3703,2026-01-28,PC,4,0,3
U3704,2026-01-15,Mobile,5,0,0
U3704,2026-01-16,Mobile,2,0,0
U3704,2026-01-17,Mobile,5,2,0
U3704,2026-01-18,Mobile,5,3,2
U3704,2026-01-19,Mobile,4,0,0
U3704,2026-01-20,Mobile,1,0,0
U3704,2026-01-21,PC,1,0,0
U3704,2026-01-22,PC,5,3,2
U3704,2026-01-23,PC,2,0,2
U3704,2026-01-25,Mobile,3,2,1
U3704,2026-01-26,PC,2,1,1
U3704,2026-01-27,Mobile,4,1,0
U3704,2026-01-28,PC,4,1,2
U3705,2026-01-15,PC,2,0,2
U3705,2026-01-16,PC,5,1,4
U3705,2026-01-17,Mobile,3,0,2
U3705,2026-01-18,PC,5,0,2
U3705,2026-01-19,Mobile,5,0,1
U3705,2026-01-20,PC,3,0,1
U3705,2026-01-21,Mobile,4,0,3
U3705,2026-01-22,PC,4,1,3
U3705,2026-01-23,Mobile,4,1,2
U3705,2026-01-26,Mobile,2,0,0
U3705,2026-01-27,PC,1,0,1
U3705,2026-01-28,Mobile,5,0,1
U3706,2026-01-15,PC,5,2,1
U3706,2026-01-16,PC,4,0,4
U3706,2026-01-17,Mobile,2,0,1
U3706,2026-01-18,Mobile,3,0,2
U3706,2026-01-19,Mobile,4,0,3
U3706,2026-01-20,Mobile,2,0,0
U3706,2026-01-22,Mobile,5,0,0
U3706,2026-01-23,PC,2,0,0
U3706,2026-01-25,PC,1,0,0
U3706,2026-01-26,PC,3,0,0
U3706,2026-01-28,Mobile,3,1,2
U3707,2026-01-15,Mobile,2,0,0
U3707,2026-01-18,Mobile,4,1,1
U3707,2026-01-19,Mobile,2,0,2
U3707,2026-01-20,PC,2,1,1
U3707,2026-01-21,Mobile,1,0,1
U3707,2026-01-22,Mobile,3,0,2
U3707,2026-01-23,Mobile,2,0,1
U3707,2026-01-24,Mobile,2,0,1
U3707,2026-01-25,PC,5,0,1
U3707,2026-01-26,Mobile,3,1,2
U3707,2026-01-28,PC,4,1,1
U3708,2026-01-15,PC,1,0,0
U3708,2026-01-17,PC,4,2,0
U3708,2026-01-18,PC,3,1,1
U3708,2026-01-19,PC,4,2,2
U3708,2026-01-20,PC,5,3,2
U3708,2026-01-21,Mobile,1,0,0
U3708,2026-01-22,PC,1,0,0
U3708,2026-01-23,PC,4,2,2
U3708,2026-01-24,Mobile,1,0,0
U3708,2026-01-25,PC,2,0,1
U3708,2026-01-26,Mobile,3,0,0
U3708,2026-01-27,Mobile,2,0,0
U3708,2026-01-28,PC,5,1,2
U3709,2026-01-15,PC,1,0,0
U3709,2026-01-16,Mobile,5,0,1
U3709,2026-01-17,PC,1,0,0
U3709,2026-01-18,Mobile,2,0,2
U3709,2026-01-20,PC,1,1,0
U3709,2026-01-21,PC,4,1,1
U3709,2026-01-22,Mobile,4,0,3
U3709,2026-01-23,Mobile,5,2,3
U3709,2026-01-24,Mobile,5,0,1
U3709,2026-01-25,PC,3,0,3
U3709,2026-01-26,Mobile,4,1,2
U3709,2026-01-27,Mobile,1,0,0
U3709,2026-01-28,PC,5,2,3
U3710,2026-01-15,PC,3,1,2
U3710,2026-01-16,Mobile,5,1,0
U3710,2026-01-19,Mobile,2,0,2
U3710,2026-01-20,Mobile,5,0,0
U3710,2026-01-23,Mobile,5,0,0
U3710,2026-01-24,PC,5,1,2
U3710,2026-01-25,Mobile,1,0,0
U3710,2026-01-26,Mobile,3,0,3
U3710,2026-01-27,PC,2,0,0
U3710,2026-01-28,Mobile,3,1,1
U3711,2026-01-15,PC,3,0,3
U3711,2026-01-16,Mobile,3,2,1
U3711,2026-01-18,Mobile,5,2,1
U3711,2026-01-19,PC,1,1,0
U3711,2026-01-20,Mobile,4,1,2
U3711,2026-01-21,Mobile,4,0,3
U3711,2026-01-23,Mobile,3,0,3
U3711,2026-01-24,PC,2,0,1
U3711,2026-01-25,Mobile,4,0,0
U3711,2026-01-26,Mobile,5,1,0
U3711,2026-01-27,Mobile,2,1,1
U3711,2026-01-28,PC,4,0,4
U3712,2026-01-17,PC,2,0,0
U3712,2026-01-18,PC,3,0,0
U3712,2026-01-19,PC,2,1,0
U3712,2026-01-20,Mobile,4,3,1
U3712,2026-01-22,PC,5,1,2
U3712,2026-01-23,PC,5,1,3
U3712,2026-01-24,Mobile,4,0,0
U3712,2026-01-25,Mobile,4,0,1
U3712,2026-01-26,Mobile,4,0,0
U3712,2026-01-27,PC,2,0,2
U3712,2026-01-28,Mobile,2,0,0
U3713,2026-01-15,Mobile,3,2,1
U3713,2026-01-16,PC,3,0,0
U3713,2026-01-17,Mobile,4,0,2
U3713,2026-01-19,PC,1,0,1
U3713,2026-01-22,PC,4,0,0
U3713,2026-01-23,PC,1,0,0
U3713,2026-01-24,Mobile,3,0,0
U3713,2026-01-25,Mobile,5,1,3
U3713,2026-01-26,Mobile,1,1,0
U3713,2026-01-27,PC,5,0,0
U3713,2026-01-28,Mobile,2,0,0
U3714,2026-01-16,Mobile,1,0,0
U3714,2026-01-17,Mobile,5,0,0
U3714,2026-01-18,Mobile,3,2,1
U3714,2026-01-19,PC,5,0,1
U3714,2026-01-20,PC,1,0,0
U3714,2026-01-21,Mobile,5,0,0
U3714,2026-01-22,Mobile,2,0,1
U3714,2026-01-23,Mobile,2,0,1
U3714,2026-01-24,PC,5,1,0
U3714,2026-01-25,Mobile,5,3,1
U3714,2026-01-26,PC,3,2,1
U3714,2026-01-28,Mobile,3,0,2
U3715,2026-01-15,Mobile,1,0,0
U3715,2026-01-16,PC,5,0,1
U3715,2026-01-17,PC,3,1,0
U3715,2026-01-18,Mobile,3,1,0
U3715,2026-01-20,Mobile,5,1,1
U3715,2026-01-21,Mobile,2,1,1
U3715,2026-01-23,Mobile,1,0,0
U3715,2026-01-25,Mobile,2,0,0
U3715,2026-01-26,Mobile,1,0,1
U3715,2026-01-27,Mobile,5,1,4
U3715,2026-01-28,PC,2,1,1
U3716,2026-01-15,Mobile,2,1,0
U3716,2026-01-16,PC,4,0,0
U3716,2026-01-17,Mobile,2,0,0
U3716,2026-01-18,PC,5,1,0
U3716,2026-01-19,Mobile,5,2,3
U3716,2026-01-20,Mobile,5,0,1
U3716,2026-01-21,Mobile,1,0,0
U3716,2026-01-22,Mobile,4,0,0
U3716,2026-01-24,PC,2,0,0
U3716,2026-01-25,Mobile,1,0,1
U3716,2026-01-26,PC,4,0,1
U3716,2026-01-27,Mobile,4,1,1
U3716,2026-01-28,PC,1,0,0
U3717,2026-01-15,Mobile,1,0,0
U3717,2026-01-16,PC,3,0,0
U3717,2026-01-17,Mobile,4,2,2
U3717,2026-01-18,Mobile,5,1,0
U3717,2026-01-19,Mobile,3,0,2
U3717,2026-01-20,Mobile,5,0,0
U3717,2026-01-21,PC,1,0,0
U3717,2026-01-22,Mobile,2,1,0
U3717,2026-01-23,Mobile,4,1,2
U3717,2026-01-24,Mobile,5,0,5
U3717,2026-01-25,PC,4,0,2
U3717,2026-01-26,Mobile,4,0,3
U3717,2026-01-27,PC,1,0,0
U3717,2026-01-28,PC,2,0,0
U3718,2026-01-15,PC,2,1,1
U3718,2026-01-16,Mobile,1,0,0
U3718,2026-01-17,Mobile,4,0,0
U3718,2026-01-18,Mobile,2,0,0
U3718,2026-01-19,Mobile,2,0,1
U3718,2026-01-20,Mobile,4,0,0
U3718,2026-01-22,Mobile,2,0,0
U3718,2026-01-23,Mobile,3,0,1
U3718,2026-01-24,Mobile,4,1,0
U3718,2026-01-25,PC,1,1,0
U3718,2026-01-28,Mobile,4,1,2
U3719,2026-01-15,Mobile,2,0,0
U3719,2026-01-16,PC,1,0,1
U3719,2026-01-17,Mobile,1,0,0
U3719,2026-01-18,Mobile,4,2,1
U3719,2026-01-19,PC,1,1,0
U3719,2026-01-20,Mobile,3,2,1
U3719,2026-01-21,PC,3,0,1
U3719,2026-01-22,Mobile,3,2,1
U3719,2026-01-23,PC,3,0,3
U3719,2026-01-24,Mobile,4,1,0
U3719,2026-01-26,PC,3,1,2
U3719,2026-01-27,Mobile,4,2,1
U3719,2026-01-28,Mobile,1,1,0
U3720,2026-01-15,Mobile,3,0,0
U3720,2026-01-16,PC,4,2,1
U3720,2026-01-17,Mobile,2,1,1
U3720,2026-01-18,Mobile,4,0,0
U3720,2026-01-19,Mobile,2,1,0
U3720,2026-01-20,Mobile,4,2,0
U3720,2026-01-21,Mobile,1,1,0
U3720,2026-01-22,PC,3,0,0
U3720,2026-01-23,PC,1,1,0
U3720,2026-01-24,PC,3,0,1
U3720,2026-01-25,Mobile,4,3,1
U3720,2026-01-26,PC,1,0,0
U3720,2026-01-27,PC,3,1,2
U3720,2026-01-28,PC,5,2,1
U3721,2026-01-15,PC,2,0,2
U3721,2026-01-16,PC,4,1,3
U3721,2026-01-17,Mobile,4,0,1
U3721,2026-01-18,Mobile,4,0,0
U3721,2026-01-19,PC,5,1,3
U3721,2026-01-20,Mobile,1,0,1
U3721,2026-01-21,PC,4,0,1
U3721,2026-01-22,Mobile,2,0,1
U3721,2026-01-23,PC,2,1,0
U3721,2026-01-24,PC,5,1,2
U3721,2026-01-25,PC,2,0,2
U3721,2026-01-26,Mobile,4,0,3
U3721,2026-01-27,PC,3,1,2
U3721,2026-01-28,Mobile,2,0,1
U3722,2026-01-15,PC,4,0,2
U3722,2026-01-16,Mobile,4,2,2
U3722,2026-01-17,Mobile,3,0,1
U3722,2026-01-18,Mobile,5,1,2
U3722,2026-01-19,Mobile,5,0,0
U3722,2026-01-20,PC,3,0,3
U3722,2026-01-22,PC,2,0,0
U3722,2026-01-23,PC,5,1,1
U3722,2026-01-24,Mobile,5,0,1
U3722,2026-01-25,Mobile,2,0,0
U3722,2026-01-27,Mobile,3,1,2
U3722,2026-01-28,Mobile,1,1,0
U3723,2026-01-15,Mobile,2,1,0
U3723,2026-01-16,PC,3,0,2
U3723,2026-01-17,Mobile,5,0,1
U3723,2026-01-18,PC,2,1,1
U3723,2026-01-19,PC,2,2,0
U3723,2026-01-20,Mobile,1,0,0
U3723,2026-01-21,Mobile,2,0,2
U3723,2026-01-22,Mobile,5,1,2
U3723,2026-01-23,PC,2,0,1
U3723,2026-01-24,Mobile,2,0,1
U3723,2026-01-25,PC,3,0,1
U3723,2026-01-26,Mobile,3,0,1
U3723,2026-01-28,PC,2,0,0
U3724,2026-01-15,PC,5,1,4
U3724,2026-01-16,Mobile,5,1,1
U3724,2026-01-17,Mobile,4,0,0
U3724,2026-01-18,Mobile,4,1,1
U3724,2026-01-19,Mobile,1,0,1
U3724,2026-01-20,PC,1,1,0
U3724,2026-01-21,Mobile,1,0,1
U3724,2026-01-22,PC,4,2,1
U3724,2026-01-23,Mobile,2,0,2
U3724,2026-01-24,Mobile,5,1,2
U3724,2026-01-25,PC,2,1,1
U3724,2026-01-26,Mobile,4,1,1
U3724,2026-01-27,PC,2,0,2
U3724,2026-01-28,PC,3,0,1
U3725,2026-01-15,Mobile,2,0,0
U3725,2026-01-17,Mobile,5,2,2
U3725,2026-01-18,PC,2,1,0
U3725,2026-01-19,Mobile,1,0,0
U3725,2026-01-20,PC,1,1,0
U3725,2026-01-21,PC,5,2,1
U3725,2026-01-22,Mobile,2,1,0
U3725,2026-01-23,Mobile,4,0,0
U3725,2026-01-24,Mobile,2,0,0
U3725,2026-01-25,Mobile,4,1,0
U3725,2026-01-26,Mobile,4,0,4
U3725,2026-01-27,Mobile,5,2,1
U3725,2026-01-28,PC,5,0,1
U3726,2026-01-15,Mobile,5,1,2
U3726,2026-01-16,Mobile,2,0,1
U3726,2026-01-17,Mobile,2,0,1
U3726,2026-01-18,Mobile,2,0,0
U3726,2026-01-19,PC,2,0,2
U3726,2026-01-20,PC,4,1,2
U3726,2026-01-21,Mobile,3,0,3
U3726,2026-01-22,PC,5,1,3
U3726,2026-01-23,Mobile,3,0,0
U3726,2026-01-24,Mobile,4,1,3
U3726,2026-01-25,PC,5,0,2
U3726,2026-01-26,PC,3,0,1
U3726,2026-01-27,Mobile,1,0,0
U3726,2026-01-28,PC,2,0,2
U3727,2026-01-15,Mobile,2,0,0
U3727,2026-01-16,Mobile,5,0,1
U3727,2026-01-17,Mobile,5,0,1
U3727,2026-01-18,Mobile,4,3,0
U3727,2026-01-19,Mobile,3,2,0
U3727,2026-01-20,Mobile,1,1,0
U3727,2026-01-21,PC,3,2,1
U3727,2026-01-22,Mobile,1,0,0
U3727,2026-01-23,Mobile,5,2,3
U3727,2026-01-24,Mobile,1,1,0
U3727,2026-01-25,Mobile,5,0,2
U3727,2026-01-27,Mobile,2,0,0
U3727,2026-01-28,PC,1,1,0
U3728,2026-01-15,Mobile,3,1,2
U3728,2026-01-17,Mobile,5,0,3
U3728,2026-01-18,Mobile,3,1,2
U3728,2026-01-20,Mobile,4,1,1
U3728,2026-01-21,PC,1,0,1
U3728,2026-01-22,Mobile,3,0,0
U3728,2026-01-24,Mobile,5,1,0
U3728,2026-01-25,Mobile,1,1,0
U3728,2026-01-26,PC,5,2,1
U3728,2026-01-27,Mobile,4,0,4
U3729,2026-01-15,Mobile,4,0,0
U3729,2026-01-16,PC,1,1,0
U3729,2026-01-17,PC,2,0,0
U3729,2026-01-18,Mobile,1,1,0
U3729,2026-01-19,Mobile,5,0,0
U3729,2026-01-20,Mobile,3,0,0
U3729,2026-01-22,Mobile,5,3,2
U3729,2026-01-23,Mobile,3,1,2
U3729,2026-01-25,PC,1,0,1
U3729,2026-01-27,PC,3,0,0
U3729,2026-01-28,PC,4,1,0
U3730,2026-01-15,Mobile,4,0,1
U3730,2026-01-16,Mobile,2,0,0
U3730,2026-01-17,PC,1,0,0
U3730,2026-01-19,Mobile,2,1,0
U3730,2026-01-20,Mobile,4,0,1
U3730,2026-01-21,Mobile,2,0,0
U3730,2026-01-22,PC,3,1,0
U3730,2026-01-23,PC,1,0,1
U3730,2026-01-24,Mobile,1,0,0
U3730,2026-01-25,PC,3,0,0
U3730,2026-01-26,Mobile,5,0,4
U3730,2026-01-27,Mobile,2,0,0
U3730,2026-01-28,Mobile,3,2,1
U3731,2026-01-15,Mobile,1,0,0
U3731,2026-01-16,Mobile,1,0,0
U3731,2026-01-17,PC,1,0,0
U3731,2026-01-18,Mobile,4,0,0
U3731,2026-01-19,Mobile,4,2,0
U3731,2026-01-20,PC,4,0,1
U3731,2026-01-21,Mobile,2,0,1
U3731,2026-01-22,Mobile,2,0,0
U3731,2026-01-24,Mobile,4,1,0
U3731,2026-01-25,Mobile,1,0,0
U3731,2026-01-26,Mobile,5,2,1
U3731,2026-01-27,PC,3,0,0
U3731,2026-01-28,PC,5,1,2
U3732,2026-01-15,PC,3,0,0
U3732,2026-01-16,Mobile,4,2,0
U3732,2026-01-17,Mobile,2,1,1
U3732,2026-01-18,Mobile,5,1,3
U3732,2026-01-19,PC,5,0,5
U3732,2026-01-21,PC,3,1,2
U3732,2026-01-22,Mobile,5,0,1
U3732,2026-01-23,PC,5,2,2
U3732,2026-01-24,Mobile,5,1,0
U3732,2026-01-26,Mobile,1,0,1
U3732,2026-01-27,Mobile,2,0,0
U3732,2026-01-28,PC,4,0,0
U3733,2026-01-15,PC,5,4,0
U3733,2026-01-16,Mobile,5,0,2
U3733,2026-01-17,PC,2,1,0
U3733,2026-01-18,Mobile,2,0,0
U3733,2026-01-19,Mobile,5,0,0
U3733,2026-01-20,Mobile,4,2,2
U3733,2026-01-21,PC,4,1,1
U3733,2026-01-22,PC,3,0,0
U3733,2026-01-23,PC,4,0,0
U3733,2026-01-24,Mobile,3,0,0
U3733,2026-01-25,Mobile,4,2,0
U3733,2026-01-26,PC,4,0,0
U3733,2026-01-27,PC,1,0,1
U3733,2026-01-28,Mobile,2,1,0
U3734,2026-01-15,Mobile,1,0,0
U3734,2026-01-16,Mobile,3,1,1
U3734,2026-01-17,Mobile,3,0,0
U3734,2026-01-18,PC,1,0,1
U3734,2026-01-19,Mobile,1,1,0
U3734,2026-01-20,Mobile,2,0,1
U3734,2026-01-21,PC,1,0,0
U3734,2026-01-22,PC,3,1,0
U3734,2026-01-24,Mobile,5,0,0
U3734,2026-01-25,Mobile,5,0,1
U3734,2026-01-26,Mobile,3,0,0
U3734,2026-01-27,Mobile,5,0,2
U3734,2026-01-28,Mobile,2,1,0
U3735,2026-01-15,Mobile,5,0,2
U3735,2026-01-16,Mobile,3,0,2
U3735,2026-01-17,Mobile,4,0,2
U3735,2026-01-19,Mobile,1,0,1
U3735,2026-01-20,Mobile,5,1,2
U3735,2026-01-21,Mobile,5,1,0
U3735,2026-01-22,PC,5,3,0
U3735,2026-01-23,Mobile,2,0,2
U3735,2026-01-26,Mobile,5,2,3
U3735,2026-01-27,Mobile,2,0,2
U3736,2026-01-15,Mobile,1,0,0
U3736,2026-01-16,Mobile,5,0,3
U3736,2026-01-17,Mobile,1,1,0
U3736,2026-01-18,Mobile,1,0,0
U3736,2026-01-21,Mobile,5,0,3
U3736,2026-01-22,Mobile,4,0,1
U3736,2026-01-24,Mobile,1,0,1
U3736,2026-01-25,Mobile,4,1,1
U3736,2026-01-26,Mobile,3,0,1
U3736,2026-01-27,Mobile,1,0,1
U3736,2026-01-28,PC,2,0,2
U3737,2026-01-15,PC,4,1,1
U3737,2026-01-16,PC,5,2,2
U3737,2026-01-17,PC,4,0,0
U3737,2026-01-18,PC,4,1,1
U3737,2026-01-19,Mobile,4,1,3
U3737,2026-01-20,Mobile,4,0,0
U3737,2026-01-21,Mobile,5,0,2
U3737,2026-01-22,Mobile,4,2,0
U3737,2026-01-23,Mobile,1,0,0
U3737,2026-01-24,PC,3,2,1
U3737,2026-01-25,Mobile,2,0,0
U3737,2026-01-26,PC,4,2,0
U3737,2026-01-28,Mobile,2,0,0
U3738,2026-01-15,PC,2,0,1
U3738,2026-01-16,PC,4,1,1
U3738,2026-01-17,Mobile,5,0,3
U3738,2026-01-18,Mobile,2,0,0
U3738,2026-01-19,PC,2,0,0
U3738,2026-01-20,Mobile,5,2,2
U3738,2026-01-21,Mobile,2,1,1
U3738,2026-01-22,PC,2,0,0
U3738,2026-01-23,Mobile,1,0,1
U3738,2026-01-24,PC,1,1,0
U3738,2026-01-26,Mobile,4,2,1
U3738,2026-01-28,Mobile,3,0,1
U3739,2026-01-15,PC,1,0,1
U3739,2026-01-16,PC,3,0,1
U3739,2026-01-17,Mobile,5,0,0
U3739,2026-01-18,Mobile,1,0,1
U3739,2026-01-19,Mobile,1,1,0
U3739,2026-01-20,Mobile,3,0,0
U3739,2026-01-21,Mobile,3,2,0
U3739,2026-01-22,Mobile,3,2,0
U3739,2026-01-23,PC,5,0,0
U3739,2026-01-24,PC,1,1,0
U3739,2026-01-25,Mobile,1,0,0
U3739,2026-01-26,Mobile,4,3,0
U3739,2026-01-27,Mobile,1,0,1
U3739,2026-01-28,PC,1,1,0
U3740,2026-01-15,Mobile,5,3,0
U3740,2026-01-16,Mobile,5,3,0
U3740,2026-01-17,Mobile,3,1,2
U3740,2026-01-18,Mobile,1,0,0
U3740,2026-01-19,Mobile,4,0,0
U3740,2026-01-20,Mobile,2,1,0
U3740,2026-01-22,PC,4,0,4
U3740,2026-01-23,Mobile,1,1,0
U3740,2026-01-24,Mobile,1,0,1
U3740,2026-01-25,Mobile,4,2,0
U3740,2026-01-26,Mobile,3,0,0
U3740,2026-01-27,PC,1,0,0
U3740,2026-01-28,PC,3,2,0
U3741,2026-01-15,Mobile,4,3,1
U3741,2026-01-16,PC,4,3,1
U3741,2026-01-17,Mobile,4,1,3
U3741,2026-01-18,PC,2,0,1
U3741,2026-01-19,Mobile,5,3,1
U3741,2026-01-20,Mobile,1,0,0
U3741,2026-01-21,PC,2,2,0
U3741,2026-01-22,Mobile,3,0,1
U3741,2026-01-23,PC,3,1,1
U3741,2026-01-24,PC,2,0,1
U3741,2026-01-25,PC,5,3,1
U3741,2026-01-26,Mobile,4,1,2
U3741,2026-01-27,Mobile,5,1,0
U3741,2026-01-28,Mobile,1,0,0
U3742,2026-01-16,Mobile,1,0,0
U3742,2026-01-18,PC,2,0,0
U3742,2026-01-19,Mobile,3,1,2
U3742,2026-01-20,Mobile,5,1,3
U3742,2026-01-22,PC,1,0,1
U3742,2026-01-23,PC,5,3,2
U3742,2026-01-24,Mobile,3,0,0
U3742,2026-01-25,Mobile,3,0,2
U3742,2026-01-26,Mobile,5,1,1
U3742,2026-01-27,Mobile,3,1,1
U3742,2026-01-28,PC,5,1,0
U3743,2026-01-15,Mobile,3,1,0
U3743,2026-01-16,Mobile,5,0,0
U3743,2026-01-18,Mobile,5,1,0
U3743,2026-01-19,PC,4,0,0
U3743,2026-01-20,PC,4,1,2
U3743,2026-01-21,Mobile,2,1,0
U3743,2026-01-22,PC,3,2,1
U3743,2026-01-23,Mobile,4,1,2
U3743,2026-01-24,PC,1,0,0
U3743,2026-01-25,Mobile,3,1,0
U3743,2026-01-26,Mobile,3,0,0
U3743,2026-01-27,Mobile,5,2,3
U3743,2026-01-28,Mobile,5,4,1
U3744,2026-01-15,Mobile,3,2,0
U3744,2026-01-16,PC,1,0,0
U3744,2026-01-17,PC,2,1,0
U3744,2026-01-18,Mobile,4,2,1
U3744,2026-01-19,PC,2,0,1
U3744,2026-01-20,Mobile,4,1,0
U3744,2026-01-21,PC,3,0,0
U3744,2026-01-22,PC,2,1,0
U3744,2026-01-23,Mobile,4,0,4
U3744,2026-01-24,Mobile,5,1,2
U3744,2026-01-25,Mobile,4,1,3
U3744,2026-01-26,Mobile,5,0,0
U3744,2026-01-27,Mobile,3,1,0
U3744,2026-01-28,Mobile,3,0,0
U3745,2026-01-15,Mobile,5,1,1
U3745,2026-01-16,Mobile,5,0,0
U3745,2026-01-17,Mobile,5,1,4
U3745,2026-01-18,Mobile,4,1,1
U3745,2026-01-19,PC,4,1,3
U3745,2026-01-20,Mobile,2,0,1
U3745,2026-01-21,PC,2,0,1
U3745,2026-01-22,PC,4,0,1
U3745,2026-01-23,Mobile,1,0,0
U3745,2026-01-24,PC,5,0,0
U3745,2026-01-25,Mobile,2,0,0
U3745,2026-01-27,PC,2,1,0
U3745,2026-01-28,Mobile,5,3,1
U3746,2026-01-15,PC,2,0,2
U3746,2026-01-16,Mobile,5,2,1
U3746,2026-01-17,PC,4,0,3
U3746,2026-01-18,Mobile,3,1,1
U3746,2026-01-19,PC,4,1,0
U3746,2026-01-20,Mobile,2,2,0
U3746,2026-01-21,PC,5,0,0
U3746,2026-01-22,Mobile,3,2,1
U3746,2026-01-23,PC,4,0,0
U3746,2026-01-24,PC,3,0,0
U3746,2026-01-25,Mobile,1,1,0
U3746,2026-01-26,Mobile,5,1,0
U3746,2026-01-27,PC,1,0,0
U3746,2026-01-28,Mobile,2,0,0
U3747,2026-01-15,Mobile,2,1,1
U3747,2026-01-16,Mobile,5,4,1
U3747,2026-01-17,Mobile,4,1,3
U3747,2026-01-19,PC,2,0,0
U3747,2026-01-20,PC,4,0,0
U3747,2026-01-21,Mobile,5,1,1
U3747,2026-01-22,Mobile,2,0,2
U3747,2026-01-23,Mobile,1,0,1
U3747,2026-01-24,Mobile,4,2,2
U3747,2026-01-25,PC,1,0,1
U3747,2026-01-27,Mobile,5,0,3
U3747,2026-01-28,PC,5,0,0
U3748,2026-01-15,Mobile,4,1,3
U3748,2026-01-16,PC,5,0,0
U3748,2026-01-17,PC,3,0,1
U3748,2026-01-18,Mobile,1,1,0
U3748,2026-01-19,Mobile,1,0,0
U3748,2026-01-20,PC,4,3,1
U3748,2026-01-21,PC,5,1,2
U3748,2026-01-22,Mobile,1,0,0
U3748,2026-01-23,Mobile,1,1,0
U3748,2026-01-24,Mobile,2,0,0
U3748,2026-01-25,Mobile,5,4,0
U3748,2026-01-26,PC,3,0,0
U3748,2026-01-27,PC,4,0,2
U3748,2026-01-28,PC,3,1,0
U3749,2026-01-15,PC,2,2,0
U3749,2026-01-17,PC,2,2,0
U3749,2026-01-18,PC,4,4,0
U3749,2026-01-19,Mobile,4,0,0
U3749,2026-01-20,Mobile,1,0,1
U3749,2026-01-21,Mobile,2,1,0
U3749,2026-01-22,PC,3,1,0
U3749,2026-01-23,Mobile,1,0,1
U3749,2026-01-24,Mobile,1,1,0
U3749,2026-01-25,Mobile,4,3,0
U3749,2026-01-26,Mobile,3,2,0
U3749,2026-01-27,PC,5,0,1
U3749,2026-01-28,Mobile,3,0,1
U3750,2026-01-15,Mobile,3,0,2
U3750,2026-01-16,PC,3,0,3
U3750,2026-01-17,Mobile,4,0,3
U3750,2026-01-18,Mobile,4,2,2
U3750,2026-01-19,Mobile,4,0,3
U3750,2026-01-21,Mobile,1,0,0
U3750,2026-01-22,PC,4,1,2
U3750,2026-01-24,Mobile,1,0,1
U3750,2026-01-25,Mobile,5,2,3
U3750,2026-01-26,Mobile,5,1,2
U3750,2026-01-27,PC,4,0,4
U3750,2026-01-28,PC,5,0,3
U3751,2026-01-15,PC,2,0,0
U3751,2026-01-16,Mobile,5,0,0
U3751,2026-01-17,Mobile,3,0,1
U3751,2026-01-18,PC,2,0,0
U3751,2026-01-19,PC,2,0,0
U3751,2026-01-20,PC,1,0,1
U3751,2026-01-21,PC,5,2,2
U3751,2026-01-24,Mobile,3,0,2
U3751,2026-01-25,Mobile,2,0,0
U3751,2026-01-27,Mobile,5,1,2
U3751,2026-01-28,PC,2,0,2
U3752,2026-01-15,Mobile,3,1,1
U3752,2026-01-16,Mobile,4,1,1
U3752,2026-01-17,PC,1,0,0
U3752,2026-01-18,Mobile,3,0,1
U3752,2026-01-19,Mobile,4,1,3
U3752,2026-01-21,Mobile,5,2,1
U3752,2026-01-22,Mobile,1,0,0
U3752,2026-01-23,Mobile,2,0,0
U3752,2026-01-24,Mobile,3,1,1
U3752,2026-01-26,PC,5,1,1
U3752,2026-01-27,PC,1,1,0
U3752,2026-01-28,Mobile,2,1,0
U3753,2026-01-15,Mobile,2,0,1
U3753,2026-01-16,Mobile,1,1,0
U3753,2026-01-17,PC,4,1,3
U3753,2026-01-20,Mobile,4,0,3
U3753,2026-01-21,Mobile,1,0,0
U3753,2026-01-22,Mobile,2,0,1
U3753,2026-01-24,Mobile,3,1,2
U3753,2026-01-25,Mobile,5,1,1
U3753,2026-01-26,PC,2,0,0
U3753,2026-01-28,Mobile,2,0,1
U3754,2026-01-15,PC,3,1,1
U3754,2026-01-16,Mobile,5,1,0
U3754,2026-01-17,Mobile,4,0,0
U3754,2026-01-18,Mobile,4,0,0
U3754,2026-01-19,Mobile,2,0,0
U3754,2026-01-21,Mobile,3,0,2
U3754,2026-01-22,PC,5,0,0
U3754,2026-01-23,Mobile,1,0,0
U3754,2026-01-24,PC,3,2,0
U3754,2026-01-25,Mobile,3,2,0
U3754,2026-01-26,PC,1,0,0
U3754,2026-01-27,Mobile,2,1,0
U3754,2026-01-28,Mobile,3,1,2
U3755,2026-01-15,Mobile,2,0,0
U3755,2026-01-16,PC,2,0,1
U3755,2026-01-17,PC,3,1,2
U3755,2026-01-19,Mobile,2,0,1
U3755,2026-01-20,Mobile,5,0,0
U3755,2026-01-23,PC,3,1,1
U3755,2026-01-24,Mobile,1,0,1
U3755,2026-01-25,PC,3,0,0
U3755,2026-01-27,PC,5,0,4
U3755,2026-01-28,Mobile,1,0,1
U3756,2026-01-15,Mobile,4,1,1
U3756,2026-01-17,PC,2,0,0
U3756,2026-01-18,Mobile,3,1,1
U3756,2026-01-19,Mobile,5,0,0
U3756,2026-01-20,PC,1,0,0
U3756,2026-01-21,Mobile,4,0,3
U3756,2026-01-22,PC,1,1,0
U3756,2026-01-24,Mobile,1,1,0
U3756,2026-01-25,Mobile,3,2,1
U3756,2026-01-26,Mobile,4,2,1
U3756,2026-01-27,Mobile,4,4,0
U3756,2026-01-28,Mobile,5,2,2
U3757,2026-01-15,PC,4,1,2
U3757,2026-01-17,Mobile,2,0,1
U3757,2026-01-18,Mobile,2,0,0
U3757,2026-01-19,Mobile,2,0,0
U3757,2026-01-20,PC,4,1,2
U3757,2026-01-21,Mobile,3,0,0
U3757,2026-01-23,PC,2,0,0
U3757,2026-01-25,Mobile,2,1,0
U3757,2026-01-26,PC,5,0,2
U3757,2026-01-27,Mobile,2,1,1
U3757,2026-01-28,PC,3,0,1
U3758,2026-01-15,Mobile,5,2,2
U3758,2026-01-16,Mobile,2,1,0
U3758,2026-01-17,Mobile,1,0,1
U3758,2026-01-18,PC,3,1,1
U3758,2026-01-19,PC,4,1,1
U3758,2026-01-20,Mobile,4,0,0
U3758,2026-01-21,PC,2,1,1
U3758,2026-01-22,Mobile,1,1,0
U3758,2026-01-23,PC,2,0,0
U3758,2026-01-25,Mobile,2,0,1
U3758,2026-01-26,PC,4,2,2
U3758,2026-01-27,Mobile,2,0,0
U3758,2026-01-28,PC,2,1,0
U3759,2026-01-15,PC,2,1,0
U3759,2026-01-16,PC,4,1,1
U3759,2026-01-17,PC,3,0,1
U3759,2026-01-18,Mobile,2,0,2
U3759,2026-01-19,Mobile,5,0,3
U3759,2026-01-20,Mobile,3,2,1
U3759,2026-01-21,Mobile,2,0,1
U3759,2026-01-22,PC,3,0,0
U3759,2026-01-23,Mobile,4,3,0
U3759,2026-01-24,Mobile,5,0,0
U3759,2026-01-25,Mobile,4,0,0
U3759,2026-01-26,Mobile,2,0,0
U3759,2026-01-27,Mobile,2,0,1
U3759,2026-01-28,Mobile,1,0,0
U3760,2026-01-15,PC,3,0,1
U3760,2026-01-16,PC,3,0,3
U3760,2026-01-17,Mobile,1,1,0
U3760,2026-01-18,PC,3,0,3
U3760,2026-01-20,PC,3,0,0
U3760,2026-01-21,Mobile,5,0,2
U3760,2026-01-22,Mobile,4,0,2
U3760,2026-01-23,PC,4,0,1
U3760,2026-01-24,Mobile,2,0,1
U3760,2026-01-25,Mobile,1,0,1
U3760,2026-01-26,PC,5,0,2
U3760,2026-01-27,Mobile,1,0,0
U3760,2026-01-28,PC,2,0,0
U3761,2026-01-15,Mobile,3,1,2
U3761,2026-01-16,PC,4,3,1
U3761,2026-01-17,Mobile,2,0,1
U3761,2026-01-19,Mobile,2,1,1
U3761,2026-01-20,PC,3,0,0
U3761,2026-01-21,Mobile,3,1,1
U3761,2026-01-22,Mobile,1,0,0
U3761,2026-01-23,Mobile,4,0,0
U3761,2026-01-24,Mobile,5,1,1
U3761,2026-01-25,Mobile,3,1,1
U3761,2026-01-26,Mobile,1,0,1
U3761,2026-01-27,PC,4,1,0
U3761,2026-01-28,Mobile,3,1,0
U3762,2026-01-15,Mobile,1,0,1
U3762,2026-01-16,Mobile,5,0,1
U3762,2026-01-17,Mobile,4,0,0
U3762,2026-01-18,PC,2,1,0
U3762,2026-01-19,PC,2,0,1
U3762,2026-01-20,Mobile,1,0,1
U3762,2026-01-21,Mobile,1,0,0
U3762,2026-01-22,Mobile,1,0,0
U3762,2026-01-24,Mobile,2,0,0
U3762,2026-01-25,PC,3,0,0
U3762,2026-01-26,Mobile,3,0,0
U3762,2026-01-27,Mobile,4,0,0
U3762,2026-01-28,PC,2,0,1
U3763,2026-01-15,Mobile,4,1,1
U3763,2026-01-16,Mobile,2,1,0
U3763,2026-01-17,Mobile,5,5,0
U3763,2026-01-18,PC,4,3,1
U3763,2026-01-19,Mobile,5,1,1
U3763,2026-01-20,PC,4,1,1
U3763,2026-01-21,PC,3,0,1
U3763,2026-01-22,Mobile,5,0,2
U3763,2026-01-23,PC,1,1,0
U3763,2026-01-25,Mobile,1,1,0
U3763,2026-01-27,PC,1,0,0
U3763,2026-01-28,PC,3,0,0
U3764,2026-01-15,Mobile,5,2,2
U3764,2026-01-17,PC,4,2,2
U3764,2026-01-18,PC,4,3,0
U3764,2026-01-19,Mobile,5,1,0
U3764,2026-01-20,PC,3,1,2
U3764,2026-01-21,PC,5,1,2
U3764,2026-01-22,Mobile,4,0,1
U3764,2026-01-23,PC,1,1,0
U3764,2026-01-24,Mobile,5,0,2
U3764,2026-01-26,Mobile,1,0,0
U3764,2026-01-28,Mobile,5,2,1
U3765,2026-01-15,PC,5,3,0
U3765,2026-01-16,PC,3,1,2
U3765,2026-01-17,Mobile,3,2,0
U3765,2026-01-18,PC,4,2,2
U3765,2026-01-19,PC,1,0,0
U3765,2026-01-20,PC,5,3,1
U3765,2026-01-21,Mobile,5,4,1
U3765,2026-01-22,Mobile,5,4,0
U3765,2026-01-23,Mobile,1,0,0
U3765,2026-01-24,PC,1,0,1
U3765,2026-01-25,Mobile,1,0,0
U3765,2026-01-26,Mobile,3,0,0
U3765,2026-01-27,Mobile,4,2,2
U3765,2026-01-28,PC,5,2,0
U3766,2026-01-15,Mobile,1,0,0
U3766,2026-01-16,Mobile,4,2,0
U3766,2026-01-17,PC,2,1,1
U3766,2026-01-18,Mobile,5,3,0
U3766,2026-01-19,Mobile,2,0,0
U3766,2026-01-20,Mobile,2,0,1
U3766,2026-01-21,PC,3,1,2
U3766,2026-01-22,PC,3,0,0
U3766,2026-01-25,PC,2,1,0
U3766,2026-01-26,PC,3,2,0
U3766,2026-01-28,PC,5,1,2
U3767,2026-01-15,Mobile,4,0,0
U3767,2026-01-16,PC,1,1,0
U3767,2026-01-18,PC,4,0,1
U3767,2026-01-19,Mobile,5,1,3
U3767,2026-01-20,Mobile,3,0,0
U3767,2026-01-21,PC,4,0,1
U3767,2026-01-22,Mobile,2,2,0
U3767,2026-01-23,PC,3,0,2
U3767,2026-01-24,Mobile,1,0,1
U3767,2026-01-25,PC,4,1,0
U3767,2026-01-26,PC,1,0,0
U3767,2026-01-28,PC,2,2,0
U3768,2026-01-15,Mobile,1,1,0
U3768,2026-01-16,PC,1,0,0
U3768,2026-01-17,Mobile,3,1,2
U3768,2026-01-18,PC,3,1,1
U3768,2026-01-19,Mobile,4,1,0
U3768,2026-01-20,Mobile,4,2,1
U3768,2026-01-21,Mobile,1,0,0
U3768,2026-01-22,Mobile,4,1,3
U3768,2026-01-23,PC,3,0,0
U3768,2026-01-24,PC,2,0,0
U3768,2026-01-25,PC,5,1,4
U3768,2026-01-26,Mobile,4,1,0
U3768,2026-01-28,Mobile,2,0,0
U3769,2026-01-15,Mobile,5,0,2
U3769,2026-01-16,PC,5,0,1
U3769,2026-01-17,Mobile,4,0,2
U3769,2026-01-18,Mobile,4,2,0
U3769,2026-01-19,Mobile,3,0,1
U3769,2026-01-20,Mobile,3,0,0
U3769,2026-01-21,Mobile,5,1,1
U3769,2026-01-22,Mobile,2,0,1
U3769,2026-01-24,Mobile,2,0,0
U3769,2026-01-25,PC,1,0,0
U3769,2026-01-26,PC,2,1,1
U3769,2026-01-27,Mobile,4,4,0
U3769,2026-01-28,Mobile,4,0,0
U3770,2026-01-15,PC,1,0,0
U3770,2026-01-16,PC,3,3,0
U3770,2026-01-17,Mobile,3,1,2
U3770,2026-01-18,Mobile,4,1,2
U3770,2026-01-19,Mobile,3,2,1
U3770,2026-01-20,PC,4,0,0
U3770,2026-01-21,PC,5,1,1
U3770,2026-01-22,PC,5,0,0
U3770,2026-01-23,Mobile,5,2,2
U3770,2026-01-24,PC,1,0,1
U3770,2026-01-25,Mobile,3,0,1
U3770,2026-01-26,Mobile,5,3,2
U3770,2026-01-27,Mobile,5,1,0
U3770,2026-01-28,Mobile,5,2,0
U3771,2026-01-15,Mobile,2,2,0
U3771,2026-01-16,Mobile,2,1,1
U3771,2026-01-17,Mobile,5,0,0
U3771,2026-01-18,Mobile,3,1,1
U3771,2026-01-19,Mobile,1,0,0
U3771,2026-01-21,PC,4,1,0
U3771,2026-01-23,Mobile,5,1,1
U3771,2026-01-24,PC,5,0,0
U3771,2026-01-25,PC,1,0,0
U3771,2026-01-26,Mobile,4,1,2
U3771,2026-01-27,Mobile,5,0,0
U3771,2026-01-28,PC,5,0,0
U3772,2026-01-15,Mobile,4,0,0
U3772,2026-01-16,Mobile,2,0,2
U3772,2026-01-17,Mobile,5,0,0
U3772,2026-01-18,Mobile,4,0,0
U3772,2026-01-19,Mobile,5,0,0
U3772,2026-01-20,PC,2,1,0
U3772,2026-01-21,PC,2,1,0
U3772,2026-01-22,PC,3,2,0
U3772,2026-01-23,Mobile,2,0,1
U3772,2026-01-24,PC,1,0,0
U3772,2026-01-25,Mobile,3,1,0
U3772,2026-01-26,PC,2,1,1
U3772,2026-01-27,PC,4,2,2
U3772,2026-01-28,Mobile,2,1,0
U3773,2026-01-15,Mobile,2,0,0
U3773,2026-01-16,PC,5,2,3
U3773,2026-01-17,Mobile,1,0,1
U3773,2026-01-18,Mobile,3,1,1
U3773,2026-01-21,PC,1,0,1
U3773,2026-01-22,PC,1,0,0
U3773,2026-01-23,Mobile,3,1,0
U3773,2026-01-24,Mobile,4,2,2
U3773,2026-01-25,PC,5,2,1
U3773,2026-01-26,Mobile,1,0,0
U3773,2026-01-27,Mobile,3,1,1
U3773,2026-01-28,Mobile,4,0,0
U3774,2026-01-15,PC,4,1,1
U3774,2026-01-16,PC,1,0,0
U3774,2026-01-17,PC,4,2,2
U3774,2026-01-18,PC,3,0,0
U3774,2026-01-20,PC,5,0,1
U3774,2026-01-21,Mobile,5,1,1
U3774,2026-01-23,Mobile,5,0,0
U3774,2026-01-24,PC,2,0,0
U3774,2026-01-25,Mobile,5,3,2
U3774,2026-01-26,PC,5,4,1
U3774,2026-01-27,Mobile,1,0,0
U3775,2026-01-15,Mobile,3,0,0
U3775,2026-01-16,Mobile,5,4,1
U3775,2026-01-17,PC,3,0,1
U3775,2026-01-18,PC,5,3,1
U3775,2026-01-20,Mobile,5,2,3
U3775,2026-01-21,Mobile,4,2,2
U3775,2026-01-22,PC,2,0,0
U3775,2026-01-23,Mobile,4,3,1
U3775,2026-01-25,Mobile,5,0,0
U3775,2026-01-26,Mobile,1,0,0
U3775,2026-01-27,PC,2,0,0
U3775,2026-01-28,Mobile,4,2,0
U3776,2026-01-16,Mobile,2,0,1
U3776,2026-01-17,Mobile,4,0,1
U3776,2026-01-18,Mobile,2,0,1
U3776,2026-01-19,PC,4,0,3
U3776,2026-01-20,Mobile,2,0,2
U3776,2026-01-21,Mobile,1,0,0
U3776,2026-01-22,Mobile,3,1,0
U3776,2026-01-23,PC,5,0,4
U3776,2026-01-24,Mobile,4,0,1
U3776,2026-01-25,PC,2,0,0
U3776,2026-01-26,Mobile,5,2,3
U3776,2026-01-27,PC,1,0,1
U3776,2026-01-28,Mobile,2,0,1
U3777,2026-01-15,Mobile,1,1,0
U3777,2026-01-16,PC,5,1,4
U3777,2026-01-17,PC,5,1,4
U3777,2026-01-18,Mobile,1,0,1
U3777,2026-01-20,Mobile,3,2,0
U3777,2026-01-22,Mobile,2,0,1
U3777,2026-01-23,PC,3,0,2
U3777,2026-01-24,Mobile,1,0,1
U3777,2026-01-25,Mobile,2,0,0
U3777,2026-01-26,PC,4,2,1
U3777,2026-01-27,Mobile,3,0,0
U3777,2026-01-28,PC,4,0,4
U3778,2026-01-15,PC,2,0,1
U3778,2026-01-16,Mobile,2,0,0
U3778,2026-01-17,PC,3,0,0
U3778,2026-01-18,PC,4,0,0
U3778,2026-01-19,PC,1,1,0
U3778,2026-01-20,Mobile,2,0,1
U3778,2026-01-21,PC,3,0,0
U3778,2026-01-22,Mobile,5,2,0
U3778,2026-01-23,PC,1,0,0
U3778,2026-01-24,Mobile,5,3,2
U3778,2026-01-25,PC,3,3,0
U3778,2026-01-26,Mobile,4,0,0
U3778,2026-01-27,Mobile,4,2,0
U3779,2026-01-15,Mobile,5,0,0
U3779,2026-01-17,Mobile,4,2,1
U3779,2026-01-18,PC,1,0,0
U3779,2026-01-19,PC,5,0,0
U3779,2026-01-20,PC,2,1,1
U3779,2026-01-21,Mobile,1,0,1
U3779,2026-01-22,PC,5,1,3
U3779,2026-01-23,PC,5,1,4
U3779,2026-01-24,PC,3,1,1
U3779,2026-01-25,Mobile,2,0,1
U3779,2026-01-26,PC,5,1,2
U3779,2026-01-27,Mobile,1,1,0
U3779,2026-01-28,Mobile,1,0,1
U3780,2026-01-15,Mobile,1,0,1
U3780,2026-01-16,Mobile,1,0,0
U3780,2026-01-17,PC,5,0,4
U3780,2026-01-18,Mobile,1,0,0
U3780,2026-01-19,PC,5,2,3
U3780,2026-01-20,PC,5,1,2
U3780,2026-01-21,Mobile,3,1,2
U3780,2026-01-22,Mobile,1,0,1
U3780,2026-01-23,Mobile,5,3,1
U3780,2026-01-24,PC,2,0,0
U3780,2026-01-25,PC,1,0,1
U3780,2026-01-26,Mobile,4,1,2
U3780,2026-01-27,Mobile,4,1,1
U3780,2026-01-28,PC,3,1,2
U3781,2026-01-15,PC,4,0,2
U3781,2026-01-16,Mobile,1,0,0
U3781,2026-01-17,Mobile,5,2,1
U3781,2026-01-18,Mobile,5,0,1
U3781,2026-01-20,PC,4,1,2
U3781,2026-01-22,Mobile,2,1,1
U3781,2026-01-23,Mobile,1,0,1
U3781,2026-01-24,Mobile,1,0,0
U3781,2026-01-25,Mobile,4,1,3
U3781,2026-01-26,Mobile,1,1,0
U3781,2026-01-28,Mobile,5,0,0
U3782,2026-01-15,Mobile,5,0,2
U3782,2026-01-16,Mobile,5,3,2
U3782,2026-01-17,Mobile,5,0,2
U3782,2026-01-18,PC,5,3,1
U3782,2026-01-19,Mobile,4,0,2
U3782,2026-01-20,PC,3,2,1
U3782,2026-01-21,Mobile,3,0,2
U3782,2026-01-23,Mobile,4,2,0
U3782,2026-01-24,Mobile,2,1,1
U3782,2026-01-25,Mobile,4,0,1
U3783,2026-01-15,Mobile,4,1,2
U3783,2026-01-16,Mobile,5,3,2
U3783,2026-01-17,Mobile,2,0,0
U3783,2026-01-18,Mobile,4,0,3
U3783,2026-01-20,PC,2,0,0
U3783,2026-01-21,Mobile,5,0,2
U3783,2026-01-22,PC,2,0,0
U3783,2026-01-23,Mobile,5,0,2
U3783,2026-01-24,PC,5,1,4
U3783,2026-01-25,Mobile,3,0,0
U3783,2026-01-26,Mobile,2,0,2
U3783,2026-01-27,Mobile,2,0,2
U3783,2026-01-28,PC,1,0,0
U3784,2026-01-15,PC,4,2,2
U3784,2026-01-16,Mobile,2,2,0
U3784,2026-01-18,Mobile,5,1,3
U3784,2026-01-19,Mobile,4,0,0
U3784,2026-01-20,PC,4,0,0
U3784,2026-01-21,PC,2,0,1
U3784,2026-01-22,Mobile,4,0,0
U3784,2026-01-23,PC,2,0,0
U3784,2026-01-24,Mobile,5,0,2
U3784,2026-01-25,PC,4,1,1
U3784,2026-01-26,Mobile,1,0,0
U3784,2026-01-27,PC,1,0,1
U3784,2026-01-28,PC,1,0,1
U3785,2026-01-15,Mobile,3,1,2
U3785,2026-01-16,Mobile,2,0,2
U3785,2026-01-17,PC,1,0,1
U3785,2026-01-18,PC,3,1,1
U3785,2026-01-19,PC,5,1,1
U3785,2026-01-20,Mobile,2,1,1
U3785,2026-01-21,PC,4,0,4
U3785,2026-01-22,Mobile,5,2,2
U3785,2026-01-23,PC,3,0,2
U3785,2026-01-24,PC,1,0,1
U3785,2026-01-25,Mobile,4,0,1
U3785,2026-01-27,Mobile,1,0,1
U3785,2026-01-28,Mobile,5,0,3
U3786,2026-01-15,Mobile,1,1,0
U3786,2026-01-18,PC,5,1,1
U3786,2026-01-20,Mobile,3,3,0
U3786,2026-01-21,Mobile,5,1,1
U3786,2026-01-22,Mobile,5,5,0
U3786,2026-01-23,Mobile,1,1,0
U3786,2026-01-24,Mobile,5,4,1
U3786,2026-01-25,Mobile,3,2,1
U3786,2026-01-26,PC,2,1,1
U3786,2026-01-28,Mobile,5,4,1
U3787,2026-01-15,PC,2,0,2
U3787,2026-01-17,PC,4,0,0
U3787,2026-01-18,Mobile,5,2,1
U3787,2026-01-19,PC,5,0,3
U3787,2026-01-20,PC,3,1,0
U3787,2026-01-22,Mobile,3,0,2
U3787,2026-01-23,PC,2,0,0
U3787,2026-01-24,PC,5,1,2
U3787,2026-01-25,PC,1,0,1
U3787,2026-01-26,PC,5,1,2
U3787,2026-01-27,PC,4,1,2
U3787,2026-01-28,Mobile,4,0,0
U3788,2026-01-15,Mobile,4,0,0
U3788,2026-01-16,Mobile,5,0,3
U3788,2026-01-17,Mobile,3,2,1
U3788,2026-01-18,PC,4,0,0
U3788,2026-01-19,PC,1,0,1
U3788,2026-01-20,PC,3,1,0
U3788,2026-01-21,PC,3,0,0
U3788,2026-01-22,PC,4,0,4
U3788,2026-01-23,Mobile,3,0,1
U3788,2026-01-24,Mobile,2,0,2
U3788,2026-01-25,Mobile,4,0,2
U3788,2026-01-26,PC,2,0,0
U3788,2026-01-27,PC,3,0,1
U3788,2026-01-28,PC,3,1,1
U3789,2026-01-15,Mobile,4,2,0
U3789,2026-01-17,Mobile,3,0,3
U3789,2026-01-18,Mobile,1,0,1
U3789,2026-01-19,PC,1,0,1
U3789,2026-01-20,Mobile,1,1,0
U3789,2026-01-21,Mobile,5,1,1
U3789,2026-01-22,PC,2,2,0
U3789,2026-01-23,Mobile,3,2,1
U3789,2026-01-24,Mobile,4,0,2
U3789,2026-01-25,PC,1,1,0
U3789,2026-01-26,Mobile,2,1,0
U3789,2026-01-27,PC,1,0,0
U3789,2026-01-28,PC,5,3,1
U3790,2026-01-15,Mobile,1,1,0
U3790,2026-01-16,PC,2,0,2
U3790,2026-01-17,PC,2,0,0
U3790,2026-01-18,Mobile,4,2,0
U3790,2026-01-19,PC,2,0,2
U3790,2026-01-20,PC,3,1,0
U3790,2026-01-21,Mobile,3,1,2
U3790,2026-01-23,Mobile,3,0,0
U3790,2026-01-24,Mobile,1,0,1
U3790,2026-01-25,PC,2,1,1
U3790,2026-01-26,Mobile,2,0,1
U3790,2026-01-27,PC,5,1,3
U3790,2026-01-28,PC,5,3,0
U3791,2026-01-15,Mobile,1,0,1
U3791,2026-01-16,Mobile,2,0,2
U3791,2026-01-17,PC,4,3,0
U3791,2026-01-18,Mobile,3,2,0
U3791,2026-01-19,Mobile,4,0,0
U3791,2026-01-20,PC,5,2,2
U3791,2026-01-21,Mobile,4,1,3
U3791,2026-01-22,Mobile,3,0,1
U3791,2026-01-23,PC,1,1,0
U3791,2026-01-24,Mobile,2,0,0
U3791,2026-01-25,PC,4,0,4
U3791,2026-01-26,PC,2,0,2
U3791,2026-01-27,Mobile,3,0,2
U3791,2026-01-28,Mobile,4,0,2
U3792,2026-01-15,Mobile,5,0,2
U3792,2026-01-17,Mobile,3,1,0
U3792,2026-01-19,Mobile,1,1,0
U3792,2026-01-20,Mobile,3,0,1
U3792,2026-01-22,PC,5,0,1
U3792,2026-01-23,PC,3,0,0
U3792,2026-01-24,PC,5,0,1
U3792,2026-01-25,PC,5,0,0
U3792,2026-01-26,Mobile,4,0,0
U3792,2026-01-28,PC,3,1,2
U3793,2026-01-15,Mobile,3,2,1
U3793,2026-01-16,Mobile,3,1,1
U3793,2026-01-17,Mobile,4,0,3
U3793,2026-01-18,Mobile,2,1,0
U3793,2026-01-19,Mobile,1,0,1
U3793,2026-01-20,Mobile,5,0,1
U3793,2026-01-21,Mobile,4,0,0
U3793,2026-01-22,Mobile,4,1,2
U3793,2026-01-23,PC,4,0,2
U3793,2026-01-24,Mobile,4,0,2
U3793,2026-01-25,Mobile,1,0,0
U3793,2026-01-27,Mobile,3,0,2
U3793,2026-01-28,Mobile,3,0,1
U3794,2026-01-15,PC,1,0,0
U3794,2026-01-16,Mobile,2,0,0
U3794,2026-01-18,PC,3,0,1
U3794,2026-01-19,PC,3,2,0
U3794,2026-01-20,PC,2,0,0
U3794,2026-01-21,PC,5,0,3
U3794,2026-01-22,PC,3,1,0
U3794,2026-01-23,PC,3,2,1
U3794,2026-01-24,Mobile,5,4,1
U3794,2026-01-25,Mobile,4,0,0
U3794,2026-01-27,Mobile,2,0,2
U3795,2026-01-15,Mobile,4,1,2
U3795,2026-01-17,PC,2,0,1
U3795,2026-01-18,Mobile,2,0,2
U3795,2026-01-19,PC,3,0,3
U3795,2026-01-20,PC,1,0,0
U3795,2026-01-21,PC,3,0,0
U3795,2026-01-22,Mobile,4,0,0
U3795,2026-01-23,PC,1,0,0
U3795,2026-01-24,Mobile,4,2,2
U3795,2026-01-25,Mobile,4,0,1
U3795,2026-01-26,Mobile,4,1,3
U3795,2026-01-27,Mobile,3,0,0
U3795,2026-01-28,Mobile,4,1,3
U3796,2026-01-15,Mobile,2,0,0
U3796,2026-01-17,Mobile,5,1,2
U3796,2026-01-18,PC,4,0,3
U3796,2026-01-19,PC,4,0,0
U3796,2026-01-20,PC,5,0,1
U3796,2026-01-21,PC,4,1,2
U3796,2026-01-22,Mobile,5,0,5
U3796,2026-01-23,Mobile,3,0,1
U3796,2026-01-25,PC,5,1,1
U3796,2026-01-26,PC,5,0,3
U3796,2026-01-28,PC,5,2,1
U3797,2026-01-15,Mobile,4,0,0
U3797,2026-01-16,PC,3,2,1
U3797,2026-01-17,Mobile,1,0,0
U3797,2026-01-18,Mobile,1,0,0
U3797,2026-01-20,Mobile,4,1,0
U3797,2026-01-21,PC,5,2,2
U3797,2026-01-22,Mobile,2,0,0
U3797,2026-01-23,PC,2,0,0
U3797,2026-01-24,Mobile,2,1,0
U3797,2026-01-25,PC,5,1,3
U3797,2026-01-26,Mobile,4,0,0
U3797,2026-01-28,Mobile,5,3,2
U3798,2026-01-15,PC,3,0,3
U3798,2026-01-16,Mobile,3,0,2
U3798,2026-01-17,PC,3,0,2
U3798,2026-01-18,Mobile,3,0,1
U3798,2026-01-19,PC,2,0,0
U3798,2026-01-21,PC,3,0,3
U3798,2026-01-22,Mobile,2,0,1
U3798,2026-01-23,Mobile,3,1,2
U3798,2026-01-24,Mobile,4,0,2
U3798,2026-01-25,Mobile,1,0,0
U3798,2026-01-26,PC,4,2,1
U3798,2026-01-27,PC,2,0,0
U3798,2026-01-28,PC,1,0,1
U3799,2026-01-15,PC,1,0,0
U3799,2026-01-16,Mobile,5,2,0
U3799,2026-01-17,Mobile,5,0,2
U3799,2026-01-18,PC,5,1,1
U3799,2026-01-19,PC,2,0,1
U3799,2026-01-20,Mobile,5,2,2
U3799,2026-01-21,Mobile,1,0,0
U3799,2026-01-22,PC,5,1,0
U3799,2026-01-23,PC,2,2,0
U3799,2026-01-24,Mobile,4,1,1
U3799,2026-01-25,Mobile,5,2,1
U3799,2026-01-26,PC,2,0,0
U3799,2026-01-27,Mobile,3,0,1
U3799,2026-01-28,PC,4,2,1
U3800,2026-01-15,Mobile,5,1,1
U3800,2026-01-16,PC,3,0,0
U3800,2026-01-18,PC,4,0,1
U3800,2026-01-19,Mobile,5,2,1
U3800,2026-01-20,Mobile,5,2,1
U3800,2026-01-21,PC,3,1,1
U3800,2026-01-22,PC,2,0,0
U3800,2026-01-23,Mobile,3,0,3
U3800,2026-01-24,PC,4,0,2
U3800,2026-01-25,PC,3,0,2
U3800,2026-01-26,Mobile,5,0,1
U3800,2026-01-27,Mobile,4,1,2
U3800,2026-01-28,PC,5,1,0
U3801,2026-01-15,Mobile,3,0,1
U3801,2026-01-16,PC,5,0,0
U3801,2026-01-17,PC,1,1,0
U3801,2026-01-18,PC,4,0,0
U3801,2026-01-20,Mobile,5,0,0
U3801,2026-01-22,Mobile,1,0,0
U3801,2026-01-23,PC,5,1,3
U3801,2026-01-24,PC,4,0,2
U3801,2026-01-25,Mobile,4,1,2
U3801,2026-01-26,Mobile,1,0,1
U3801,2026-01-27,PC,1,0,1
U3801,2026-01-28,PC,4,0,0
U3802,2026-01-15,Mobile,4,0,1
U3802,2026-01-16,PC,2,0,0
U3802,2026-01-17,PC,1,0,0
U3802,2026-01-18,PC,3,1,2
U3802,2026-01-19,Mobile,4,2,0
U3802,2026-01-20,PC,4,1,3
U3802,2026-01-21,Mobile,3,0,0
U3802,2026-01-22,Mobile,2,0,0
U3802,2026-01-23,Mobile,4,2,2
U3802,2026-01-24,PC,5,2,2
U3802,2026-01-26,Mobile,3,0,1
U3802,2026-01-27,Mobile,2,0,0
U3803,2026-01-15,PC,4,0,0
U3803,2026-01-17,Mobile,3,0,2
U3803,2026-01-18,PC,2,0,0
U3803,2026-01-19,Mobile,4,0,2
U3803,2026-01-22,Mobile,4,0,0
U3803,2026-01-23,PC,5,2,1
U3803,2026-01-24,PC,1,1,0
U3803,2026-01-25,Mobile,3,1,1
U3803,2026-01-26,Mobile,5,0,4
U3803,2026-01-27,Mobile,3,0,2
U3803,2026-01-28,PC,2,0,0
U3804,2026-01-15,Mobile,4,0,1
U3804,2026-01-16,Mobile,1,0,1
U3804,2026-01-17,Mobile,5,0,4
U3804,2026-01-18,Mobile,3,1,2
U3804,2026-01-19,Mobile,3,1,0
U3804,2026-01-20,Mobile,2,1,0
U3804,2026-01-21,Mobile,5,2,3
U3804,2026-01-22,Mobile,3,0,3
U3804,2026-01-23,Mobile,3,1,1
U3804,2026-01-24,Mobile,5,1,4
U3804,2026-01-25,Mobile,3,0,3
U3804,2026-01-27,Mobile,2,0,0
U3804,2026-01-28,Mobile,5,0,3
U3805,2026-01-15,Mobile,1,0,0
U3805,2026-01-16,PC,5,1,4
U3805,2026-01-17,PC,1,1,0
U3805,2026-01-18,PC,1,0,1
U3805,2026-01-19,Mobile,3,0,0
U3805,2026-01-20,Mobile,1,0,1
U3805,2026-01-21,Mobile,3,0,1
U3805,2026-01-22,Mobile,4,0,1
U3805,2026-01-23,Mobile,4,1,1
U3805,2026-01-24,PC,5,0,2
U3805,2026-01-25,Mobile,2,0,1
U3805,2026-01-26,Mobile,2,0,1
U3805,2026-01-27,Mobile,1,0,0
U3805,2026-01-28,PC,4,1,2
U3806,2026-01-15,Mobile,4,0,0
U3806,2026-01-16,PC,3,0,0
U3806,2026-01-17,PC,1,0,0
U3806,2026-01-18,Mobile,5,1,3
U3806,2026-01-19,Mobile,5,0,1
U3806,2026-01-20,Mobile,1,0,0
U3806,2026-01-21,PC,2,0,0
U3806,2026-01-22,Mobile,1,0,0
U3806,2026-01-23,Mobile,2,0,1
U3806,2026-01-24,Mobile,3,0,0
U3806,2026-01-25,PC,5,3,1
U3806,2026-01-27,Mobile,5,2,2
U3806,2026-01-28,Mobile,2,1,1
U3807,2026-01-15,PC,3,0,1
U3807,2026-01-16,Mobile,5,0,4
U3807,2026-01-17,Mobile,5,1,4
U3807,2026-01-18,PC,3,0,1
U3807,2026-01-20,Mobile,2,0,1
U3807,2026-01-22,PC,4,1,3
U3807,2026-01-23,PC,1,0,0
U3807,2026-01-24,PC,4,0,2
U3807,2026-01-25,Mobile,1,0,1
U3807,2026-01-26,Mobile,3,0,2
U3807,2026-01-27,PC,1,0,0
U3807,2026-01-28,Mobile,3,0,1
U3808,2026-01-15,Mobile,5,2,2
U3808,2026-01-16,Mobile,1,0,1
U3808,2026-01-17,Mobile,4,0,2
U3808,2026-01-18,Mobile,5,0,4
U3808,2026-01-19,PC,2,0,2
U3808,2026-01-20,Mobile,2,1,1
U3808,2026-01-21,PC,4,0,0
U3808,2026-01-22,Mobile,1,1,0
U3808,2026-01-23,Mobile,4,0,3
U3808,2026-01-24,Mobile,3,0,0
U3808,2026-01-25,PC,5,1,2
U3808,2026-01-26,PC,5,1,2
U3808,2026-01-27,PC,1,0,0
U3808,2026-01-28,Mobile,2,0,0
U3809,2026-01-15,Mobile,2,0,0
U3809,2026-01-16,PC,3,1,2
U3809,2026-01-18,PC,1,0,0
U3809,2026-01-19,PC,2,2,0
U3809,2026-01-21,PC,2,1,0
U3809,2026-01-22,Mobile,4,1,1
U3809,2026-01-23,Mobile,4,0,2
U3809,2026-01-24,Mobile,2,0,0
U3809,2026-01-25,PC,2,0,1
U3809,2026-01-26,Mobile,1,0,0
U3809,2026-01-27,Mobile,1,0,0
U3809,2026-01-28,Mobile,5,1,3
U3810,2026-01-15,Mobile,5,3,2
U3810,2026-01-16,Mobile,3,1,2
U3810,2026-01-17,Mobile,5,3,1
U3810,2026-01-19,PC,1,0,0
U3810,2026-01-20,Mobile,3,1,2
U3810,2026-01-21,Mobile,3,0,1
U3810,2026-01-22,Mobile,2,1,0
U3810,2026-01-24,PC,1,1,0
U3810,2026-01-25,PC,4,3,1
U3810,2026-01-26,Mobile,1,1,0
U3810,2026-01-27,PC,1,1,0
U3810,2026-01-28,PC,3,1,2
U3811,2026-01-15,PC,3,2,0
U3811,2026-01-16,Mobile,3,0,2
U3811,2026-01-17,Mobile,2,0,2
U3811,2026-01-18,Mobile,1,1,0
U3811,2026-01-19,Mobile,4,1,1
U3811,2026-01-20,Mobile,3,0,1
U3811,2026-01-21,Mobile,3,0,2
U3811,2026-01-22,PC,4,1,2
U3811,2026-01-23,Mobile,3,0,2
U3811,2026-01-24,Mobile,5,0,0
U3811,2026-01-26,PC,1,0,1
U3811,2026-01-27,PC,1,0,1
U3811,2026-01-28,Mobile,3,0,2
U3812,2026-01-15,Mobile,4,2,0
U3812,2026-01-16,PC,5,4,0
U3812,2026-01-17,PC,4,0,3
U3812,2026-01-18,Mobile,1,0,1
U3812,2026-01-19,Mobile,2,0,1
U3812,2026-01-20,PC,4,1,0
U3812,2026-01-21,PC,3,3,0
U3812,2026-01-22,Mobile,3,0,2
U3812,2026-01-23,Mobile,4,1,0
U3812,2026-01-24,PC,4,2,1
U3812,2026-01-25,PC,1,0,0
U3812,2026-01-26,PC,3,0,0
U3812,2026-01-27,Mobile,5,1,1
U3812,2026-01-28,Mobile,2,0,1
U3813,2026-01-15,PC,1,0,1
U3813,2026-01-16,Mobile,4,0,4
U3813,2026-01-17,Mobile,2,0,0
U3813,2026-01-18,Mobile,4,1,0
U3813,2026-01-19,Mobile,4,0,3
U3813,2026-01-20,PC,4,2,2
U3813,2026-01-21,Mobile,5,1,3
U3813,2026-01-22,Mobile,5,0,3
U3813,2026-01-23,PC,3,1,1
U3813,2026-01-24,Mobile,4,0,2
U3813,2026-01-25,Mobile,1,0,0
U3813,2026-01-27,Mobile,5,1,3
U3813,2026-01-28,PC,2,0,0
U3814,2026-01-15,PC,3,0,2
U3814,2026-01-16,Mobile,4,0,2
U3814,2026-01-17,Mobile,1,0,0
U3814,2026-01-18,Mobile,3,0,0
U3814,2026-01-19,PC,1,0,1
U3814,2026-01-20,Mobile,1,0,0
U3814,2026-01-21,PC,1,0,1
U3814,2026-01-22,Mobile,5,2,2
U3814,2026-01-23,Mobile,4,0,3
U3814,2026-01-24,PC,3,2,1
U3814,2026-01-25,Mobile,1,0,0
U3814,2026-01-27,PC,5,0,0
U3814,2026-01-28,Mobile,2,1,1
U3815,2026-01-15,PC,2,0,2
U3815,2026-01-16,PC,1,0,0
U3815,2026-01-17,PC,3,2,0
U3815,2026-01-18,Mobile,3,0,3
U3815,2026-01-19,PC,2,1,0
U3815,2026-01-20,PC,3,1,1
U3815,2026-01-21,PC,1,0,0
U3815,2026-01-22,PC,4,2,1
U3815,2026-01-23,PC,1,0,0
U3815,2026-01-24,PC,5,2,1
U3815,2026-01-25,PC,3,0,0
U3815,2026-01-26,Mobile,1,0,0
U3815,2026-01-27,PC,4,0,0
U3815,2026-01-28,Mobile,4,3,1
U3816,2026-01-15,Mobile,3,0,1
U3816,2026-01-17,Mobile,2,1,0
U3816,2026-01-18,PC,4,1,1
U3816,2026-01-20,PC,4,0,1
U3816,2026-01-22,PC,1,0,0
U3816,2026-01-23,PC,4,0,1
U3816,2026-01-24,PC,2,0,0
U3816,2026-01-25,Mobile,2,0,2
U3816,2026-01-26,PC,5,0,0
U3816,2026-01-27,Mobile,5,1,1
U3816,2026-01-28,PC,1,0,0
U3817,2026-01-15,PC,4,2,2
U3817,2026-01-16,PC,1,0,0
U3817,2026-01-17,PC,3,0,0
U3817,2026-01-18,Mobile,1,0,0
U3817,2026-01-19,PC,1,1,0
U3817,2026-01-21,Mobile,1,0,0
U3817,2026-01-22,Mobile,3,0,0
U3817,2026-01-23,Mobile,3,0,0
U3817,2026-01-24,Mobile,5,3,2
U3817,2026-01-25,PC,1,1,0
U3817,2026-01-26,PC,5,1,4
U3817,2026-01-28,Mobile,5,2,3
U3818,2026-01-15,Mobile,3,2,0
U3818,2026-01-16,Mobile,3,0,1
U3818,2026-01-17,Mobile,1,0,0
U3818,2026-01-18,Mobile,2,0,2
U3818,2026-01-19,Mobile,2,0,2
U3818,2026-01-20,PC,2,0,1
U3818,2026-01-21,Mobile,5,2,0
U3818,2026-01-22,Mobile,1,0,0
U3818,2026-01-23,Mobile,4,0,0
U3818,2026-01-24,Mobile,2,0,0
U3818,2026-01-25,Mobile,2,1,0
U3818,2026-01-26,Mobile,4,0,2
U3818,2026-01-27,Mobile,2,1,1
U3818,2026-01-28,PC,2,0,0
U3819,2026-01-15,Mobile,5,1,0
U3819,2026-01-16,Mobile,1,1,0
U3819,2026-01-17,Mobile,2,0,1
U3819,2026-01-18,PC,4,2,0
U3819,2026-01-19,Mobile,5,0,2
U3819,2026-01-20,Mobile,2,0,0
U3819,2026-01-22,Mobile,2,1,0
U3819,2026-01-24,PC,4,0,0
U3819,2026-01-25,Mobile,2,1,1
U3819,2026-01-26,PC,1,1,0
U3819,2026-01-27,Mobile,4,3,0
U3819,2026-01-28,PC,3,1,1
U3820,2026-01-15,Mobile,1,0,0
U3820,2026-01-16,Mobile,1,0,1
U3820,2026-01-17,PC,1,0,1
U3820,2026-01-18,Mobile,3,0,3
U3820,2026-01-19,Mobile,3,0,0
U3820,2026-01-20,Mobile,4,0,0
U3820,2026-01-21,Mobile,2,0,1
U3820,2026-01-22,Mobile,2,0,0
U3820,2026-01-23,PC,1,0,0
U3820,2026-01-24,Mobile,4,1,3
U3820,2026-01-25,Mobile,4,1,2
U3820,2026-01-27,Mobile,4,0,0
U3820,2026-01-28,Mobile,3,0,0
U3821,2026-01-15,PC,1,0,0
U3821,2026-01-17,Mobile,2,0,1
U3821,2026-01-18,PC,4,0,0
U3821,2026-01-19,Mobile,3,1,2
U3821,2026-01-20,Mobile,3,0,2
U3821,2026-01-21,PC,5,1,3
U3821,2026-01-22,Mobile,5,0,2
U3821,2026-01-23,PC,1,0,0
U3821,2026-01-24,Mobile,1,0,1
U3821,2026-01-25,PC,1,1,0
U3821,2026-01-26,Mobile,2,1,0
U3821,2026-01-27,PC,4,0,1
U3821,2026-01-28,PC,4,1,2
U3822,2026-01-15,PC,5,0,0
U3822,2026-01-16,Mobile,4,1,1
U3822,2026-01-17,Mobile,3,0,1
U3822,2026-01-19,Mobile,4,3,0
U3822,2026-01-20,PC,2,0,0
U3822,2026-01-21,PC,1,0,1
U3822,2026-01-22,PC,1,0,0
U3822,2026-01-23,PC,1,0,0
U3822,2026-01-24,Mobile,4,3,0
U3822,2026-01-25,Mobile,5,1,0
U3822,2026-01-26,Mobile,5,1,1
U3822,2026-01-27,Mobile,2,0,0
U3822,2026-01-28,Mobile,4,2,1
U3823,2026-01-16,Mobile,2,0,0
U3823,2026-01-18,PC,4,1,1
U3823,2026-01-19,Mobile,1,0,0
U3823,2026-01-21,Mobile,3,0,1
U3823,2026-01-22,Mobile,3,2,1
U3823,2026-01-24,Mobile,5,2,0
U3823,2026-01-25,Mobile,1,0,1
U3823,2026-01-26,Mobile,4,0,2
U3823,2026-01-27,PC,1,1,0
U3823,2026-01-28,Mobile,4,0,3
U3824,2026-01-15,PC,2,0,0
U3824,2026-01-16,Mobile,4,0,1
U3824,2026-01-17,PC,4,2,2
U3824,2026-01-18,Mobile,5,1,0
U3824,2026-01-19,PC,1,0,0
U3824,2026-01-20,Mobile,3,1,1
U3824,2026-01-22,PC,5,0,2
U3824,2026-01-23,Mobile,4,0,1
U3824,2026-01-24,Mobile,4,0,4
U3824,2026-01-25,Mobile,1,0,1
U3824,2026-01-26,Mobile,4,1,2
U3824,2026-01-27,PC,3,1,2
U3824,2026-01-28,Mobile,4,2,1
U3825,2026-01-15,Mobile,4,2,2
U3825,2026-01-16,Mobile,4,0,1
U3825,2026-01-17,Mobile,3,0,0
U3825,2026-01-18,PC,5,0,0
U3825,2026-01-19,PC,4,0,1
U3825,2026-01-20,PC,1,0,0
U3825,2026-01-21,PC,2,0,0
U3825,2026-01-22,Mobile,1,0,1
U3825,2026-01-23,Mobile,2,0,2
U3825,2026-01-24,Mobile,2,0,0
U3825,2026-01-25,PC,1,0,1
U3825,2026-01-26,Mobile,1,0,1
U3825,2026-01-28,Mobile,1,0,0
U3826,2026-01-15,Mobile,1,1,0
U3826,2026-01-16,PC,4,1,2
U3826,2026-01-18,Mobile,2,0,1
U3826,2026-01-19,PC,4,0,0
U3826,2026-01-20,Mobile,4,2,2
U3826,2026-01-21,Mobile,3,0,0
U3826,2026-01-22,Mobile,2,0,1
U3826,2026-01-23,Mobile,2,0,2
U3826,2026-01-24,Mobile,1,0,0
U3826,2026-01-25,Mobile,2,0,1
U3826,2026-01-26,Mobile,1,1,0
U3826,2026-01-27,Mobile,4,0,2
U3826,2026-01-28,PC,3,1,1
U3827,2026-01-15,PC,3,3,0
U3827,2026-01-16,Mobile,2,0,1
U3827,2026-01-17,Mobile,5,1,0
U3827,2026-01-18,PC,3,1,0
U3827,2026-01-19,PC,4,0,1
U3827,2026-01-20,Mobile,2,0,0
U3827,2026-01-21,Mobile,3,2,1
U3827,2026-01-22,PC,4,3,1
U3827,2026-01-23,Mobile,3,0,1
U3827,2026-01-24,Mobile,1,1,0
U3827,2026-01-25,Mobile,2,0,0
U3827,2026-01-27,Mobile,3,0,1
U3827,2026-01-28,Mobile,2,1,1
U3828,2026-01-15,Mobile,5,0,1
U3828,2026-01-16,Mobile,4,0,0
U3828,2026-01-17,Mobile,3,0,3
U3828,2026-01-18,PC,2,0,2
U3828,2026-01-19,Mobile,2,0,1
U3828,2026-01-20,PC,3,0,3
U3828,2026-01-21,Mobile,3,0,3
U3828,2026-01-22,PC,1,0,0
U3828,2026-01-23,Mobile,4,0,0
U3828,2026-01-24,Mobile,2,0,1
U3828,2026-01-25,Mobile,1,0,0
U3828,2026-01-26,Mobile,5,0,1
U3828,2026-01-27,PC,4,0,0
U3828,2026-01-28,Mobile,2,0,1
U3829,2026-01-16,Mobile,4,0,4
U3829,2026-01-17,PC,2,0,1
U3829,2026-01-18,Mobile,2,0,1
U3829,2026-01-19,Mobile,2,0,1
U3829,2026-01-20,Mobile,4,0,0
U3829,2026-01-21,PC,1,0,1
U3829,2026-01-22,Mobile,4,0,0
U3829,2026-01-25,Mobile,5,1,4
U3829,2026-01-26,Mobile,3,0,0
U3829,2026-01-27,Mobile,3,1,0
U3829,2026-01-28,Mobile,4,0,4
U3830,2026-01-16,PC,2,1,1
U3830,2026-01-17,Mobile,3,0,2
U3830,2026-01-18,Mobile,4,0,0
U3830,2026-01-19,PC,4,3,0
U3830,2026-01-20,Mobile,4,2,2
U3830,2026-01-21,Mobile,1,0,0
U3830,2026-01-22,PC,3,2,0
U3830,2026-01-23,Mobile,1,0,0
U3830,2026-01-24,Mobile,4,1,2
U3830,2026-01-25,Mobile,2,1,0
U3830,2026-01-27,PC,4,1,1
U3830,2026-01-28,Mobile,5,0,0
U3831,2026-01-16,Mobile,2,0,1
U3831,2026-01-18,PC,3,1,1
U3831,2026-01-19,Mobile,2,0,0
U3831,2026-01-20,Mobile,5,0,0
U3831,2026-01-21,PC,1,1,0
U3831,2026-01-22,Mobile,4,1,1
U3831,2026-01-23,PC,2,1,1
U3831,2026-01-24,Mobile,4,1,2
U3831,2026-01-26,PC,3,0,2
U3831,2026-01-27,Mobile,2,0,2
U3831,2026-01-28,Mobile,3,0,1
U3832,2026-01-15,PC,2,0,0
U3832,2026-01-16,Mobile,4,1,0
U3832,2026-01-17,PC,3,1,1
U3832,2026-01-18,PC,1,0,0
U3832,2026-01-19,PC,1,1,0
U3832,2026-01-20,PC,2,1,1
U3832,2026-01-21,PC,2,1,1
U3832,2026-01-22,Mobile,4,0,0
U3832,2026-01-23,Mobile,2,0,0
U3832,2026-01-24,Mobile,4,1,1
U3832,2026-01-25,PC,4,1,2
U3832,2026-01-26,PC,1,0,1
U3832,2026-01-27,PC,2,0,0
U3832,2026-01-28,PC,2,0,1
U3833,2026-01-15,PC,1,0,1
U3833,2026-01-16,PC,5,0,3
U3833,2026-01-17,Mobile,5,0,4
U3833,2026-01-19,Mobile,5,0,2
U3833,2026-01-20,Mobile,5,0,3
U3833,2026-01-21,PC,2,0,0
U3833,2026-01-22,Mobile,4,3,0
U3833,2026-01-23,Mobile,2,0,1
U3833,2026-01-24,Mobile,2,0,0
U3833,2026-01-25,Mobile,2,0,0
U3833,2026-01-26,Mobile,5,2,3
U3833,2026-01-27,PC,3,1,0
U3833,2026-01-28,PC,2,1,1
U3834,2026-01-15,PC,4,0,2
U3834,2026-01-16,PC,4,1,3
U3834,2026-01-17,Mobile,1,0,0
U3834,2026-01-18,Mobile,5,0,1
U3834,2026-01-19,PC,4,2,2
U3834,2026-01-20,Mobile,4,0,0
U3834,2026-01-21,Mobile,5,0,0
U3834,2026-01-22,PC,1,1,0
U3834,2026-01-23,Mobile,2,0,0
U3834,2026-01-24,Mobile,3,1,2
U3834,2026-01-25,PC,5,0,2
U3834,2026-01-26,Mobile,5,1,1
U3834,2026-01-27,Mobile,3,0,0
U3834,2026-01-28,PC,2,0,1
U3835,2026-01-15,Mobile,2,1,0
U3835,2026-01-16,Mobile,2,0,1
U3835,2026-01-17,PC,1,0,0
U3835,2026-01-18,PC,3,0,0
U3835,2026-01-19,Mobile,3,0,1
U3835,2026-01-20,PC,1,1,0
U3835,2026-01-22,Mobile,1,0,0
U3835,2026-01-23,Mobile,2,0,1
U3835,2026-01-24,Mobile,5,2,2
U3835,2026-01-25,Mobile,5,0,0
U3835,2026-01-26,Mobile,4,1,1
U3835,2026-01-27,Mobile,3,2,1
U3835,2026-01-28,PC,5,0,0
U3836,2026-01-15,PC,3,0,0
U3836,2026-01-16,PC,2,1,1
U3836,2026-01-17,Mobile,2,1,1
U3836,2026-01-18,PC,2,0,2
U3836,2026-01-19,Mobile,2,2,0
U3836,2026-01-20,Mobile,2,0,2
U3836,2026-01-21,Mobile,5,0,4
U3836,2026-01-22,Mobile,2,0,1
U3836,2026-01-23,Mobile,3,0,0
U3836,2026-01-24,Mobile,2,0,2
U3836,2026-01-26,Mobile,2,1,1
U3836,2026-01-27,Mobile,4,1,3
U3836,2026-01-28,PC,3,0,1
U3837,2026-01-15,Mobile,3,1,0
U3837,2026-01-16,Mobile,2,0,0
U3837,2026-01-17,Mobile,5,1,0
U3837,2026-01-18,PC,5,0,3
U3837,2026-01-19,PC,5,2,3
U3837,2026-01-20,Mobile,3,2,0
U3837,2026-01-21,Mobile,2,1,1
U3837,2026-01-22,PC,3,0,0
U3837,2026-01-23,PC,2,1,1
U3837,2026-01-24,PC,4,0,0
U3837,2026-01-25,Mobile,1,0,0
U3837,2026-01-26,Mobile,4,1,3
U3837,2026-01-27,Mobile,1,0,0
U3838,2026-01-15,Mobile,3,3,0
U3838,2026-01-16,PC,3,0,0
U3838,2026-01-18,Mobile,3,1,1
U3838,2026-01-19,PC,4,1,2
U3838,2026-01-20,Mobile,5,1,2
U3838,2026-01-21,Mobile,4,0,0
U3838,2026-01-24,Mobile,3,1,1
U3838,2026-01-25,Mobile,3,1,2
U3838,2026-01-26,Mobile,2,1,1
U3838,2026-01-27,Mobile,5,0,2
U3839,2026-01-15,Mobile,2,0,1
U3839,2026-01-16,PC,5,0,2
U3839,2026-01-17,Mobile,5,0,5
U3839,2026-01-18,Mobile,2,0,2
U3839,2026-01-19,Mobile,3,1,2
U3839,2026-01-20,Mobile,4,0,1
U3839,2026-01-21,PC,4,0,0
U3839,2026-01-22,Mobile,5,1,4
U3839,2026-01-23,Mobile,3,0,3
U3839,2026-01-25,PC,4,0,1
U3839,2026-01-26,Mobile,3,0,0
U3839,2026-01-27,Mobile,4,0,2
U3839,2026-01-28,Mobile,5,0,5
U3840,2026-01-15,PC,4,2,2
U3840,2026-01-16,Mobile,4,0,0
U3840,2026-01-17,Mobile,2,0,1
U3840,2026-01-18,PC,3,1,0
U3840,2026-01-19,Mobile,5,0,2
U3840,2026-01-20,Mobile,1,1,0
U3840,2026-01-21,Mobile,5,0,0
U3840,2026-01-22,PC,1,0,0
U3840,2026-01-23,Mobile,3,1,1
U3840,2026-01-25,Mobile,4,0,0
U3840,2026-01-26,PC,1,0,0
U3840,2026-01-27,PC,5,0,0
U3840,2026-01-28,Mobile,4,0,0
U3841,2026-01-15,Mobile,4,0,2
U3841,2026-01-16,Mobile,4,1,0
U3841,2026-01-17,Mobile,2,0,0
U3841,2026-01-18,PC,5,3,1
U3841,2026-01-19,PC,1,0,0
U3841,2026-01-21,Mobile,4,1,3
U3841,2026-01-22,Mobile,5,0,3
U3841,2026-01-23,Mobile,3,1,1
U3841,2026-01-25,Mobile,1,0,1
U3841,2026-01-26,Mobile,1,0,1
U3841,2026-01-27,Mobile,1,0,1
U3841,2026-01-28,Mobile,5,0,3
U3842,2026-01-15,PC,5,2,0
U3842,2026-01-16,Mobile,5,2,1
U3842,2026-01-18,Mobile,3,1,0
U3842,2026-01-21,PC,1,0,0
U3842,2026-01-22,PC,5,2,0
U3842,2026-01-23,Mobile,5,0,3
U3842,2026-01-24,PC,1,0,0
U3842,2026-01-25,PC,3,0,0
U3842,2026-01-27,Mobile,4,3,1
U3842,2026-01-28,Mobile,3,1,1
U3843,2026-01-15,Mobile,5,1,1
U3843,2026-01-16,PC,2,0,1
U3843,2026-01-17,Mobile,5,2,3
U3843,2026-01-18,PC,1,0,0
U3843,2026-01-19,Mobile,3,0,0
U3843,2026-01-20,Mobile,3,0,1
U3843,2026-01-21,Mobile,4,1,2
U3843,2026-01-22,Mobile,1,0,1
U3843,2026-01-23,Mobile,4,0,0
U3843,2026-01-24,Mobile,1,0,0
U3843,2026-01-25,Mobile,5,0,3
U3843,2026-01-26,Mobile,2,0,2
U3843,2026-01-27,Mobile,3,0,3
U3843,2026-01-28,Mobile,5,0,3
U3844,2026-01-16,Mobile,4,1,1
U3844,2026-01-18,PC,2,0,1
U3844,2026-01-19,Mobile,5,0,0
U3844,2026-01-20,Mobile,2,0,2
U3844,2026-01-21,Mobile,4,1,3
U3844,2026-01-22,PC,2,0,1
U3844,2026-01-23,Mobile,4,1,3
U3844,2026-01-24,PC,3,0,0
U3844,2026-01-25,Mobile,1,0,1
U3844,2026-01-27,Mobile,4,0,3
U3844,2026-01-28,PC,1,0,1
U3845,2026-01-15,PC,1,0,0
U3845,2026-01-16,Mobile,1,0,0
U3845,2026-01-17,PC,1,0,0
U3845,2026-01-18,Mobile,4,1,0
U3845,2026-01-19,Mobile,2,1,1
U3845,2026-01-20,PC,4,2,2
U3845,2026-01-21,PC,3,1,0
U3845,2026-01-22,PC,1,0,1
U3845,2026-01-23,Mobile,3,2,1
U3845,2026-01-24,Mobile,5,1,4
U3845,2026-01-25,Mobile,5,1,0
U3845,2026-01-26,PC,1,0,1
U3845,2026-01-28,Mobile,1,0,1
U3846,2026-01-16,Mobile,1,0,0
U3846,2026-01-17,PC,5,1,2
U3846,2026-01-18,Mobile,1,0,1
U3846,2026-01-19,Mobile,5,3,2
U3846,2026-01-20,PC,1,0,0
U3846,2026-01-21,PC,2,0,0
U3846,2026-01-22,Mobile,4,0,4
U3846,2026-01-23,PC,1,0,0
U3846,2026-01-24,PC,2,2,0
U3846,2026-01-25,Mobile,1,1,0
U3846,2026-01-26,Mobile,1,1,0
U3846,2026-01-27,PC,2,0,2
U3846,2026-01-28,Mobile,3,3,0
U3847,2026-01-16,Mobile,5,4,1
U3847,2026-01-17,Mobile,5,2,1
U3847,2026-01-18,Mobile,1,0,0
U3847,2026-01-19,PC,5,1,0
U3847,2026-01-20,Mobile,4,0,0
U3847,2026-01-21,PC,3,0,1
U3847,2026-01-22,Mobile,2,1,0
U3847,2026-01-23,PC,5,2,3
U3847,2026-01-25,Mobile,5,2,1
U3847,2026-01-26,PC,2,2,0
U3847,2026-01-27,Mobile,3,2,1
U3847,2026-01-28,Mobile,4,1,0
U3848,2026-01-15,Mobile,2,0,0
U3848,2026-01-16,Mobile,5,1,2
U3848,2026-01-17,Mobile,3,0,1
U3848,2026-01-18,Mobile,5,0,1
U3848,2026-01-20,PC,1,0,0
U3848,2026-01-21,Mobile,5,0,2
U3848,2026-01-22,Mobile,5,2,3
U3848,2026-01-23,PC,3,0,3
U3848,2026-01-24,PC,1,0,1
U3848,2026-01-25,Mobile,2,0,1
U3848,2026-01-26,Mobile,3,2,1
U3848,2026-01-28,PC,1,0,1
U3849,2026-01-15,PC,1,0,0
U3849,2026-01-17,PC,1,1,0
U3849,2026-01-18,PC,5,1,4
U3849,2026-01-19,PC,3,0,0
U3849,2026-01-20,Mobile,3,0,0
U3849,2026-01-21,Mobile,2,2,0
U3849,2026-01-22,Mobile,3,0,1
U3849,2026-01-23,Mobile,3,1,1
U3849,2026-01-24,Mobile,1,0,0
U3849,2026-01-25,Mobile,1,0,0
U3849,2026-01-26,Mobile,5,0,2
U3849,2026-01-27,Mobile,4,1,3
U3849,2026-01-28,Mobile,3,1,0
U3850,2026-01-15,Mobile,2,0,0
U3850,2026-01-16,PC,1,0,1
U3850,2026-01-17,Mobile,1,1,0
U3850,2026-01-18,Mobile,5,0,0
U3850,2026-01-19,Mobile,3,1,1
U3850,2026-01-20,PC,4,0,3
U3850,2026-01-21,PC,2,1,1
U3850,2026-01-22,Mobile,3,2,0
U3850,2026-01-23,PC,3,1,1
U3850,2026-01-24,PC,1,0,1
U3850,2026-01-25,PC,1,0,0
U3850,2026-01-26,Mobile,2,0,0
U3850,2026-01-27,Mobile,2,0,0
U3851,2026-01-15,Mobile,3,2,1
U3851,2026-01-17,PC,2,1,1
U3851,2026-01-18,PC,2,0,1
U3851,2026-01-19,PC,3,2,1
U3851,2026-01-20,Mobile,5,1,2
U3851,2026-01-21,Mobile,4,2,2
U3851,2026-01-22,Mobile,3,0,0
U3851,2026-01-23,PC,5,2,2
U3851,2026-01-26,PC,2,0,0
U3851,2026-01-27,Mobile,4,2,2
U3851,2026-01-28,PC,1,0,0
U3852,2026-01-15,Mobile,5,0,2
U3852,2026-01-16,Mobile,2,0,0
U3852,2026-01-17,PC,1,0,0
U3852,2026-01-18,PC,2,0,1
U3852,2026-01-19,PC,1,0,0
U3852,2026-01-20,Mobile,1,0,1
U3852,2026-01-21,Mobile,2,2,0
U3852,2026-01-22,PC,5,0,0
U3852,2026-01-24,Mobile,4,2,2
U3852,2026-01-26,PC,2,0,2
U3852,2026-01-27,Mobile,1,1,0
U3852,2026-01-28,Mobile,2,1,0
U3853,2026-01-15,PC,5,1,3
U3853,2026-01-16,Mobile,3,1,2
U3853,2026-01-17,PC,3,2,0
U3853,2026-01-18,PC,5,0,2
U3853,2026-01-19,PC,4,0,2
U3853,2026-01-20,Mobile,1,0,1
U3853,2026-01-21,PC,1,0,0
U3853,2026-01-22,Mobile,3,1,1
U3853,2026-01-23,PC,1,0,1
U3853,2026-01-24,Mobile,5,0,0
U3853,2026-01-27,PC,3,2,0
U3853,2026-01-28,PC,2,0,1
U3854,2026-01-15,Mobile,2,0,1
U3854,2026-01-16,Mobile,4,2,0
U3854,2026-01-17,Mobile,3,1,1
U3854,2026-01-18,Mobile,3,1,0
U3854,2026-01-19,Mobile,5,3,2
U3854,2026-01-20,Mobile,3,0,0
U3854,2026-01-21,PC,5,0,0
U3854,2026-01-22,PC,2,0,0
U3854,2026-01-23,Mobile,3,0,0
U3854,2026-01-24,PC,2,1,0
U3854,2026-01-25,PC,3,0,0
U3854,2026-01-26,Mobile,1,1,0
U3854,2026-01-27,Mobile,1,0,0
U3854,2026-01-28,PC,3,1,1
U3855,2026-01-15,PC,1,0,1
U3855,2026-01-19,Mobile,1,0,1
U3855,2026-01-20,PC,2,2,0
U3855,2026-01-21,PC,2,1,0
U3855,2026-01-22,Mobile,5,0,2
U3855,2026-01-23,Mobile,2,0,0
U3855,2026-01-24,PC,3,3,0
U3855,2026-01-25,PC,5,1,1
U3855,2026-01-26,Mobile,5,1,3
U3855,2026-01-27,PC,4,2,1
U3855,2026-01-28,Mobile,1,0,1
U3856,2026-01-15,Mobile,5,0,0
U3856,2026-01-16,PC,4,0,0
U3856,2026-01-17,Mobile,2,0,1
U3856,2026-01-18,PC,4,0,1
U3856,2026-01-19,Mobile,1,0,1
U3856,2026-01-20,PC,4,0,0
U3856,2026-01-21,PC,1,0,0
U3856,2026-01-22,Mobile,2,0,2
U3856,2026-01-23,Mobile,5,1,0
U3856,2026-01-24,Mobile,5,3,0
U3856,2026-01-25,Mobile,3,1,0
U3856,2026-01-26,Mobile,5,0,1
U3856,2026-01-27,PC,1,0,1
U3856,2026-01-28,PC,3,0,0
U3857,2026-01-15,Mobile,1,0,0
U3857,2026-01-16,Mobile,3,3,0
U3857,2026-01-17,Mobile,3,1,0
U3857,2026-01-18,Mobile,4,1,0
U3857,2026-01-19,PC,5,1,1
U3857,2026-01-20,Mobile,3,1,2
U3857,2026-01-21,Mobile,3,0,0
U3857,2026-01-22,PC,1,0,0
U3857,2026-01-23,Mobile,2,0,1
U3857,2026-01-24,Mobile,2,1,1
U3857,2026-01-25,Mobile,1,0,0
U3857,2026-01-26,PC,2,1,0
U3857,2026-01-27,Mobile,4,0,1
U3857,2026-01-28,PC,1,0,1
U3858,2026-01-15,PC,4,4,0
U3858,2026-01-16,Mobile,1,1,0
U3858,2026-01-17,PC,2,0,1
U3858,2026-01-18,PC,3,3,0
U3858,2026-01-19,PC,3,0,1
U3858,2026-01-20,Mobile,5,2,2
U3858,2026-01-21,Mobile,3,1,1
U3858,2026-01-22,PC,4,1,0
U3858,2026-01-23,PC,3,2,1
U3858,2026-01-24,Mobile,5,2,1
U3858,2026-01-25,PC,2,0,0
U3858,2026-01-27,Mobile,4,2,1
U3858,2026-01-28,PC,4,3,1
U3859,2026-01-15,PC,1,0,1
U3859,2026-01-17,PC,2,1,1
U3859,2026-01-18,PC,3,0,0
U3859,2026-01-19,PC,2,0,1
U3859,2026-01-20,PC,5,1,2
U3859,2026-01-21,PC,4,0,3
U3859,2026-01-22,Mobile,5,0,1
U3859,2026-01-23,PC,5,1,4
U3859,2026-01-24,Mobile,3,1,0
U3859,2026-01-25,PC,5,0,2
U3859,2026-01-26,Mobile,2,1,1
U3859,2026-01-27,PC,3,0,2
U3859,2026-01-28,PC,3,0,0
U3860,2026-01-16,Mobile,1,0,0
U3860,2026-01-17,Mobile,5,0,1
U3860,2026-01-18,PC,3,1,2
U3860,2026-01-19,Mobile,5,2,3
U3860,2026-01-20,PC,5,0,1
U3860,2026-01-21,PC,3,0,1
U3860,2026-01-22,PC,1,0,0
U3860,2026-01-23,Mobile,5,1,4
U3860,2026-01-25,PC,2,0,1
U3860,2026-01-26,Mobile,1,0,1
U3860,2026-01-27,Mobile,5,1,2
U3860,2026-01-28,PC,1,0,1
U3861,2026-01-15,PC,3,0,2
U3861,2026-01-16,Mobile,1,0,1
U3861,2026-01-17,Mobile,2,0,1
U3861,2026-01-18,Mobile,2,1,0
U3861,2026-01-20,Mobile,5,1,1
U3861,2026-01-21,PC,3,0,0
U3861,2026-01-22,PC,3,1,1
U3861,2026-01-23,PC,5,0,1
U3861,2026-01-24,PC,3,0,3
U3861,2026-01-25,PC,4,0,1
U3861,2026-01-26,PC,1,0,0
U3861,2026-01-27,PC,1,0,0
U3861,2026-01-28,Mobile,2,0,1
U3862,2026-01-15,PC,2,2,0
U3862,2026-01-16,PC,5,2,1
U3862,2026-01-18,PC,2,0,1
U3862,2026-01-19,Mobile,4,1,1
U3862,2026-01-20,Mobile,4,2,0
U3862,2026-01-21,PC,5,1,0
U3862,2026-01-23,PC,1,0,1
U3862,2026-01-24,PC,4,2,1
U3862,2026-01-25,Mobile,2,1,0
U3862,2026-01-26,PC,5,0,3
U3862,2026-01-27,PC,2,0,0
U3862,2026-01-28,PC,5,4,1
U3863,2026-01-15,Mobile,4,0,4
U3863,2026-01-16,PC,1,0,0
U3863,2026-01-17,PC,1,1,0
U3863,2026-01-18,Mobile,2,0,1
U3863,2026-01-19,PC,3,2,0
U3863,2026-01-20,PC,5,2,3
U3863,2026-01-21,PC,5,1,3
U3863,2026-01-22,Mobile,1,0,1
U3863,2026-01-23,PC,2,0,0
U3863,2026-01-24,Mobile,4,0,3
U3863,2026-01-25,Mobile,1,0,1
U3863,2026-01-27,Mobile,4,0,2
U3863,2026-01-28,Mobile,5,1,2
U3864,2026-01-16,Mobile,5,1,0
U3864,2026-01-17,PC,1,0,0
U3864,2026-01-18,Mobile,4,0,4
U3864,2026-01-19,PC,3,0,1
U3864,2026-01-20,Mobile,3,2,1
U3864,2026-01-21,Mobile,1,0,1
U3864,2026-01-22,PC,2,0,0
U3864,2026-01-23,PC,2,0,1
U3864,2026-01-24,Mobile,1,0,1
U3864,2026-01-25,PC,1,0,1
U3864,2026-01-26,Mobile,4,0,2
U3864,2026-01-27,PC,3,0,0
U3864,2026-01-28,PC,2,0,2
U3865,2026-01-15,Mobile,1,0,0
U3865,2026-01-16,PC,4,3,0
U3865,2026-01-17,PC,2,0,2
U3865,2026-01-18,Mobile,1,0,0
U3865,2026-01-19,PC,2,0,0
U3865,2026-01-20,PC,1,0,0
U3865,2026-01-21,Mobile,2,1,0
U3865,2026-01-22,PC,1,0,1
U3865,2026-01-24,PC,1,0,0
U3865,2026-01-25,PC,1,0,0
U3865,2026-01-26,Mobile,1,1,0
U3865,2026-01-27,Mobile,2,1,0
U3865,2026-01-28,PC,4,1,0
U3866,2026-01-16,Mobile,4,3,1
U3866,2026-01-17,Mobile,1,1,0
U3866,2026-01-18,PC,1,1,0
U3866,2026-01-19,Mobile,1,0,1
U3866,2026-01-20,Mobile,1,0,0
U3866,2026-01-21,Mobile,1,0,0
U3866,2026-01-22,PC,4,2,2
U3866,2026-01-24,Mobile,2,0,1
U3866,2026-01-25,PC,1,0,0
U3866,2026-01-26,PC,1,0,0
U3866,2026-01-27,PC,5,0,0
U3866,2026-01-28,PC,3,1,0
U3867,2026-01-15,Mobile,2,1,0
U3867,2026-01-16,Mobile,1,0,1
U3867,2026-01-17,PC,3,0,2
U3867,2026-01-18,Mobile,4,4,0
U3867,2026-01-19,Mobile,4,2,1
U3867,2026-01-20,PC,4,2,0
U3867,2026-01-21,PC,3,2,1
U3867,2026-01-22,PC,4,1,2
U3867,2026-01-24,Mobile,2,0,0
U3867,2026-01-25,Mobile,3,2,1
U3867,2026-01-26,PC,2,1,0
U3867,2026-01-27,Mobile,1,0,0
U3867,2026-01-28,PC,2,1,0
U3868,2026-01-16,PC,5,0,1
U3868,2026-01-17,PC,5,0,1
U3868,2026-01-18,Mobile,5,0,2
U3868,2026-01-19,Mobile,4,0,1
U3868,2026-01-20,Mobile,4,2,0
U3868,2026-01-21,Mobile,3,0,0
U3868,2026-01-22,PC,5,3,1
U3868,2026-01-23,Mobile,1,0,1
U3868,2026-01-24,Mobile,1,0,0
U3868,2026-01-25,Mobile,5,1,2
U3868,2026-01-26,Mobile,1,0,0
U3868,2026-01-28,Mobile,3,3,0
U3869,2026-01-15,PC,1,0,1
U3869,2026-01-16,Mobile,3,1,2
U3869,2026-01-17,Mobile,1,0,0
U3869,2026-01-19,PC,4,0,2
U3869,2026-01-20,PC,5,0,3
U3869,2026-01-21,PC,4,1,2
U3869,2026-01-23,Mobile,2,0,1
U3869,2026-01-25,Mobile,1,0,1
U3869,2026-01-26,Mobile,3,2,1
U3869,2026-01-28,Mobile,4,0,4
U3870,2026-01-16,Mobile,5,0,1
U3870,2026-01-18,PC,4,1,2
U3870,2026-01-19,Mobile,4,1,0
U3870,2026-01-20,Mobile,1,1,0
U3870,2026-01-21,Mobile,5,2,1
U3870,2026-01-22,Mobile,5,1,0
U3870,2026-01-24,PC,4,2,0
U3870,2026-01-25,PC,3,2,1
U3870,2026-01-26,Mobile,5,2,3
U3870,2026-01-27,Mobile,2,0,0
U3870,2026-01-28,PC,5,1,3
U3871,2026-01-15,Mobile,4,3,1
U3871,2026-01-16,Mobile,2,0,0
U3871,2026-01-17,PC,1,1,0
U3871,2026-01-18,PC,4,1,1
U3871,2026-01-19,PC,2,1,1
U3871,2026-01-20,Mobile,2,0,0
U3871,2026-01-21,Mobile,1,0,1
U3871,2026-01-22,Mobile,3,0,0
U3871,2026-01-23,PC,1,0,0
U3871,2026-01-25,PC,2,0,2
U3871,2026-01-26,PC,5,0,1
U3871,2026-01-27,Mobile,3,2,0
U3871,2026-01-28,Mobile,5,3,1
U3872,2026-01-15,PC,3,1,1
U3872,2026-01-17,PC,5,1,4
U3872,2026-01-18,PC,5,0,4
U3872,2026-01-19,Mobile,4,0,0
U3872,2026-01-20,Mobile,2,0,2
U3872,2026-01-21,Mobile,2,0,2
U3872,2026-01-24,PC,2,0,0
U3872,2026-01-26,Mobile,5,2,3
U3872,2026-01-27,PC,2,1,0
U3872,2026-01-28,Mobile,3,0,2
U3873,2026-01-15,PC,2,1,1
U3873,2026-01-16,PC,3,0,0
U3873,2026-01-17,Mobile,1,0,1
U3873,2026-01-18,PC,2,0,1
U3873,2026-01-19,Mobile,5,1,2
U3873,2026-01-20,Mobile,1,0,0
U3873,2026-01-22,Mobile,1,0,0
U3873,2026-01-23,PC,2,0,0
U3873,2026-01-25,Mobile,4,2,1
U3873,2026-01-26,Mobile,3,1,2
U3873,2026-01-27,PC,2,2,0
U3873,2026-01-28,Mobile,4,1,3
U3874,2026-01-15,Mobile,5,2,0
U3874,2026-01-16,Mobile,5,0,0
U3874,2026-01-17,PC,2,0,0
U3874,2026-01-18,PC,5,2,1
U3874,2026-01-19,PC,3,0,2
U3874,2026-01-20,Mobile,4,2,2
U3874,2026-01-21,Mobile,2,1,1
U3874,2026-01-22,PC,3,2,0
U3874,2026-01-23,Mobile,5,2,2
U3874,2026-01-24,Mobile,3,0,2
U3874,2026-01-25,PC,4,0,0
U3874,2026-01-26,Mobile,2,0,2
U3874,2026-01-27,PC,1,0,0
U3874,2026-01-28,Mobile,4,2,2
U3875,2026-01-15,PC,2,0,0
U3875,2026-01-16,Mobile,5,0,3
U3875,2026-01-17,PC,4,1,0
U3875,2026-01-18,PC,1,1,0
U3875,2026-01-20,Mobile,5,0,1
U3875,2026-01-21,Mobile,4,0,3
U3875,2026-01-22,Mobile,1,0,1
U3875,2026-01-23,Mobile,3,0,1
U3875,2026-01-24,PC,3,1,1
U3875,2026-01-25,Mobile,5,1,4
U3875,2026-01-26,Mobile,1,0,1
U3875,2026-01-28,Mobile,2,1,1
U3876,2026-01-15,Mobile,5,0,4
U3876,2026-01-16,Mobile,2,0,0
U3876,2026-01-17,Mobile,3,0,0
U3876,2026-01-18,Mobile,3,0,0
U3876,2026-01-19,Mobile,1,0,1
U3876,2026-01-20,Mobile,1,0,0
U3876,2026-01-21,Mobile,3,2,0
U3876,2026-01-23,Mobile,2,0,1
U3876,2026-01-24,PC,5,0,0
U3876,2026-01-25,PC,3,0,1
U3876,2026-01-26,PC,2,0,0
U3876,2026-01-28,Mobile,1,0,0
U3877,2026-01-15,Mobile,2,0,0
U3877,2026-01-16,Mobile,1,0,0
U3877,2026-01-17,Mobile,3,0,2
U3877,2026-01-19,PC,1,0,1
U3877,2026-01-20,Mobile,1,1,0
U3877,2026-01-21,PC,3,2,1
U3877,2026-01-22,Mobile,1,1,0
U3877,2026-01-23,Mobile,3,1,0
U3877,2026-01-24,PC,5,5,0
U3877,2026-01-25,PC,4,2,2
U3877,2026-01-26,Mobile,3,1,0
U3877,2026-01-27,Mobile,3,1,2
U3877,2026-01-28,PC,5,2,0
U3878,2026-01-15,Mobile,1,0,1
U3878,2026-01-16,Mobile,1,0,0
U3878,2026-01-17,Mobile,1,0,1
U3878,2026-01-19,Mobile,4,0,1
U3878,2026-01-21,PC,4,1,2
U3878,2026-01-22,Mobile,3,0,2
U3878,2026-01-23,PC,5,0,0
U3878,2026-01-24,PC,1,0,0
U3878,2026-01-25,Mobile,1,0,0
U3878,2026-01-26,Mobile,5,0,1
U3878,2026-01-28,PC,3,0,2
U3879,2026-01-15,Mobile,2,0,0
U3879,2026-01-16,PC,4,0,0
U3879,2026-01-17,PC,3,0,0
U3879,2026-01-18,PC,2,0,1
U3879,2026-01-19,Mobile,1,0,0
U3879,2026-01-20,Mobile,4,2,0
U3879,2026-01-21,Mobile,1,0,0
U3879,2026-01-22,Mobile,5,3,0
U3879,2026-01-23,PC,3,1,1
U3879,2026-01-25,PC,4,0,2
U3880,2026-01-15,Mobile,3,2,0
U3880,2026-01-18,Mobile,5,2,2
U3880,2026-01-19,PC,1,0,0
U3880,2026-01-20,PC,1,0,0
U3880,2026-01-21,Mobile,3,1,2
U3880,2026-01-22,Mobile,5,1,3
U3880,2026-01-23,Mobile,5,3,1
U3880,2026-01-24,Mobile,3,2,0
U3880,2026-01-25,Mobile,2,0,0
U3880,2026-01-26,PC,3,0,0
U3880,2026-01-27,Mobile,5,0,4
U3880,2026-01-28,PC,4,1,3
U3881,2026-01-15,PC,2,1,1
U3881,2026-01-16,Mobile,5,0,1
U3881,2026-01-17,Mobile,5,0,1
U3881,2026-01-18,Mobile,5,3,2
U3881,2026-01-19,PC,2,0,1
U3881,2026-01-20,Mobile,4,1,3
U3881,2026-01-21,Mobile,4,2,1
U3881,2026-01-22,PC,5,1,1
U3881,2026-01-23,PC,4,2,1
U3881,2026-01-25,Mobile,4,4,0
U3881,2026-01-26,PC,3,1,1
U3881,2026-01-27,Mobile,5,1,1
U3882,2026-01-15,Mobile,5,0,0
U3882,2026-01-17,PC,3,0,0
U3882,2026-01-18,PC,2,1,0
U3882,2026-01-19,Mobile,2,1,1
U3882,2026-01-20,PC,3,1,1
U3882,2026-01-21,Mobile,3,0,3
U3882,2026-01-22,PC,4,0,0
U3882,2026-01-23,PC,1,0,0
U3882,2026-01-24,PC,5,4,1
U3882,2026-01-25,PC,2,1,0
U3882,2026-01-26,Mobile,5,1,4
U3882,2026-01-27,Mobile,3,0,0
U3882,2026-01-28,PC,1,1,0
U3883,2026-01-15,PC,3,1,0
U3883,2026-01-16,Mobile,1,1,0
U3883,2026-01-17,Mobile,5,0,3
U3883,2026-01-18,Mobile,4,1,3
U3883,2026-01-19,Mobile,2,0,1
U3883,2026-01-20,PC,1,1,0
U3883,2026-01-21,Mobile,4,2,0
U3883,2026-01-23,Mobile,3,1,0
U3883,2026-01-24,Mobile,2,1,1
U3883,2026-01-25,Mobile,4,0,1
U3883,2026-01-26,Mobile,5,1,1
U3883,2026-01-28,PC,3,0,0
U3884,2026-01-15,Mobile,4,2,0
U3884,2026-01-16,Mobile,1,0,0
U3884,2026-01-17,Mobile,3,0,0
U3884,2026-01-18,PC,5,0,1
U3884,2026-01-19,PC,4,0,2
U3884,2026-01-20,PC,3,1,0
U3884,2026-01-21,Mobile,3,1,0
U3884,2026-01-22,PC,1,0,0
U3884,2026-01-23,PC,1,0,1
U3884,2026-01-24,Mobile,5,3,1
U3884,2026-01-25,PC,5,4,1
U3884,2026-01-27,Mobile,4,1,3
U3884,2026-01-28,Mobile,4,0,0
U3885,2026-01-15,PC,2,0,1
U3885,2026-01-16,Mobile,1,1,0
U3885,2026-01-19,PC,1,0,0
U3885,2026-01-20,Mobile,2,1,0
U3885,2026-01-21,PC,2,0,0
U3885,2026-01-22,Mobile,1,0,1
U3885,2026-01-24,Mobile,3,0,3
U3885,2026-01-25,Mobile,5,1,4
U3885,2026-01-26,PC,5,0,4
U3885,2026-01-27,Mobile,4,1,1
U3885,2026-01-28,Mobile,3,1,0
U3886,2026-01-15,Mobile,1,1,0
U3886,2026-01-16,Mobile,5,0,0
U3886,2026-01-17,Mobile,1,0,1
U3886,2026-01-18,Mobile,4,2,0
U3886,2026-01-19,Mobile,3,1,1
U3886,2026-01-20,PC,2,1,1
U3886,2026-01-21,PC,4,1,2
U3886,2026-01-23,PC,1,0,0
U3886,2026-01-24,PC,2,0,0
U3886,2026-01-25,Mobile,4,3,1
U3886,2026-01-26,PC,5,0,1
U3886,2026-01-27,PC,4,1,2
U3886,2026-01-28,PC,4,2,1
U3887,2026-01-16,PC,3,0,2
U3887,2026-01-17,PC,3,0,1
U3887,2026-01-18,Mobile,5,0,3
U3887,2026-01-19,Mobile,2,0,2
U3887,2026-01-20,PC,3,1,2
U3887,2026-01-21,Mobile,1,0,0
U3887,2026-01-22,Mobile,2,0,1
U3887,2026-01-23,Mobile,1,1,0
U3887,2026-01-24,PC,2,0,1
U3887,2026-01-25,Mobile,1,0,1
U3887,2026-01-26,Mobile,1,0,0
U3887,2026-01-27,Mobile,2,0,2
U3888,2026-01-15,Mobile,5,1,2
U3888,2026-01-16,PC,5,0,0
U3888,2026-01-17,Mobile,1,0,0
U3888,2026-01-19,Mobile,1,0,0
U3888,2026-01-20,Mobile,1,0,0
U3888,2026-01-21,Mobile,3,1,2
U3888,2026-01-22,PC,2,0,1
U3888,2026-01-23,PC,2,1,1
U3888,2026-01-24,Mobile,5,0,1
U3888,2026-01-25,PC,1,0,0
U3888,2026-01-26,PC,4,1,3
U3888,2026-01-27,Mobile,4,1,2
U3889,2026-01-15,Mobile,4,2,2
U3889,2026-01-17,PC,2,0,0
U3889,2026-01-18,PC,2,0,0
U3889,2026-01-19,PC,2,0,1
U3889,2026-01-20,Mobile,4,3,1
U3889,2026-01-22,Mobile,5,1,0
U3889,2026-01-23,PC,3,0,0
U3889,2026-01-24,PC,1,1,0
U3889,2026-01-25,Mobile,2,1,0
U3889,2026-01-26,PC,3,0,0
U3889,2026-01-27,PC,2,1,0
U3889,2026-01-28,PC,5,2,1
U3890,2026-01-15,PC,2,0,0
U3890,2026-01-16,PC,3,0,0
U3890,2026-01-17,Mobile,4,0,2
U3890,2026-01-18,PC,1,0,1
U3890,2026-01-19,Mobile,5,4,1
U3890,2026-01-20,Mobile,2,0,0
U3890,2026-01-21,Mobile,3,1,0
U3890,2026-01-22,PC,1,0,0
U3890,2026-01-23,PC,1,0,1
U3890,2026-01-25,PC,1,0,0
U3890,2026-01-26,PC,2,0,0
U3890,2026-01-27,PC,5,0,1
U3890,2026-01-28,Mobile,3,1,1
U3891,2026-01-16,PC,2,0,0
U3891,2026-01-17,Mobile,1,1,0
U3891,2026-01-18,Mobile,2,1,1
U3891,2026-01-19,PC,4,1,1
U3891,2026-01-21,PC,2,1,0
U3891,2026-01-22,PC,4,1,3
U3891,2026-01-23,PC,4,0,0
U3891,2026-01-24,PC,3,1,0
U3891,2026-01-25,PC,5,2,1
U3891,2026-01-26,PC,2,0,0
U3891,2026-01-27,Mobile,1,1,0
U3891,2026-01-28,PC,1,0,0
U3892,2026-01-15,Mobile,2,0,0
U3892,2026-01-16,PC,5,0,2
U3892,2026-01-17,PC,2,0,0
U3892,2026-01-19,PC,5,2,3
U3892,2026-01-20,PC,4,1,3
U3892,2026-01-21,PC,3,0,0
U3892,2026-01-22,Mobile,1,1,0
U3892,2026-01-23,Mobile,1,0,0
U3892,2026-01-24,Mobile,1,0,0
U3892,2026-01-25,Mobile,4,0,1
U3892,2026-01-26,Mobile,5,2,1
U3892,2026-01-27,Mobile,2,2,0
U3893,2026-01-16,PC,2,0,0
U3893,2026-01-17,PC,5,1,0
U3893,2026-01-18,Mobile,5,1,3
U3893,2026-01-19,Mobile,2,0,0
U3893,2026-01-20,Mobile,1,0,1
U3893,2026-01-21,Mobile,5,1,3
U3893,2026-01-22,PC,2,0,2
U3893,2026-01-23,Mobile,4,0,2
U3893,2026-01-24,Mobile,5,0,2
U3893,2026-01-25,PC,2,0,1
U3893,2026-01-26,Mobile,3,1,0
U3893,2026-01-27,PC,5,0,1
U3893,2026-01-28,Mobile,4,0,2
U3894,2026-01-15,Mobile,1,1,0
U3894,2026-01-16,PC,5,2,3
U3894,2026-01-17,Mobile,4,0,0
U3894,2026-01-18,Mobile,4,2,1
U3894,2026-01-19,PC,1,0,0
U3894,2026-01-21,Mobile,4,0,0
U3894,2026-01-22,Mobile,3,0,0
U3894,2026-01-24,PC,3,0,1
U3894,2026-01-25,PC,3,0,0
U3894,2026-01-26,PC,4,1,1
U3894,2026-01-27,Mobile,3,0,0
U3894,2026-01-28,PC,1,0,0
U3895,2026-01-15,Mobile,2,0,0
U3895,2026-01-17,Mobile,2,0,2
U3895,2026-01-18,Mobile,1,0,1
U3895,2026-01-19,Mobile,2,0,2
U3895,2026-01-20,Mobile,4,1,2
U3895,2026-01-21,PC,5,0,2
U3895,2026-01-22,PC,5,0,0
U3895,2026-01-23,Mobile,2,0,2
U3895,2026-01-24,PC,4,0,1
U3895,2026-01-25,PC,4,0,0
U3895,2026-01-26,Mobile,3,1,2
U3895,2026-01-27,Mobile,3,0,1
U3895,2026-01-28,PC,2,1,1
U3896,2026-01-15,PC,5,1,0
U3896,2026-01-16,Mobile,3,0,3
U3896,2026-01-17,Mobile,3,0,3
U3896,2026-01-18,Mobile,1,0,0
U3896,2026-01-19,Mobile,3,0,3
U3896,2026-01-20,PC,4,0,1
U3896,2026-01-21,Mobile,3,0,3
U3896,2026-01-22,Mobile,2,0,1
U3896,2026-01-23,Mobile,5,3,1
U3896,2026-01-24,Mobile,2,0,2
U3896,2026-01-25,PC,4,0,1
U3896,2026-01-26,PC,4,2,1
U3896,2026-01-27,PC,2,0,0
U3896,2026-01-28,PC,4,0,3
U3897,2026-01-15,PC,4,1,2
U3897,2026-01-16,Mobile,1,0,1
U3897,2026-01-17,PC,3,0,0
U3897,2026-01-18,Mobile,3,2,1
U3897,2026-01-19,Mobile,5,1,0
U3897,2026-01-20,PC,4,0,0
U3897,2026-01-21,PC,2,1,1
U3897,2026-01-22,Mobile,1,1,0
U3897,2026-01-23,Mobile,3,1,1
U3897,2026-01-24,Mobile,1,0,0
U3897,2026-01-25,PC,3,1,0
U3897,2026-01-26,PC,3,0,0
U3897,2026-01-27,PC,3,1,1
U3897,2026-01-28,Mobile,2,1,0
U3898,2026-01-15,PC,2,0,0
U3898,2026-01-16,Mobile,2,0,0
U3898,2026-01-17,Mobile,3,0,0
U3898,2026-01-18,Mobile,5,0,2
U3898,2026-01-19,Mobile,4,0,4
U3898,2026-01-20,Mobile,4,0,2
U3898,2026-01-21,Mobile,4,0,1
U3898,2026-01-22,Mobile,3,0,3
U3898,2026-01-23,Mobile,1,0,1
U3898,2026-01-24,Mobile,1,0,0
U3898,2026-01-25,Mobile,3,0,3
U3898,2026-01-27,PC,4,1,2
U3898,2026-01-28,Mobile,5,1,2
U3899,2026-01-15,Mobile,1,1,0
U3899,2026-01-17,Mobile,3,2,1
U3899,2026-01-18,Mobile,1,0,1
U3899,2026-01-19,PC,3,1,0
U3899,2026-01-20,PC,2,0,1
U3899,2026-01-21,Mobile,3,3,0
U3899,2026-01-22,Mobile,3,2,0
U3899,2026-01-24,Mobile,1,0,1
U3899,2026-01-25,PC,5,0,0
U3899,2026-01-26,Mobile,4,1,1
U3899,2026-01-27,Mobile,5,3,1
U3899,2026-01-28,PC,1,0,0
U3900,2026-01-15,Mobile,4,0,1
U3900,2026-01-17,PC,5,1,2
U3900,2026-01-18,PC,3,0,3
U3900,2026-01-19,PC,4,1,3
U3900,2026-01-20,Mobile,4,1,0
U3900,2026-01-21,PC,5,1,3
U3900,2026-01-22,PC,3,2,0
U3900,2026-01-23,Mobile,5,0,2
U3900,2026-01-24,Mobile,4,0,0
U3900,2026-01-25,PC,5,1,1
U3900,2026-01-26,PC,2,0,1
U3900,2026-01-27,PC,5,1,4
U3900,2026-01-28,PC,5,1,0
U3901,2026-01-15,Mobile,5,1,3
U3901,2026-01-17,PC,5,0,1
U3901,2026-01-18,Mobile,3,1,1
U3901,2026-01-20,Mobile,4,1,1
U3901,2026-01-21,Mobile,4,0,2
U3901,2026-01-23,PC,1,0,0
U3901,2026-01-24,Mobile,3,0,3
U3901,2026-01-25,Mobile,1,0,1
U3901,2026-01-26,PC,5,0,0
U3901,2026-01-27,PC,1,0,0
U3901,2026-01-28,PC,5,1,4
U3902,2026-01-15,Mobile,5,1,2
U3902,2026-01-16,PC,4,0,3
U3902,2026-01-17,Mobile,1,0,1
U3902,2026-01-18,Mobile,4,0,1
U3902,2026-01-19,PC,2,1,1
U3902,2026-01-21,Mobile,2,0,2
U3902,2026-01-22,Mobile,3,0,0
U3902,2026-01-23,PC,1,1,0
U3902,2026-01-24,Mobile,3,1,0
U3902,2026-01-25,Mobile,2,0,0
U3902,2026-01-26,Mobile,3,0,3
U3902,2026-01-27,Mobile,3,0,1
U3902,2026-01-28,Mobile,1,0,0
U3903,2026-01-15,Mobile,4,2,2
U3903,2026-01-16,Mobile,2,0,0
U3903,2026-01-17,Mobile,1,0,1
U3903,2026-01-18,Mobile,2,0,0
U3903,2026-01-19,Mobile,3,1,1
U3903,2026-01-21,Mobile,3,0,1
U3903,2026-01-22,Mobile,1,0,1
U3903,2026-01-23,Mobile,1,0,1
U3903,2026-01-25,Mobile,1,0,0
U3903,2026-01-26,Mobile,2,1,1
U3903,2026-01-27,Mobile,4,1,1
U3904,2026-01-15,Mobile,4,0,0
U3904,2026-01-16,Mobile,3,0,0
U3904,2026-01-17,Mobile,3,0,3
U3904,2026-01-18,PC,3,0,3
U3904,2026-01-19,Mobile,2,0,0
U3904,2026-01-20,Mobile,4,0,3
U3904,2026-01-21,Mobile,5,1,3
U3904,2026-01-22,PC,4,1,0
U3904,2026-01-23,PC,1,0,0
U3904,2026-01-24,PC,2,0,0
U3904,2026-01-25,PC,4,1,2
U3904,2026-01-27,Mobile,1,0,0
U3904,2026-01-28,Mobile,1,0,0
U3905,2026-01-15,PC,4,1,2
U3905,2026-01-17,Mobile,1,0,0
U3905,2026-01-18,PC,2,1,1
U3905,2026-01-19,Mobile,4,0,1
U3905,2026-01-21,Mobile,5,0,1
U3905,2026-01-22,PC,1,0,0
U3905,2026-01-24,PC,3,0,0
U3905,2026-01-25,PC,3,1,1
U3905,2026-01-26,PC,5,1,0
U3905,2026-01-28,PC,2,1,0
U3906,2026-01-15,PC,4,0,0
U3906,2026-01-16,Mobile,1,1,0
U3906,2026-01-17,PC,1,0,1
U3906,2026-01-18,Mobile,5,0,1
U3906,2026-01-19,Mobile,3,1,2
U3906,2026-01-20,Mobile,3,0,1
U3906,2026-01-21,PC,3,0,0
U3906,2026-01-22,PC,1,0,0
U3906,2026-01-23,Mobile,1,0,0
U3906,2026-01-24,PC,1,0,0
U3906,2026-01-25,PC,4,1,2
U3906,2026-01-26,Mobile,4,0,2
U3906,2026-01-27,PC,3,2,1
U3907,2026-01-15,PC,5,1,0
U3907,2026-01-16,Mobile,5,1,4
U3907,2026-01-17,PC,1,0,0
U3907,2026-01-18,Mobile,3,0,3
U3907,2026-01-19,Mobile,4,0,4
U3907,2026-01-20,PC,5,2,2
U3907,2026-01-21,Mobile,3,0,1
U3907,2026-01-22,PC,2,0,1
U3907,2026-01-23,Mobile,5,0,0
U3907,2026-01-24,PC,1,0,0
U3907,2026-01-26,Mobile,1,0,0
U3907,2026-01-27,PC,4,1,1
U3907,2026-01-28,Mobile,2,0,2
U3908,2026-01-16,PC,1,1,0
U3908,2026-01-17,PC,2,1,1
U3908,2026-01-18,PC,1,0,0
U3908,2026-01-19,Mobile,3,0,3
U3908,2026-01-20,PC,3,1,0
U3908,2026-01-21,Mobile,3,0,0
U3908,2026-01-22,PC,3,0,3
U3908,2026-01-23,Mobile,1,0,0
U3908,2026-01-24,PC,4,0,0
U3908,2026-01-26,Mobile,1,0,1
U3908,2026-01-27,Mobile,4,0,3
U3908,2026-01-28,Mobile,1,0,0
U3909,2026-01-15,Mobile,2,0,0
U3909,2026-01-16,Mobile,2,0,1
U3909,2026-01-17,Mobile,1,0,0
U3909,2026-01-18,PC,3,2,0
U3909,2026-01-19,PC,1,0,0
U3909,2026-01-20,Mobile,5,2,2
U3909,2026-01-21,PC,3,2,1
U3909,2026-01-22,Mobile,1,0,1
U3909,2026-01-24,Mobile,4,0,2
U3909,2026-01-25,Mobile,1,0,0
U3909,2026-01-26,Mobile,1,0,0
U3909,2026-01-27,Mobile,5,2,0
U3909,2026-01-28,PC,5,3,1
U3910,2026-01-15,Mobile,3,0,1
U3910,2026-01-16,PC,1,0,0
U3910,2026-01-18,PC,3,1,1
U3910,2026-01-19,PC,3,0,1
U3910,2026-01-20,Mobile,3,0,2
U3910,2026-01-21,PC,2,0,1
U3910,2026-01-22,Mobile,2,0,1
U3910,2026-01-23,Mobile,2,0,0
U3910,2026-01-24,PC,3,0,1
U3910,2026-01-25,Mobile,2,0,2
U3910,2026-01-26,PC,3,0,0
U3910,2026-01-27,PC,2,0,0
U3910,2026-01-28,Mobile,3,1,2
U3911,2026-01-15,Mobile,2,0,2
U3911,2026-01-16,PC,4,2,1
U3911,2026-01-17,Mobile,5,1,2
U3911,2026-01-18,PC,3,0,1
U3911,2026-01-19,PC,5,1,0
U3911,2026-01-22,PC,2,0,1
U3911,2026-01-23,PC,2,1,0
U3911,2026-01-24,PC,1,0,0
U3911,2026-01-25,Mobile,2,1,0
U3911,2026-01-26,Mobile,4,4,0
U3911,2026-01-27,Mobile,2,0,0
U3912,2026-01-16,Mobile,5,0,0
U3912,2026-01-17,Mobile,1,0,1
U3912,2026-01-18,PC,2,0,0
U3912,2026-01-19,Mobile,4,0,4
U3912,2026-01-20,PC,5,1,1
U3912,2026-01-21,Mobile,5,0,4
U3912,2026-01-22,PC,1,1,0
U3912,2026-01-24,Mobile,2,0,0
U3912,2026-01-26,Mobile,4,1,2
U3912,2026-01-27,PC,5,0,2
U3912,2026-01-28,PC,5,1,0
U3913,2026-01-15,Mobile,5,1,2
U3913,2026-01-16,PC,5,1,1
U3913,2026-01-17,Mobile,3,1,1
U3913,2026-01-18,PC,2,2,0
U3913,2026-01-19,Mobile,1,0,0
U3913,2026-01-20,Mobile,4,2,0
U3913,2026-01-21,Mobile,3,3,0
U3913,2026-01-22,PC,5,4,1
U3913,2026-01-23,Mobile,1,1,0
U3913,2026-01-24,Mobile,5,0,0
U3913,2026-01-25,Mobile,4,1,1
U3913,2026-01-28,PC,2,0,0
U3914,2026-01-15,Mobile,4,0,2
U3914,2026-01-16,Mobile,5,0,0
U3914,2026-01-17,Mobile,5,0,2
U3914,2026-01-19,Mobile,2,1,1
U3914,2026-01-20,Mobile,4,1,1
U3914,2026-01-21,PC,3,2,1
U3914,2026-01-23,Mobile,1,0,0
U3914,2026-01-24,PC,5,0,4
U3914,2026-01-25,PC,4,0,0
U3914,2026-01-26,Mobile,2,0,0
U3914,2026-01-27,PC,3,0,3
U3914,2026-01-28,Mobile,4,0,0
U3915,2026-01-15,Mobile,1,0,1
U3915,2026-01-16,PC,5,2,3
U3915,2026-01-17,Mobile,5,2,0
U3915,2026-01-18,Mobile,5,1,2
U3915,2026-01-19,Mobile,3,0,0
U3915,2026-01-20,Mobile,3,0,3
U3915,2026-01-21,Mobile,5,1,0
U3915,2026-01-22,PC,5,3,1
U3915,2026-01-23,Mobile,4,2,1
U3915,2026-01-24,Mobile,5,0,1
U3915,2026-01-25,PC,5,0,0
U3915,2026-01-26,Mobile,5,1,1
U3915,2026-01-27,PC,3,0,2
U3915,2026-01-28,Mobile,1,0,1
U3916,2026-01-15,PC,1,0,1
U3916,2026-01-16,Mobile,4,0,3
U3916,2026-01-17,Mobile,1,0,1
U3916,2026-01-18,Mobile,3,3,0
U3916,2026-01-19,PC,4,3,0
U3916,2026-01-20,Mobile,4,2,2
U3916,2026-01-21,Mobile,4,1,1
U3916,2026-01-22,Mobile,1,1,0
U3916,2026-01-23,Mobile,5,1,1
U3916,2026-01-24,PC,3,3,0
U3916,2026-01-25,PC,3,1,1
U3916,2026-01-26,Mobile,1,1,0
U3916,2026-01-27,PC,3,3,0
U3916,2026-01-28,Mobile,2,1,0
U3917,2026-01-15,Mobile,1,1,0
U3917,2026-01-16,Mobile,2,0,1
U3917,2026-01-17,Mobile,5,0,0
U3917,2026-01-18,Mobile,4,1,2
U3917,2026-01-19,Mobile,5,2,2
U3917,2026-01-20,Mobile,2,0,0
U3917,2026-01-21,PC,1,0,0
U3917,2026-01-22,Mobile,2,2,0
U3917,2026-01-23,PC,4,1,1
U3917,2026-01-25,PC,3,1,0
U3917,2026-01-26,PC,1,0,0
U3917,2026-01-27,Mobile,3,1,2
U3917,2026-01-28,Mobile,3,1,0
U3918,2026-01-15,PC,1,0,1
U3918,2026-01-16,PC,4,0,2
U3918,2026-01-17,PC,4,0,1
U3918,2026-01-18,Mobile,4,2,0
U3918,2026-01-19,PC,2,0,1
U3918,2026-01-20,Mobile,5,1,2
U3918,2026-01-21,PC,5,1,1
U3918,2026-01-22,Mobile,2,1,1
U3918,2026-01-24,PC,4,1,1
U3918,2026-01-25,PC,1,0,0
U3918,2026-01-27,Mobile,3,2,1
U3918,2026-01-28,Mobile,4,1,2
U3919,2026-01-15,PC,5,0,0
U3919,2026-01-16,Mobile,1,1,0
U3919,2026-01-17,Mobile,5,1,4
U3919,2026-01-18,Mobile,1,1,0
U3919,2026-01-19,Mobile,3,0,2
U3919,2026-01-20,PC,1,0,0
U3919,2026-01-22,Mobile,1,0,1
U3919,2026-01-23,Mobile,2,1,1
U3919,2026-01-24,Mobile,1,0,0
U3919,2026-01-25,Mobile,5,2,2
U3919,2026-01-26,PC,5,1,4
U3919,2026-01-27,Mobile,1,0,0
U3919,2026-01-28,Mobile,2,0,0
U3920,2026-01-15,PC,5,0,0
U3920,2026-01-16,Mobile,3,0,0
U3920,2026-01-17,Mobile,1,0,0
U3920,2026-01-18,Mobile,2,0,0
U3920,2026-01-20,PC,3,0,0
U3920,2026-01-21,PC,4,0,0
U3920,2026-01-23,Mobile,2,1,0
U3920,2026-01-24,Mobile,3,1,1
U3920,2026-01-25,PC,3,1,0
U3920,2026-01-26,Mobile,4,1,0
U3920,2026-01-27,Mobile,4,0,1
U3920,2026-01-28,Mobile,5,3,2
U3921,2026-01-15,Mobile,5,1,0
U3921,2026-01-16,Mobile,4,1,3
U3921,2026-01-17,Mobile,5,1,4
U3921,2026-01-18,Mobile,5,0,3
U3921,2026-01-20,Mobile,2,0,2
U3921,2026-01-21,Mobile,3,0,1
U3921,2026-01-22,Mobile,4,0,1
U3921,2026-01-23,PC,2,0,0
U3921,2026-01-24,Mobile,3,1,1
U3921,2026-01-25,Mobile,2,0,2
U3921,2026-01-26,Mobile,4,0,2
U3921,2026-01-27,Mobile,2,0,1
U3922,2026-01-15,Mobile,3,0,1
U3922,2026-01-16,Mobile,3,0,2
U3922,2026-01-17,PC,1,0,1
U3922,2026-01-18,PC,3,1,2
U3922,2026-01-19,Mobile,4,0,0
U3922,2026-01-20,Mobile,2,0,0
U3922,2026-01-21,Mobile,5,2,2
U3922,2026-01-22,Mobile,5,2,2
U3922,2026-01-23,PC,2,1,1
U3922,2026-01-24,Mobile,1,0,0
U3922,2026-01-25,Mobile,2,0,1
U3922,2026-01-26,Mobile,2,0,1
U3922,2026-01-27,Mobile,3,0,0
U3922,2026-01-28,Mobile,4,1,2
U3923,2026-01-15,Mobile,5,3,2
U3923,2026-01-16,Mobile,4,0,2
U3923,2026-01-17,PC,1,0,0
U3923,2026-01-18,PC,4,0,0
U3923,2026-01-19,PC,3,2,1
U3923,2026-01-20,Mobile,5,0,0
U3923,2026-01-21,Mobile,3,0,0
U3923,2026-01-22,PC,4,0,0
U3923,2026-01-23,Mobile,1,0,1
U3923,2026-01-24,Mobile,1,0,0
U3923,2026-01-25,PC,1,0,0
U3923,2026-01-26,Mobile,1,1,0
U3923,2026-01-27,PC,4,1,2
U3923,2026-01-28,Mobile,1,0,0
U3924,2026-01-15,PC,5,1,1
U3924,2026-01-17,PC,3,0,0
U3924,2026-01-19,PC,1,1,0
U3924,2026-01-22,Mobile,1,0,0
U3924,2026-01-23,Mobile,3,2,1
U3924,2026-01-24,Mobile,5,4,1
U3924,2026-01-25,Mobile,2,1,0
U3924,2026-01-26,Mobile,5,1,1
U3924,2026-01-27,Mobile,4,1,1
U3924,2026-01-28,PC,5,0,0
U3925,2026-01-15,PC,4,0,1
U3925,2026-01-17,Mobile,3,2,0
U3925,2026-01-19,Mobile,1,0,0
U3925,2026-01-20,PC,3,0,1
U3925,2026-01-21,PC,1,0,0
U3925,2026-01-22,Mobile,2,0,1
U3925,2026-01-23,Mobile,2,0,1
U3925,2026-01-24,Mobile,1,0,0
U3925,2026-01-25,Mobile,5,1,0
U3925,2026-01-26,Mobile,2,0,0
U3925,2026-01-27,Mobile,3,1,0
U3925,2026-01-28,Mobile,5,1,0
U3926,2026-01-15,Mobile,2,0,0
U3926,2026-01-16,PC,3,1,2
U3926,2026-01-17,Mobile,1,0,1
U3926,2026-01-18,PC,4,1,3
U3926,2026-01-19,Mobile,1,0,1
U3926,2026-01-20,Mobile,2,0,2
U3926,2026-01-21,Mobile,4,1,1
U3926,2026-01-22,PC,3,0,3
U3926,2026-01-23,Mobile,5,0,1
U3926,2026-01-25,Mobile,1,0,0
U3926,2026-01-26,Mobile,4,1,3
U3926,2026-01-27,Mobile,3,0,0
U3926,2026-01-28,PC,5,0,4
U3927,2026-01-16,PC,3,1,2
U3927,2026-01-17,Mobile,4,0,0
U3927,2026-01-18,PC,3,0,1
U3927,2026-01-19,PC,2,0,0
U3927,2026-01-20,Mobile,2,0,0
U3927,2026-01-21,Mobile,1,0,1
U3927,2026-01-22,PC,4,0,2
U3927,2026-01-23,Mobile,2,1,1
U3927,2026-01-24,PC,5,0,2
U3927,2026-01-25,PC,1,0,0
U3927,2026-01-26,Mobile,3,0,2
U3927,2026-01-27,PC,3,1,1
U3927,2026-01-28,Mobile,2,0,0
U3928,2026-01-15,PC,1,0,0
U3928,2026-01-16,Mobile,3,0,3
U3928,2026-01-17,PC,2,0,1
U3928,2026-01-18,Mobile,2,1,1
U3928,2026-01-19,PC,5,1,3
U3928,2026-01-20,Mobile,1,0,0
U3928,2026-01-21,Mobile,5,1,3
U3928,2026-01-22,PC,2,1,1
U3928,2026-01-23,PC,2,0,0
U3928,2026-01-24,PC,1,0,1
U3928,2026-01-25,Mobile,5,1,3
U3928,2026-01-26,PC,2,0,0
U3928,2026-01-27,PC,4,0,2
U3928,2026-01-28,Mobile,3,1,2
U3929,2026-01-15,Mobile,4,0,1
U3929,2026-01-16,PC,4,0,0
U3929,2026-01-17,Mobile,4,0,0
U3929,2026-01-18,PC,4,1,3
U3929,2026-01-19,Mobile,4,2,2
U3929,2026-01-20,Mobile,1,0,1
U3929,2026-01-21,Mobile,1,0,1
U3929,2026-01-22,Mobile,4,0,0
U3929,2026-01-23,PC,1,0,1
U3929,2026-01-24,Mobile,2,0,1
U3929,2026-01-25,PC,4,1,1
U3929,2026-01-26,Mobile,4,2,1
U3929,2026-01-27,PC,2,1,1
U3930,2026-01-15,PC,3,1,2
U3930,2026-01-16,Mobile,3,2,1
U3930,2026-01-17,Mobile,4,2,1
U3930,2026-01-18,Mobile,1,0,0
U3930,2026-01-19,PC,2,0,0
U3930,2026-01-20,Mobile,4,2,2
U3930,2026-01-21,Mobile,3,0,1
U3930,2026-01-22,Mobile,2,0,0
U3930,2026-01-23,PC,5,1,2
U3930,2026-01-24,Mobile,3,0,0
U3930,2026-01-25,Mobile,2,0,0
U3930,2026-01-26,PC,2,2,0
U3930,2026-01-27,PC,5,2,1
U3930,2026-01-28,PC,2,0,0
U3931,2026-01-17,Mobile,3,1,0
U3931,2026-01-18,PC,2,1,0
U3931,2026-01-20,Mobile,2,1,1
U3931,2026-01-21,Mobile,2,0,0
U3931,2026-01-22,PC,5,2,1
U3931,2026-01-23,PC,2,1,1
U3931,2026-01-24,PC,2,2,0
U3931,2026-01-25,Mobile,4,1,1
U3931,2026-01-26,Mobile,1,0,0
U3931,2026-01-27,Mobile,4,1,0
U3931,2026-01-28,Mobile,3,0,0
U3932,2026-01-15,Mobile,3,2,1
U3932,2026-01-16,Mobile,1,0,0
U3932,2026-01-17,Mobile,1,0,0
U3932,2026-01-19,PC,1,0,1
U3932,2026-01-20,Mobile,2,0,0
U3932,2026-01-21,PC,3,2,0
U3932,2026-01-22,Mobile,4,1,2
U3932,2026-01-23,PC,2,1,0
U3932,2026-01-24,PC,5,0,0
U3932,2026-01-25,PC,2,0,1
U3932,2026-01-26,PC,3,0,0
U3932,2026-01-27,PC,1,0,0
U3933,2026-01-15,PC,1,0,1
U3933,2026-01-16,PC,4,2,0
U3933,2026-01-17,Mobile,2,0,0
U3933,2026-01-18,Mobile,2,1,0
U3933,2026-01-19,Mobile,5,3,2
U3933,2026-01-20,PC,2,0,0
U3933,2026-01-21,Mobile,3,1,0
U3933,2026-01-22,Mobile,5,0,3
U3933,2026-01-24,Mobile,1,1,0
U3933,2026-01-25,Mobile,1,0,0
U3933,2026-01-26,Mobile,4,1,0
U3933,2026-01-27,PC,5,2,2
U3933,2026-01-28,Mobile,2,2,0
U3934,2026-01-15,Mobile,5,0,5
U3934,2026-01-16,Mobile,3,0,3
U3934,2026-01-17,PC,2,1,0
U3934,2026-01-18,PC,4,1,3
U3934,2026-01-19,PC,2,1,0
U3934,2026-01-22,Mobile,2,0,1
U3934,2026-01-23,Mobile,1,0,1
U3934,2026-01-25,PC,4,0,2
U3934,2026-01-26,Mobile,1,0,0
U3934,2026-01-27,PC,3,1,1
U3934,2026-01-28,Mobile,5,1,3
U3935,2026-01-15,Mobile,1,0,0
U3935,2026-01-17,Mobile,1,0,1
U3935,2026-01-18,PC,3,0,1
U3935,2026-01-20,Mobile,4,1,0
U3935,2026-01-21,Mobile,1,0,0
U3935,2026-01-22,Mobile,1,0,1
U3935,2026-01-23,PC,2,0,0
U3935,2026-01-24,PC,4,0,1
U3935,2026-01-25,Mobile,5,0,0
U3935,2026-01-26,Mobile,1,0,1
U3935,2026-01-27,Mobile,1,0,0
U3935,2026-01-28,Mobile,3,0,1
U3936,2026-01-15,Mobile,4,0,0
U3936,2026-01-16,PC,4,0,0
U3936,2026-01-17,Mobile,4,1,0
U3936,2026-01-18,Mobile,1,0,0
U3936,2026-01-19,PC,5,0,0
U3936,2026-01-20,PC,4,0,1
U3936,2026-01-21,Mobile,3,0,0
U3936,2026-01-22,PC,3,1,2
U3936,2026-01-23,Mobile,2,0,0
U3936,2026-01-24,PC,4,1,1
U3936,2026-01-25,PC,4,0,4
U3936,2026-01-26,Mobile,4,1,1
U3936,2026-01-27,Mobile,3,1,2
U3936,2026-01-28,PC,5,2,3
U3937,2026-01-15,Mobile,4,0,0
U3937,2026-01-16,PC,3,0,1
U3937,2026-01-17,PC,5,0,3
U3937,2026-01-18,PC,2,0,0
U3937,2026-01-19,PC,5,0,0
U3937,2026-01-20,PC,1,0,0
U3937,2026-01-21,Mobile,5,1,3
U3937,2026-01-22,PC,1,1,0
U3937,2026-01-23,Mobile,3,0,2
U3937,2026-01-25,PC,4,1,2
U3937,2026-01-26,Mobile,1,0,0
U3937,2026-01-27,Mobile,4,1,0
U3937,2026-01-28,PC,5,0,1
U3938,2026-01-15,Mobile,1,0,0
U3938,2026-01-16,PC,1,1,0
U3938,2026-01-17,Mobile,4,0,0
U3938,2026-01-18,Mobile,4,0,0
U3938,2026-01-19,Mobile,2,1,0
U3938,2026-01-20,Mobile,1,0,0
U3938,2026-01-22,Mobile,1,0,0
U3938,2026-01-23,PC,1,0,1
U3938,2026-01-24,Mobile,1,0,0
U3938,2026-01-25,PC,5,0,1
U3938,2026-01-26,PC,2,0,2
U3938,2026-01-27,Mobile,2,0,2
U3938,2026-01-28,PC,5,1,4
U3939,2026-01-15,Mobile,2,0,0
U3939,2026-01-16,Mobile,5,2,2
U3939,2026-01-17,Mobile,1,0,1
U3939,2026-01-18,PC,3,1,1
U3939,2026-01-19,PC,1,0,0
U3939,2026-01-22,Mobile,2,0,1
U3939,2026-01-23,Mobile,1,1,0
U3939,2026-01-25,Mobile,3,2,1
U3939,2026-01-26,Mobile,5,0,2
U3939,2026-01-27,PC,5,1,4
U3939,2026-01-28,Mobile,2,1,1
U3940,2026-01-15,Mobile,3,0,0
U3940,2026-01-16,PC,4,1,1
U3940,2026-01-17,PC,2,1,1
U3940,2026-01-18,PC,1,1,0
U3940,2026-01-19,Mobile,5,1,2
U3940,2026-01-20,Mobile,1,1,0
U3940,2026-01-21,Mobile,2,0,1
U3940,2026-01-22,Mobile,5,1,0
U3940,2026-01-23,Mobile,5,1,1
U3940,2026-01-24,PC,4,1,2
U3940,2026-01-25,PC,4,1,0
U3940,2026-01-26,Mobile,1,1,0
U3940,2026-01-27,Mobile,2,0,0
U3940,2026-01-28,PC,5,1,2
U3941,2026-01-15,Mobile,4,2,1
U3941,2026-01-17,Mobile,2,0,2
U3941,2026-01-18,Mobile,3,1,1
U3941,2026-01-19,PC,5,0,0
U3941,2026-01-20,PC,4,2,2
U3941,2026-01-21,PC,1,0,0
U3941,2026-01-22,Mobile,3,2,0
U3941,2026-01-23,Mobile,3,1,2
U3941,2026-01-25,Mobile,2,0,0
U3941,2026-01-26,Mobile,5,1,1
U3941,2026-01-27,Mobile,3,1,2
U3941,2026-01-28,Mobile,3,3,0
U3942,2026-01-15,Mobile,1,0,0
U3942,2026-01-16,PC,5,1,1
U3942,2026-01-17,PC,4,0,3
U3942,2026-01-18,Mobile,5,0,2
U3942,2026-01-19,PC,4,0,3
U3942,2026-01-20,PC,1,0,1
U3942,2026-01-21,Mobile,5,0,0
U3942,2026-01-23,Mobile,3,0,0
U3942,2026-01-25,PC,5,1,0
U3942,2026-01-26,PC,4,1,0
U3942,2026-01-27,Mobile,5,1,0
U3942,2026-01-28,Mobile,3,1,2
U3943,2026-01-16,Mobile,5,0,0
U3943,2026-01-17,PC,3,1,2
U3943,2026-01-18,Mobile,3,1,2
U3943,2026-01-19,PC,4,1,0
U3943,2026-01-20,PC,2,1,1
U3943,2026-01-21,Mobile,4,0,0
U3943,2026-01-22,PC,2,0,1
U3943,2026-01-23,PC,4,0,2
U3943,2026-01-24,Mobile,1,0,0
U3943,2026-01-25,PC,5,0,4
U3943,2026-01-26,Mobile,5,1,4
U3943,2026-01-27,PC,4,0,0
U3943,2026-01-28,Mobile,5,0,5
U3944,2026-01-15,PC,2,0,1
U3944,2026-01-16,Mobile,3,1,2
U3944,2026-01-17,Mobile,1,0,0
U3944,2026-01-18,PC,1,0,1
U3944,2026-01-19,PC,4,1,0
U3944,2026-01-21,Mobile,1,0,0
U3944,2026-01-22,PC,5,2,1
U3944,2026-01-23,PC,3,0,1
U3944,2026-01-24,Mobile,3,0,0
U3944,2026-01-25,Mobile,3,0,3
U3944,2026-01-26,Mobile,4,1,1
U3944,2026-01-27,PC,4,1,2
U3944,2026-01-28,Mobile,3,0,1
U3945,2026-01-15,Mobile,4,1,1
U3945,2026-01-16,Mobile,2,0,1
U3945,2026-01-17,Mobile,3,0,0
U3945,2026-01-18,PC,4,0,3
U3945,2026-01-19,PC,1,0,1
U3945,2026-01-20,Mobile,1,0,1
U3945,2026-01-21,Mobile,5,0,3
U3945,2026-01-22,Mobile,3,0,3
U3945,2026-01-23,Mobile,2,1,1
U3945,2026-01-24,Mobile,4,2,2
U3945,2026-01-25,Mobile,5,0,5
U3945,2026-01-26,PC,5,1,2
U3945,2026-01-27,Mobile,1,0,0
U3945,2026-01-28,PC,4,0,3
U3946,2026-01-15,Mobile,4,1,3
U3946,2026-01-16,Mobile,4,2,0
U3946,2026-01-17,Mobile,2,0,2
U3946,2026-01-18,Mobile,1,0,1
U3946,2026-01-19,PC,3,0,0
U3946,2026-01-21,Mobile,3,1,0
U3946,2026-01-22,PC,5,0,0
U3946,2026-01-23,PC,1,0,0
U3946,2026-01-24,Mobile,5,3,1
U3946,2026-01-25,PC,5,1,1
U3946,2026-01-26,Mobile,5,1,0
U3946,2026-01-27,Mobile,1,0,1
U3947,2026-01-15,PC,4,2,2
U3947,2026-01-16,PC,2,0,0
U3947,2026-01-17,Mobile,1,1,0
U3947,2026-01-18,Mobile,3,1,0
U3947,2026-01-19,PC,1,0,0
U3947,2026-01-20,PC,4,2,2
U3947,2026-01-21,PC,3,1,0
U3947,2026-01-22,PC,4,2,1
U3947,2026-01-24,PC,1,0,0
U3947,2026-01-25,Mobile,3,1,0
U3947,2026-01-26,Mobile,4,2,1
U3947,2026-01-27,PC,2,1,0
U3947,2026-01-28,Mobile,4,0,1
U3948,2026-01-15,Mobile,4,0,0
U3948,2026-01-17,Mobile,1,0,0
U3948,2026-01-19,Mobile,3,0,1
U3948,2026-01-20,Mobile,3,0,1
U3948,2026-01-21,PC,4,0,3
U3948,2026-01-22,PC,2,0,0
U3948,2026-01-23,Mobile,2,1,1
U3948,2026-01-24,PC,5,0,2
U3948,2026-01-25,Mobile,3,0,1
U3948,2026-01-26,PC,4,0,0
U3948,2026-01-27,PC,1,0,1
U3948,2026-01-28,Mobile,4,2,2
U3949,2026-01-15,Mobile,3,0,1
U3949,2026-01-16,Mobile,3,0,1
U3949,2026-01-17,Mobile,1,0,0
U3949,2026-01-18,Mobile,3,2,0
U3949,2026-01-19,PC,1,0,0
U3949,2026-01-20,PC,2,0,0
U3949,2026-01-22,Mobile,2,0,0
U3949,2026-01-23,PC,4,0,3
U3949,2026-01-25,PC,2,1,0
U3949,2026-01-27,PC,4,0,0
U3949,2026-01-28,Mobile,3,2,0
U3950,2026-01-15,PC,3,0,0
U3950,2026-01-17,Mobile,3,1,0
U3950,2026-01-18,Mobile,5,1,4
U3950,2026-01-21,PC,3,0,1
U3950,2026-01-22,PC,2,0,2
U3950,2026-01-23,Mobile,3,0,3
U3950,2026-01-24,PC,2,1,0
U3950,2026-01-25,Mobile,2,0,1
U3950,2026-01-26,PC,1,0,0
U3950,2026-01-27,Mobile,5,1,1
U3950,2026-01-28,Mobile,3,0,0
U3951,2026-01-15,PC,4,1,0
U3951,2026-01-16,PC,1,0,0
U3951,2026-01-17,Mobile,1,0,0
U3951,2026-01-18,Mobile,1,0,1
U3951,2026-01-19,PC,2,0,2
U3951,2026-01-20,PC,2,1,1
U3951,2026-01-21,PC,1,1,0
U3951,2026-01-22,PC,1,0,0
U3951,2026-01-23,PC,4,0,0
U3951,2026-01-24,PC,4,2,2
U3951,2026-01-25,Mobile,1,0,1
U3951,2026-01-26,PC,5,0,4
U3951,2026-01-27,Mobile,3,0,0
U3951,2026-01-28,PC,4,0,2
U3952,2026-01-15,Mobile,1,0,0
U3952,2026-01-16,Mobile,1,1,0
U3952,2026-01-17,Mobile,3,2,0
U3952,2026-01-19,PC,4,0,0
U3952,2026-01-20,Mobile,2,0,0
U3952,2026-01-22,Mobile,1,0,0
U3952,2026-01-23,Mobile,1,0,1
U3952,2026-01-24,PC,4,1,0
U3952,2026-01-25,Mobile,3,1,2
U3953,2026-01-15,Mobile,5,2,3
U3953,2026-01-16,PC,1,0,1
U3953,2026-01-17,Mobile,1,0,0
U3953,2026-01-18,PC,1,0,1
U3953,2026-01-19,Mobile,2,0,2
U3953,2026-01-20,Mobile,1,0,1
U3953,2026-01-21,PC,3,3,0
U3953,2026-01-22,PC,2,0,1
U3953,2026-01-23,PC,5,2,3
U3953,2026-01-24,Mobile,5,3,2
U3953,2026-01-25,PC,2,0,1
U3953,2026-01-26,Mobile,4,0,1
U3953,2026-01-27,PC,1,0,1
U3953,2026-01-28,Mobile,2,0,0
U3954,2026-01-15,Mobile,2,0,0
U3954,2026-01-16,Mobile,3,1,1
U3954,2026-01-17,Mobile,4,0,0
U3954,2026-01-18,PC,3,3,0
U3954,2026-01-19,Mobile,3,0,0
U3954,2026-01-20,PC,5,1,3
U3954,2026-01-21,PC,1,0,0
U3954,2026-01-22,PC,3,1,0
U3954,2026-01-23,Mobile,4,1,1
U3954,2026-01-24,Mobile,5,0,4
U3954,2026-01-25,Mobile,4,0,1
U3954,2026-01-26,PC,4,0,0
U3954,2026-01-27,PC,5,2,3
U3954,2026-01-28,PC,1,0,0
U3955,2026-01-15,Mobile,3,3,0
U3955,2026-01-16,Mobile,5,2,2
U3955,2026-01-17,Mobile,5,0,2
U3955,2026-01-18,Mobile,3,1,2
U3955,2026-01-19,PC,4,1,3
U3955,2026-01-20,PC,2,1,1
U3955,2026-01-21,Mobile,3,1,1
U3955,2026-01-22,Mobile,2,2,0
U3955,2026-01-23,PC,5,1,0
U3955,2026-01-24,Mobile,4,0,1
U3955,2026-01-25,PC,3,1,1
U3955,2026-01-26,PC,4,2,0
U3955,2026-01-27,PC,5,1,2
U3955,2026-01-28,PC,5,1,3
U3956,2026-01-15,Mobile,1,0,0
U3956,2026-01-16,Mobile,5,0,1
U3956,2026-01-17,Mobile,2,0,1
U3956,2026-01-18,Mobile,2,1,0
U3956,2026-01-19,PC,5,0,0
U3956,2026-01-20,Mobile,5,0,2
U3956,2026-01-22,Mobile,4,2,1
U3956,2026-01-23,Mobile,4,1,2
U3956,2026-01-24,Mobile,1,0,0
U3956,2026-01-25,Mobile,5,1,1
U3956,2026-01-26,Mobile,5,1,2
U3956,2026-01-27,Mobile,2,1,0
U3956,2026-01-28,Mobile,2,2,0
U3957,2026-01-15,Mobile,3,2,1
U3957,2026-01-16,Mobile,3,1,0
U3957,2026-01-17,Mobile,3,2,0
U3957,2026-01-18,PC,4,3,1
U3957,2026-01-19,PC,2,1,0
U3957,2026-01-20,PC,3,1,1
U3957,2026-01-21,PC,2,1,0
U3957,2026-01-22,Mobile,2,0,1
U3957,2026-01-23,Mobile,3,0,1
U3957,2026-01-24,Mobile,4,1,2
U3957,2026-01-25,Mobile,1,0,0
U3957,2026-01-26,Mobile,3,1,2
U3957,2026-01-27,PC,4,0,1
U3957,2026-01-28,Mobile,3,1,2
U3958,2026-01-15,Mobile,2,0,0
U3958,2026-01-16,PC,5,2,1
U3958,2026-01-17,PC,5,0,1
U3958,2026-01-18,Mobile,3,0,1
U3958,2026-01-19,Mobile,2,0,1
U3958,2026-01-20,Mobile,5,0,3
U3958,2026-01-22,Mobile,4,0,1
U3958,2026-01-23,Mobile,3,1,0
U3958,2026-01-25,PC,1,0,1
U3958,2026-01-26,Mobile,3,1,0
U3958,2026-01-27,PC,2,0,0
U3958,2026-01-28,PC,5,1,4
U3959,2026-01-15,Mobile,3,1,2
U3959,2026-01-17,PC,3,0,1
U3959,2026-01-18,Mobile,1,0,1
U3959,2026-01-19,Mobile,4,0,3
U3959,2026-01-20,Mobile,4,1,1
U3959,2026-01-21,Mobile,3,0,0
U3959,2026-01-22,PC,5,0,3
U3959,2026-01-23,Mobile,5,1,2
U3959,2026-01-24,Mobile,2,0,2
U3959,2026-01-25,PC,1,1,0
U3959,2026-01-26,Mobile,5,1,3
U3959,2026-01-27,PC,3,0,0
U3959,2026-01-28,Mobile,1,0,0
U3960,2026-01-15,PC,1,0,0
U3960,2026-01-16,PC,3,0,2
U3960,2026-01-17,Mobile,1,0,0
U3960,2026-01-18,Mobile,5,0,1
U3960,2026-01-19,Mobile,2,1,1
U3960,2026-01-20,Mobile,2,0,0
U3960,2026-01-22,Mobile,3,0,0
U3960,2026-01-24,PC,3,0,2
U3960,2026-01-25,Mobile,2,0,0
U3960,2026-01-26,PC,3,0,0
U3960,2026-01-27,PC,3,1,0
U3960,2026-01-28,PC,1,0,1
U3961,2026-01-15,PC,1,0,0
U3961,2026-01-17,PC,2,0,1
U3961,2026-01-18,Mobile,5,0,0
U3961,2026-01-19,PC,3,1,2
U3961,2026-01-20,PC,3,1,2
U3961,2026-01-21,Mobile,1,0,1
U3961,2026-01-22,Mobile,3,1,2
U3961,2026-01-23,Mobile,1,0,1
U3961,2026-01-24,PC,4,1,3
U3961,2026-01-25,PC,5,0,1
U3961,2026-01-26,Mobile,2,1,1
U3961,2026-01-27,PC,1,0,0
U3961,2026-01-28,PC,1,0,1
U3962,2026-01-15,PC,3,1,1
U3962,2026-01-16,PC,5,0,0
U3962,2026-01-17,PC,2,0,1
U3962,2026-01-18,Mobile,3,1,1
U3962,2026-01-19,Mobile,3,0,1
U3962,2026-01-20,Mobile,3,0,2
U3962,2026-01-21,Mobile,5,2,3
U3962,2026-01-22,Mobile,2,0,1
U3962,2026-01-23,PC,1,0,0
U3962,2026-01-24,Mobile,2,1,1
U3962,2026-01-25,PC,2,0,0
U3962,2026-01-26,PC,2,0,1
U3962,2026-01-27,PC,1,0,0
U3962,2026-01-28,Mobile,2,0,1
U3963,2026-01-15,Mobile,2,0,1
U3963,2026-01-16,PC,4,2,1
U3963,2026-01-17,Mobile,2,0,0
U3963,2026-01-18,Mobile,3,1,2
U3963,2026-01-19,Mobile,4,2,0
U3963,2026-01-20,Mobile,5,0,0
U3963,2026-01-21,PC,5,0,0
U3963,2026-01-22,Mobile,1,0,1
U3963,2026-01-23,PC,5,2,0
U3963,2026-01-24,Mobile,3,2,0
U3963,2026-01-25,PC,1,0,0
U3963,2026-01-27,Mobile,4,3,1
U3963,2026-01-28,Mobile,5,2,1
U3964,2026-01-15,PC,3,0,1
U3964,2026-01-16,Mobile,3,1,1
U3964,2026-01-17,PC,4,0,1
U3964,2026-01-18,Mobile,3,1,1
U3964,2026-01-19,PC,5,1,2
U3964,2026-01-20,Mobile,2,0,1
U3964,2026-01-21,Mobile,2,0,2
U3964,2026-01-22,PC,2,0,2
U3964,2026-01-23,PC,2,0,1
U3964,2026-01-24,PC,1,0,1
U3964,2026-01-25,Mobile,5,0,3
U3964,2026-01-26,PC,1,0,0
U3964,2026-01-27,Mobile,2,0,1
U3964,2026-01-28,PC,2,0,1
U3965,2026-01-15,PC,1,0,0
U3965,2026-01-19,PC,5,2,3
U3965,2026-01-20,Mobile,5,0,0
U3965,2026-01-21,Mobile,2,0,0
U3965,2026-01-22,PC,5,0,1
U3965,2026-01-23,PC,5,0,1
U3965,2026-01-24,Mobile,2,0,0
U3965,2026-01-25,Mobile,5,2,0
U3965,2026-01-26,Mobile,4,2,0
U3965,2026-01-27,Mobile,2,0,2
U3965,2026-01-28,Mobile,5,1,1
U3966,2026-01-15,Mobile,3,0,1
U3966,2026-01-18,PC,4,1,0
U3966,2026-01-19,Mobile,3,2,1
U3966,2026-01-20,PC,5,0,1
U3966,2026-01-21,Mobile,3,1,1
U3966,2026-01-22,Mobile,3,0,1
U3966,2026-01-23,Mobile,1,0,0
U3966,2026-01-24,PC,1,0,1
U3966,2026-01-25,PC,1,0,1
U3966,2026-01-26,PC,3,0,0
U3966,2026-01-27,Mobile,1,0,0
U3966,2026-01-28,Mobile,5,0,3
U3967,2026-01-15,Mobile,1,0,0
U3967,2026-01-16,Mobile,2,0,0
U3967,2026-01-17,Mobile,3,1,2
U3967,2026-01-18,Mobile,4,1,2
U3967,2026-01-19,PC,4,1,1
U3967,2026-01-20,Mobile,2,0,1
U3967,2026-01-21,Mobile,5,2,2
U3967,2026-01-22,Mobile,4,1,3
U3967,2026-01-24,Mobile,5,5,0
U3967,2026-01-25,PC,1,0,0
U3967,2026-01-27,PC,2,2,0
U3967,2026-01-28,PC,4,1,1
U3968,2026-01-15,Mobile,5,0,0
U3968,2026-01-16,Mobile,4,3,1
U3968,2026-01-17,Mobile,3,0,0
U3968,2026-01-18,PC,3,1,0
U3968,2026-01-19,Mobile,4,1,2
U3968,2026-01-20,PC,5,1,2
U3968,2026-01-21,PC,5,0,2
U3968,2026-01-22,Mobile,5,1,2
U3968,2026-01-23,Mobile,2,1,1
U3968,2026-01-24,PC,5,1,0
U3968,2026-01-25,PC,3,0,0
U3968,2026-01-26,PC,1,0,0
U3968,2026-01-27,Mobile,1,0,0
U3968,2026-01-28,Mobile,5,0,0
U3969,2026-01-15,Mobile,5,0,1
U3969,2026-01-16,Mobile,1,0,0
U3969,2026-01-18,Mobile,3,0,1
U3969,2026-01-19,PC,5,1,0
U3969,2026-01-21,PC,4,1,1
U3969,2026-01-22,Mobile,1,0,1
U3969,2026-01-23,Mobile,4,1,3
U3969,2026-01-24,Mobile,1,0,0
U3969,2026-01-25,Mobile,5,0,0
U3969,2026-01-26,Mobile,4,0,2
U3969,2026-01-28,PC,3,0,2
U3970,2026-01-15,Mobile,2,0,1
U3970,2026-01-16,Mobile,3,0,0
U3970,2026-01-17,Mobile,1,0,1
U3970,2026-01-18,PC,1,0,1
U3970,2026-01-19,Mobile,4,1,2
U3970,2026-01-20,PC,4,1,3
U3970,2026-01-22,Mobile,3,0,2
U3970,2026-01-23,Mobile,5,1,2
U3970,2026-01-24,Mobile,2,0,2
U3970,2026-01-25,PC,5,0,0
U3970,2026-01-26,PC,1,0,0
U3970,2026-01-27,PC,3,0,0
U3970,2026-01-28,PC,3,0,1
U3971,2026-01-15,PC,3,1,1
U3971,2026-01-16,Mobile,4,0,1
U3971,2026-01-17,PC,2,0,0
U3971,2026-01-18,PC,1,0,0
U3971,2026-01-19,Mobile,5,0,0
U3971,2026-01-20,Mobile,3,2,0
U3971,2026-01-21,Mobile,1,0,0
U3971,2026-01-22,Mobile,3,0,1
U3971,2026-01-23,Mobile,1,0,0
U3971,2026-01-24,Mobile,5,0,0
U3971,2026-01-26,Mobile,5,1,0
U3971,2026-01-27,PC,5,0,0
U3971,2026-01-28,Mobile,1,0,0
U3972,2026-01-15,Mobile,2,0,0
U3972,2026-01-16,PC,5,0,2
U3972,2026-01-17,Mobile,2,0,1
U3972,2026-01-18,Mobile,2,2,0
U3972,2026-01-19,Mobile,1,0,0
U3972,2026-01-20,Mobile,3,0,2
U3972,2026-01-21,PC,2,1,1
U3972,2026-01-22,Mobile,3,2,1
U3972,2026-01-23,PC,5,0,0
U3972,2026-01-24,Mobile,4,0,3
U3972,2026-01-25,PC,4,2,1
U3972,2026-01-26,PC,5,3,2
U3972,2026-01-27,Mobile,5,1,1
U3972,2026-01-28,PC,1,1,0
U3973,2026-01-15,Mobile,1,0,0
U3973,2026-01-16,Mobile,5,0,1
U3973,2026-01-17,Mobile,4,1,3
U3973,2026-01-18,PC,3,0,0
U3973,2026-01-20,Mobile,1,0,0
U3973,2026-01-21,Mobile,1,0,0
U3973,2026-01-22,Mobile,1,1,0
U3973,2026-01-23,PC,4,0,3
U3973,2026-01-24,PC,1,0,1
U3973,2026-01-25,PC,4,2,2
U3973,2026-01-26,Mobile,5,1,4
U3973,2026-01-27,Mobile,2,0,0
U3973,2026-01-28,PC,4,0,2
U3974,2026-01-17,PC,2,0,0
U3974,2026-01-18,PC,4,0,0
U3974,2026-01-19,Mobile,4,1,0
U3974,2026-01-20,Mobile,4,1,2
U3974,2026-01-21,PC,5,2,3
U3974,2026-01-22,Mobile,2,0,0
U3974,2026-01-23,PC,2,1,0
U3974,2026-01-25,PC,4,1,1
U3974,2026-01-26,PC,1,0,1
U3974,2026-01-27,Mobile,3,0,2
U3974,2026-01-28,Mobile,3,1,2
U3975,2026-01-15,PC,3,1,2
U3975,2026-01-17,Mobile,4,2,0
U3975,2026-01-18,PC,4,0,0
U3975,2026-01-20,Mobile,4,1,2
U3975,2026-01-21,Mobile,2,0,0
U3975,2026-01-22,Mobile,3,2,0
U3975,2026-01-23,PC,3,1,0
U3975,2026-01-25,Mobile,2,0,1
U3975,2026-01-26,PC,3,0,1
U3975,2026-01-27,Mobile,2,0,1
U3975,2026-01-28,PC,4,2,2
U3976,2026-01-15,Mobile,3,1,1
U3976,2026-01-16,PC,4,0,2
U3976,2026-01-17,PC,1,0,0
U3976,2026-01-18,PC,4,0,2
U3976,2026-01-19,Mobile,2,0,0
U3976,2026-01-20,Mobile,5,0,0
U3976,2026-01-22,PC,2,0,1
U3976,2026-01-23,PC,3,1,2
U3976,2026-01-24,PC,4,0,0
U3976,2026-01-25,Mobile,1,0,0
U3976,2026-01-27,PC,5,3,2
U3976,2026-01-28,Mobile,2,0,2
U3977,2026-01-15,PC,3,0,1
U3977,2026-01-16,PC,5,0,3
U3977,2026-01-18,Mobile,3,0,3
U3977,2026-01-19,Mobile,1,0,0
U3977,2026-01-20,PC,1,0,1
U3977,2026-01-21,PC,5,0,0
U3977,2026-01-22,PC,1,0,0
U3977,2026-01-23,PC,3,1,1
U3977,2026-01-24,PC,3,0,0
U3977,2026-01-25,Mobile,4,2,2
U3977,2026-01-26,Mobile,5,1,3
U3977,2026-01-27,PC,4,1,1
U3977,2026-01-28,Mobile,1,0,1
U3978,2026-01-15,Mobile,1,0,1
U3978,2026-01-16,Mobile,1,0,0
U3978,2026-01-17,Mobile,2,0,1
U3978,2026-01-18,Mobile,3,0,3
U3978,2026-01-19,Mobile,5,0,0
U3978,2026-01-20,Mobile,1,0,1
U3978,2026-01-21,PC,1,1,0
U3978,2026-01-22,PC,4,1,0
U3978,2026-01-24,PC,5,0,4
U3978,2026-01-25,Mobile,3,0,1
U3978,2026-01-26,Mobile,2,0,1
U3978,2026-01-27,Mobile,1,0,1
U3978,2026-01-28,PC,3,0,1
U3979,2026-01-16,PC,1,0,0
U3979,2026-01-18,Mobile,2,1,0
U3979,2026-01-19,Mobile,4,3,0
U3979,2026-01-20,PC,3,0,1
U3979,2026-01-21,PC,3,0,3
U3979,2026-01-22,Mobile,4,0,2
U3979,2026-01-23,PC,5,1,1
U3979,2026-01-24,Mobile,2,0,2
U3979,2026-01-25,PC,4,0,2
U3979,2026-01-26,Mobile,4,0,2
U3979,2026-01-27,PC,2,1,1
U3979,2026-01-28,PC,2,0,0
U3980,2026-01-15,PC,2,0,0
U3980,2026-01-16,PC,1,0,0
U3980,2026-01-17,Mobile,4,2,0
U3980,2026-01-19,Mobile,4,0,3
U3980,2026-01-20,PC,4,0,1
U3980,2026-01-21,Mobile,3,1,1
U3980,2026-01-22,PC,5,1,3
U3980,2026-01-23,Mobile,2,1,1
U3980,2026-01-24,PC,1,0,0
U3980,2026-01-25,PC,3,0,2
U3980,2026-01-26,Mobile,5,1,0
U3980,2026-01-27,PC,1,0,1
U3980,2026-01-28,PC,4,1,2
U3981,2026-01-15,Mobile,4,0,1
U3981,2026-01-16,Mobile,2,0,0
U3981,2026-01-17,Mobile,3,0,1
U3981,2026-01-18,Mobile,3,2,1
U3981,2026-01-19,Mobile,2,0,1
U3981,2026-01-20,Mobile,5,2,2
U3981,2026-01-21,Mobile,2,1,1
U3981,2026-01-22,Mobile,4,1,1
U3981,2026-01-23,Mobile,1,0,0
U3981,2026-01-24,Mobile,1,0,0
U3981,2026-01-25,Mobile,5,1,4
U3981,2026-01-26,Mobile,1,1,0
U3981,2026-01-27,PC,5,0,5
U3981,2026-01-28,PC,1,0,1
U3982,2026-01-15,Mobile,3,1,2
U3982,2026-01-16,PC,2,1,0
U3982,2026-01-17,PC,4,2,2
U3982,2026-01-18,Mobile,5,0,0
U3982,2026-01-19,Mobile,5,2,1
U3982,2026-01-20,PC,1,0,0
U3982,2026-01-22,Mobile,5,1,3
U3982,2026-01-23,Mobile,5,0,3
U3982,2026-01-24,PC,3,0,1
U3982,2026-01-25,PC,4,1,2
U3982,2026-01-26,PC,5,0,1
U3982,2026-01-27,PC,2,0,1
U3982,2026-01-28,Mobile,1,0,0
U3983,2026-01-16,PC,5,5,0
U3983,2026-01-17,Mobile,2,0,2
U3983,2026-01-18,Mobile,2,1,0
U3983,2026-01-19,Mobile,1,0,0
U3983,2026-01-20,Mobile,4,4,0
U3983,2026-01-21,Mobile,3,0,1
U3983,2026-01-22,Mobile,3,1,1
U3983,2026-01-23,PC,4,0,0
U3983,2026-01-24,Mobile,1,1,0
U3983,2026-01-26,Mobile,3,1,0
U3983,2026-01-27,Mobile,4,1,0
U3983,2026-01-28,Mobile,4,2,2
U3984,2026-01-15,Mobile,5,0,0
U3984,2026-01-16,Mobile,4,0,0
U3984,2026-01-17,PC,1,1,0
U3984,2026-01-18,Mobile,5,0,5
U3984,2026-01-19,Mobile,5,0,1
U3984,2026-01-21,PC,3,0,0
U3984,2026-01-22,Mobile,3,0,0
U3984,2026-01-23,Mobile,1,0,0
U3984,2026-01-24,PC,1,0,0
U3984,2026-01-25,PC,3,1,2
U3984,2026-01-26,Mobile,3,0,0
U3984,2026-01-27,Mobile,1,0,1
U3984,2026-01-28,PC,3,0,3
U3985,2026-01-15,Mobile,3,0,0
U3985,2026-01-16,Mobile,2,1,0
U3985,2026-01-17,Mobile,4,0,3
U3985,2026-01-18,Mobile,4,0,0
U3985,2026-01-19,Mobile,5,2,3
U3985,2026-01-20,Mobile,1,0,1
U3985,2026-01-21,Mobile,3,1,2
U3985,2026-01-22,Mobile,1,0,1
U3985,2026-01-23,Mobile,2,0,1
U3985,2026-01-24,Mobile,1,0,1
U3985,2026-01-26,Mobile,1,1,0
U3985,2026-01-27,Mobile,2,0,1
U3985,2026-01-28,Mobile,1,0,1
U3986,2026-01-15,Mobile,5,0,3
U3986,2026-01-16,Mobile,5,1,4
U3986,2026-01-17,Mobile,2,0,0
U3986,2026-01-18,PC,2,1,0
U3986,2026-01-20,PC,3,0,1
U3986,2026-01-21,PC,2,1,1
U3986,2026-01-22,PC,2,1,1
U3986,2026-01-23,PC,4,0,3
U3986,2026-01-24,PC,3,0,0
U3986,2026-01-25,Mobile,2,1,0
U3986,2026-01-26,PC,2,0,2
U3986,2026-01-27,Mobile,2,0,0
U3986,2026-01-28,Mobile,1,0,1
U3987,2026-01-15,Mobile,4,0,3
U3987,2026-01-16,PC,3,0,3
U3987,2026-01-17,PC,3,0,1
U3987,2026-01-18,Mobile,4,0,1
U3987,2026-01-19,Mobile,3,0,0
U3987,2026-01-20,Mobile,5,0,3
U3987,2026-01-21,PC,5,0,0
U3987,2026-01-22,PC,3,0,2
U3987,2026-01-23,PC,1,0,0
U3987,2026-01-24,Mobile,3,0,0
U3987,2026-01-25,PC,4,1,3
U3987,2026-01-26,PC,5,0,0
U3987,2026-01-28,Mobile,2,1,1
U3988,2026-01-16,Mobile,1,0,0
U3988,2026-01-17,Mobile,5,0,4
U3988,2026-01-18,Mobile,1,0,0
U3988,2026-01-19,Mobile,5,0,1
U3988,2026-01-20,PC,5,0,0
U3988,2026-01-21,Mobile,1,0,0
U3988,2026-01-22,PC,5,0,1
U3988,2026-01-23,Mobile,2,0,1
U3988,2026-01-24,Mobile,3,0,0
U3988,2026-01-25,PC,3,0,1
U3988,2026-01-26,Mobile,4,1,0
U3988,2026-01-27,Mobile,1,0,0
U3988,2026-01-28,PC,4,0,3
U3989,2026-01-15,Mobile,5,2,2
U3989,2026-01-16,PC,3,2,1
U3989,2026-01-17,Mobile,5,2,0
U3989,2026-01-18,PC,1,0,0
U3989,2026-01-19,PC,3,1,2
U3989,2026-01-20,PC,3,1,0
U3989,2026-01-21,PC,1,0,0
U3989,2026-01-22,Mobile,2,0,0
U3989,2026-01-23,Mobile,2,0,0
U3989,2026-01-25,PC,3,0,3
U3989,2026-01-26,PC,1,1,0
U3989,2026-01-27,PC,3,0,0
U3990,2026-01-15,Mobile,1,1,0
U3990,2026-01-16,Mobile,1,0,0
U3990,2026-01-17,PC,4,1,0
U3990,2026-01-18,PC,1,1,0
U3990,2026-01-19,Mobile,3,0,0
U3990,2026-01-21,PC,1,1,0
U3990,2026-01-22,Mobile,5,1,4
U3990,2026-01-23,Mobile,4,1,3
U3990,2026-01-24,Mobile,4,1,3
U3990,2026-01-25,PC,4,1,0
U3990,2026-01-26,PC,2,2,0
U3990,2026-01-27,Mobile,5,2,1
U3990,2026-01-28,PC,1,1,0
U3991,2026-01-15,Mobile,1,0,1
U3991,2026-01-16,Mobile,5,3,2
U3991,2026-01-17,PC,3,0,1
U3991,2026-01-18,Mobile,3,0,0
U3991,2026-01-19,PC,1,1,0
U3991,2026-01-20,PC,4,2,2
U3991,2026-01-21,PC,2,1,1
U3991,2026-01-22,PC,2,0,0
U3991,2026-01-23,Mobile,3,1,2
U3991,2026-01-24,PC,3,0,0
U3991,2026-01-25,Mobile,2,0,0
U3991,2026-01-26,PC,2,0,0
U3991,2026-01-27,Mobile,1,1,0
U3991,2026-01-28,Mobile,4,2,1
U3992,2026-01-15,Mobile,1,0,1
U3992,2026-01-17,Mobile,5,1,2
U3992,2026-01-19,Mobile,4,1,3
U3992,2026-01-20,PC,3,1,0
U3992,2026-01-22,PC,5,0,2
U3992,2026-01-23,PC,4,0,0
U3992,2026-01-24,PC,4,0,2
U3992,2026-01-25,Mobile,4,0,1
U3992,2026-01-26,Mobile,5,0,1
U3992,2026-01-27,Mobile,5,2,3
U3992,2026-01-28,PC,3,0,1
U3993,2026-01-15,PC,3,0,1
U3993,2026-01-16,PC,4,0,1
U3993,2026-01-17,PC,2,0,1
U3993,2026-01-18,Mobile,2,2,0
U3993,2026-01-19,Mobile,2,1,1
U3993,2026-01-20,PC,3,1,2
U3993,2026-01-21,PC,5,0,0
U3993,2026-01-22,Mobile,5,1,1
U3993,2026-01-23,Mobile,3,1,2
U3993,2026-01-24,PC,5,3,1
U3993,2026-01-26,Mobile,2,0,1
U3993,2026-01-27,PC,5,0,0
U3993,2026-01-28,Mobile,5,0,0
U3994,2026-01-15,PC,2,1,1
U3994,2026-01-16,Mobile,3,0,3
U3994,2026-01-17,Mobile,4,0,1
U3994,2026-01-18,PC,1,0,1
U3994,2026-01-19,Mobile,5,1,3
U3994,2026-01-20,Mobile,4,0,0
U3994,2026-01-21,Mobile,3,0,2
U3994,2026-01-22,PC,3,0,0
U3994,2026-01-23,PC,4,1,0
U3994,2026-01-24,PC,1,0,1
U3994,2026-01-25,Mobile,1,0,1
U3994,2026-01-26,Mobile,5,2,3
U3994,2026-01-27,Mobile,5,1,4
U3994,2026-01-28,PC,5,0,3
U3995,2026-01-15,Mobile,5,1,1
U3995,2026-01-16,Mobile,3,0,1
U3995,2026-01-17,Mobile,1,0,1
U3995,2026-01-18,PC,1,0,0
U3995,2026-01-19,Mobile,5,2,2
U3995,2026-01-21,Mobile,5,3,2
U3995,2026-01-22,Mobile,5,0,0
U3995,2026-01-23,Mobile,4,0,1
U3995,2026-01-24,PC,1,0,1
U3995,2026-01-25,Mobile,2,0,2
U3995,2026-01-26,Mobile,2,0,0
U3995,2026-01-27,PC,5,3,1
U3995,2026-01-28,Mobile,4,0,2
U3996,2026-01-15,PC,4,0,1
U3996,2026-01-17,Mobile,4,0,3
U3996,2026-01-18,Mobile,3,0,1
U3996,2026-01-19,Mobile,5,1,4
U3996,2026-01-20,Mobile,1,0,1
U3996,2026-01-21,Mobile,1,0,0
U3996,2026-01-22,PC,5,0,0
U3996,2026-01-23,Mobile,2,0,2
U3996,2026-01-24,Mobile,2,0,0
U3996,2026-01-25,PC,1,0,0
U3996,2026-01-26,Mobile,5,1,2
U3996,2026-01-27,PC,5,1,0
U3996,2026-01-28,PC,1,0,0
U3997,2026-01-15,Mobile,2,2,0
U3997,2026-01-16,PC,1,0,0
U3997,2026-01-18,Mobile,3,0,0
U3997,2026-01-19,PC,4,1,1
U3997,2026-01-20,Mobile,2,1,1
U3997,2026-01-21,PC,4,2,1
U3997,2026-01-23,Mobile,3,0,0
U3997,2026-01-24,Mobile,4,3,0
U3997,2026-01-25,Mobile,4,1,3
U3997,2026-01-26,Mobile,3,1,2
U3997,2026-01-27,Mobile,2,1,1
U3997,2026-01-28,Mobile,4,0,1
U3998,2026-01-15,PC,1,0,1
U3998,2026-01-16,Mobile,5,0,0
U3998,2026-01-17,Mobile,1,1,0
U3998,2026-01-18,Mobile,2,0,0
U3998,2026-01-21,Mobile,4,1,0
U3998,2026-01-22,PC,3,0,1
U3998,2026-01-23,Mobile,1,1,0
U3998,2026-01-24,Mobile,5,0,0
U3998,2026-01-25,Mobile,3,2,1
U3998,2026-01-26,PC,1,0,1
U3998,2026-01-27,Mobile,3,1,2
U3998,2026-01-28,PC,1,0,0
U3999,2026-01-15,PC,2,0,0
U3999,2026-01-16,PC,3,0,0
U3999,2026-01-17,Mobile,3,0,0
U3999,2026-01-18,PC,2,0,0
U3999,2026-01-19,PC,1,0,0
U3999,2026-01-20,Mobile,1,0,1
U3999,2026-01-21,Mobile,4,0,3
U3999,2026-01-22,Mobile,3,0,0
U3999,2026-01-23,PC,5,0,0
U3999,2026-01-24,PC,4,3,1
U3999,2026-01-25,Mobile,2,0,0
U3999,2026-01-26,PC,2,0,0
U3999,2026-01-27,PC,5,0,5
U3999,2026-01-28,PC,5,0,1
U4000,2026-01-15,PC,4,3,1
U4000,2026-01-16,Mobile,3,0,1
U4000,2026-01-17,PC,3,1,0
U4000,2026-01-18,Mobile,4,0,3
U4000,2026-01-19,Mobile,4,0,1
U4000,2026-01-21,Mobile,3,0,0
U4000,2026-01-23,PC,2,1,0
U4000,2026-01-24,PC,1,1,0
U4000,2026-01-25,Mobile,2,0,1
U4000,2026-01-26,Mobile,3,1,2
U4000,2026-01-27,Mobile,2,2,0
U4000,2026-01-28,Mobile,5,1,2
U4001,2026-01-15,PC,1,0,0
U4001,2026-01-16,PC,1,1,0
U4001,2026-01-17,Mobile,2,0,0
U4001,2026-01-18,Mobile,4,1,1
U4001,2026-01-19,Mobile,1,0,0
U4001,2026-01-20,PC,3,2,1
U4001,2026-01-21,Mobile,3,0,2
U4001,2026-01-22,Mobile,5,2,2
U4001,2026-01-24,Mobile,3,0,0
U4001,2026-01-25,Mobile,2,2,0
U4001,2026-01-26,Mobile,5,0,1
U4001,2026-01-27,Mobile,5,1,0
U4001,2026-01-28,Mobile,5,0,1
U4002,2026-01-15,PC,1,0,0
U4002,2026-01-18,PC,4,1,3
U4002,2026-01-19,Mobile,5,0,0
U4002,2026-01-21,Mobile,4,0,1
U4002,2026-01-22,Mobile,2,2,0
U4002,2026-01-23,Mobile,4,1,1
U4002,2026-01-24,PC,4,1,0
U4002,2026-01-25,Mobile,5,0,0
U4002,2026-01-28,Mobile,1,0,0
U4003,2026-01-15,Mobile,2,0,0
U4003,2026-01-16,Mobile,4,1,3
U4003,2026-01-17,Mobile,1,0,0
U4003,2026-01-18,Mobile,1,0,1
U4003,2026-01-19,Mobile,1,0,1
U4003,2026-01-21,PC,4,0,0
U4003,2026-01-22,Mobile,2,0,0
U4003,2026-01-23,PC,3,0,3
U4003,2026-01-24,Mobile,2,0,1
U4003,2026-01-25,Mobile,4,1,2
U4003,2026-01-26,PC,1,1,0
U4003,2026-01-27,Mobile,3,0,2
U4003,2026-01-28,Mobile,3,0,2
U4004,2026-01-15,PC,2,0,1
U4004,2026-01-16,Mobile,2,0,1
U4004,2026-01-17,PC,1,0,0
U4004,2026-01-18,Mobile,4,1,0
U4004,2026-01-19,Mobile,1,0,0
U4004,2026-01-21,PC,3,0,0
U4004,2026-01-22,Mobile,2,0,0
U4004,2026-01-23,PC,3,0,1
U4004,2026-01-26,Mobile,1,0,1
U4005,2026-01-15,PC,1,1,0
U4005,2026-01-16,Mobile,3,1,1
U4005,2026-01-17,Mobile,4,0,0
U4005,2026-01-18,PC,3,0,0
U4005,2026-01-19,PC,3,0,2
U4005,2026-01-20,PC,2,0,0
U4005,2026-01-21,PC,1,0,0
U4005,2026-01-22,PC,4,0,1
U4005,2026-01-23,Mobile,3,2,1
U4005,2026-01-24,PC,5,0,0
U4005,2026-01-26,Mobile,5,0,0
U4005,2026-01-27,Mobile,3,1,2
U4005,2026-01-28,Mobile,5,3,2
U4006,2026-01-15,Mobile,4,0,0
U4006,2026-01-16,PC,2,1,1
U4006,2026-01-17,PC,5,0,4
U4006,2026-01-18,Mobile,4,1,2
U4006,2026-01-19,Mobile,5,0,2
U4006,2026-01-21,Mobile,5,0,3
U4006,2026-01-22,Mobile,2,0,1
U4006,2026-01-23,PC,2,0,0
U4006,2026-01-24,PC,3,1,1
U4006,2026-01-25,Mobile,5,0,3
U4006,2026-01-27,PC,2,0,2
U4006,2026-01-28,PC,2,1,1
U4007,2026-01-15,Mobile,2,0,1
U4007,2026-01-17,Mobile,3,1,1
U4007,2026-01-18,PC,4,0,1
U4007,2026-01-21,Mobile,4,1,0
U4007,2026-01-22,Mobile,4,0,0
U4007,2026-01-23,PC,4,1,3
U4007,2026-01-24,Mobile,5,1,0
U4007,2026-01-25,Mobile,4,1,1
U4007,2026-01-26,Mobile,1,0,0
U4007,2026-01-27,Mobile,2,1,0
U4007,2026-01-28,Mobile,1,1,0
U4008,2026-01-15,Mobile,1,0,0
U4008,2026-01-16,Mobile,2,0,0
U4008,2026-01-17,Mobile,3,1,2
U4008,2026-01-18,Mobile,1,0,0
U4008,2026-01-19,PC,1,0,1
U4008,2026-01-20,Mobile,5,2,0
U4008,2026-01-21,Mobile,1,0,0
U4008,2026-01-22,PC,2,1,1
U4008,2026-01-23,Mobile,5,4,0
U4008,2026-01-24,PC,5,4,1
U4008,2026-01-25,PC,4,0,0
U4008,2026-01-26,PC,1,1,0
U4008,2026-01-27,PC,4,0,0
U4009,2026-01-15,PC,1,0,0
U4009,2026-01-16,PC,1,0,0
U4009,2026-01-18,PC,4,1,3
U4009,2026-01-19,Mobile,2,0,2
U4009,2026-01-21,Mobile,5,0,0
U4009,2026-01-22,PC,4,0,0
U4009,2026-01-23,Mobile,4,1,0
U4009,2026-01-25,Mobile,5,2,2
U4009,2026-01-26,PC,2,0,2
U4009,2026-01-27,PC,4,0,4
U4009,2026-01-28,Mobile,3,0,1
U4010,2026-01-15,Mobile,5,2,1
U4010,2026-01-16,Mobile,1,0,1
U4010,2026-01-17,PC,2,0,1
U4010,2026-01-18,PC,3,2,0
U4010,2026-01-19,PC,4,0,0
U4010,2026-01-20,PC,4,1,2
U4010,2026-01-21,Mobile,1,0,0
U4010,2026-01-22,PC,5,0,0
U4010,2026-01-23,Mobile,4,0,0
U4010,2026-01-24,PC,5,0,2
U4010,2026-01-25,PC,4,0,0
U4010,2026-01-26,Mobile,5,2,1
U4010,2026-01-27,Mobile,4,0,3
U4010,2026-01-28,PC,3,0,2
U4011,2026-01-15,Mobile,1,0,1
U4011,2026-01-16,Mobile,5,1,0
U4011,2026-01-17,PC,2,0,1
U4011,2026-01-18,PC,2,0,2
U4011,2026-01-19,Mobile,2,0,2
U4011,2026-01-20,Mobile,3,0,1
U4011,2026-01-21,Mobile,1,0,0
U4011,2026-01-22,PC,4,0,0
U4011,2026-01-23,Mobile,5,2,3
U4011,2026-01-24,Mobile,4,2,2
U4011,2026-01-25,Mobile,1,1,0
U4011,2026-01-26,PC,5,0,0
U4011,2026-01-27,Mobile,4,0,0
U4011,2026-01-28,Mobile,5,1,4
U4012,2026-01-15,Mobile,3,0,0
U4012,2026-01-16,PC,3,1,1
U4012,2026-01-17,Mobile,2,0,1
U4012,2026-01-18,Mobile,1,0,1
U4012,2026-01-19,PC,2,0,0
U4012,2026-01-20,Mobile,3,1,1
U4012,2026-01-21,Mobile,5,0,0
U4012,2026-01-22,Mobile,5,0,1
U4012,2026-01-23,PC,3,1,0
U4012,2026-01-24,PC,4,0,0
U4012,2026-01-25,Mobile,5,1,2
U4012,2026-01-26,Mobile,4,0,1
U4012,2026-01-27,PC,4,3,1
U4012,2026-01-28,Mobile,5,0,1
U4013,2026-01-15,Mobile,2,1,1
U4013,2026-01-16,Mobile,4,3,0
U4013,2026-01-17,Mobile,3,2,1
U4013,2026-01-18,Mobile,4,0,0
U4013,2026-01-19,Mobile,5,2,3
U4013,2026-01-20,Mobile,3,0,0
U4013,2026-01-21,Mobile,1,1,0
U4013,2026-01-22,Mobile,5,1,0
U4013,2026-01-23,Mobile,4,0,2
U4013,2026-01-24,Mobile,1,1,0
U4013,2026-01-25,Mobile,5,1,2
U4013,2026-01-26,PC,2,0,1
U4013,2026-01-27,Mobile,2,0,0
U4013,2026-01-28,Mobile,4,2,2
U4014,2026-01-15,PC,5,2,3
U4014,2026-01-16,PC,2,2,0
U4014,2026-01-17,PC,2,2,0
U4014,2026-01-18,PC,4,0,2
U4014,2026-01-19,Mobile,2,0,1
U4014,2026-01-20,Mobile,4,1,1
U4014,2026-01-21,Mobile,4,0,1
U4014,2026-01-22,Mobile,4,1,0
U4014,2026-01-24,Mobile,1,0,0
U4014,2026-01-25,PC,5,3,2
U4014,2026-01-26,PC,1,0,0
U4014,2026-01-27,PC,3,0,0
U4014,2026-01-28,PC,2,0,0
U4015,2026-01-15,Mobile,4,2,2
U4015,2026-01-16,PC,5,0,0
U4015,2026-01-17,PC,2,0,1
U4015,2026-01-18,PC,5,1,2
U4015,2026-01-19,PC,1,0,1
U4015,2026-01-21,Mobile,1,0,0
U4015,2026-01-22,Mobile,1,0,0
U4015,2026-01-23,Mobile,1,0,1
U4015,2026-01-24,Mobile,3,1,2
U4015,2026-01-25,Mobile,5,0,2
U4015,2026-01-26,Mobile,5,1,1
U4015,2026-01-27,Mobile,1,0,1
U4015,2026-01-28,Mobile,1,0,1
U4016,2026-01-15,Mobile,1,0,0
U4016,2026-01-16,Mobile,3,0,1
U4016,2026-01-17,PC,2,2,0
U4016,2026-01-18,Mobile,1,0,1
U4016,2026-01-19,Mobile,1,0,1
U4016,2026-01-20,Mobile,4,0,3
U4016,2026-01-21,Mobile,5,0,0
U4016,2026-01-22,PC,2,0,0
U4016,2026-01-23,PC,3,0,3
U4016,2026-01-25,Mobile,2,1,1
U4016,2026-01-26,PC,5,1,2
U4016,2026-01-27,Mobile,3,1,1
U4016,2026-01-28,PC,2,0,1
U4017,2026-01-15,PC,5,0,1
U4017,2026-01-16,PC,5,1,3
U4017,2026-01-17,PC,2,0,2
U4017,2026-01-22,Mobile,2,1,1
U4017,2026-01-23,PC,5,1,3
U4017,2026-01-24,Mobile,1,0,0
U4017,2026-01-25,PC,1,0,1
U4017,2026-01-26,Mobile,2,1,0
U4017,2026-01-27,Mobile,2,1,1
U4018,2026-01-15,PC,2,1,1
U4018,2026-01-16,Mobile,5,0,0
U4018,2026-01-17,Mobile,2,1,1
U4018,2026-01-18,Mobile,5,2,1
U4018,2026-01-19,PC,4,0,1
U4018,2026-01-20,Mobile,3,0,1
U4018,2026-01-21,Mobile,2,2,0
U4018,2026-01-22,Mobile,4,3,1
U4018,2026-01-23,Mobile,1,0,0
U4018,2026-01-24,Mobile,4,0,0
U4018,2026-01-25,Mobile,4,1,1
U4018,2026-01-26,Mobile,5,5,0
U4018,2026-01-27,Mobile,5,2,0
U4019,2026-01-15,Mobile,3,0,0
U4019,2026-01-16,Mobile,5,0,1
U4019,2026-01-17,PC,2,0,0
U4019,2026-01-18,Mobile,5,2,3
U4019,2026-01-19,Mobile,5,1,3
U4019,2026-01-20,PC,2,0,0
U4019,2026-01-21,Mobile,2,1,1
U4019,2026-01-22,Mobile,4,1,3
U4019,2026-01-23,Mobile,2,0,1
U4019,2026-01-24,Mobile,5,1,4
U4019,2026-01-25,PC,2,0,0
U4019,2026-01-26,PC,1,0,0
U4019,2026-01-27,Mobile,2,0,1
U4020,2026-01-15,Mobile,3,1,1
U4020,2026-01-16,Mobile,4,0,0
U4020,2026-01-17,PC,4,0,0
U4020,2026-01-18,Mobile,3,0,3
U4020,2026-01-19,Mobile,1,0,1
U4020,2026-01-20,PC,1,0,1
U4020,2026-01-21,PC,5,2,1
U4020,2026-01-22,PC,5,0,2
U4020,2026-01-23,Mobile,1,1,0
U4020,2026-01-24,Mobile,3,0,1
U4020,2026-01-25,Mobile,1,0,1
U4020,2026-01-27,Mobile,4,1,1
U4020,2026-01-28,PC,1,0,1
U4021,2026-01-15,Mobile,3,0,0
U4021,2026-01-16,Mobile,1,0,0
U4021,2026-01-18,PC,3,1,2
U4021,2026-01-19,Mobile,3,0,1
U4021,2026-01-20,Mobile,1,0,0
U4021,2026-01-21,Mobile,2,1,0
U4021,2026-01-22,PC,5,2,2
U4021,2026-01-23,PC,2,0,0
U4021,2026-01-24,PC,3,1,0
U4021,2026-01-25,PC,1,0,1
U4021,2026-01-26,Mobile,4,1,1
U4021,2026-01-27,Mobile,3,0,3
U4021,2026-01-28,Mobile,1,0,0
U4022,2026-01-15,Mobile,3,1,2
U4022,2026-01-17,PC,5,0,5
U4022,2026-01-18,Mobile,2,0,1
U4022,2026-01-19,PC,2,0,2
U4022,2026-01-20,Mobile,1,0,0
U4022,2026-01-21,PC,4,0,1
U4022,2026-01-22,PC,2,0,2
U4022,2026-01-23,Mobile,4,0,1
U4022,2026-01-24,Mobile,2,0,2
U4022,2026-01-25,Mobile,4,0,0
U4022,2026-01-26,PC,5,0,1
U4022,2026-01-27,Mobile,3,0,0
U4022,2026-01-28,Mobile,1,0,1
U4023,2026-01-15,Mobile,1,0,1
U4023,2026-01-16,Mobile,2,1,1
U4023,2026-01-17,PC,4,0,4
U4023,2026-01-18,Mobile,5,1,3
U4023,2026-01-19,PC,1,1,0
U4023,2026-01-20,Mobile,2,0,0
U4023,2026-01-21,PC,4,0,2
U4023,2026-01-22,Mobile,1,0,1
U4023,2026-01-23,PC,1,0,0
U4023,2026-01-24,Mobile,2,0,1
U4023,2026-01-25,PC,3,0,2
U4023,2026-01-26,Mobile,5,0,0
U4023,2026-01-27,PC,4,0,1
U4023,2026-01-28,PC,5,1,2
U4024,2026-01-15,Mobile,5,1,2
U4024,2026-01-16,Mobile,5,0,2
U4024,2026-01-18,PC,2,1,0
U4024,2026-01-19,Mobile,1,0,1
U4024,2026-01-21,Mobile,5,1,3
U4024,2026-01-22,Mobile,2,0,1
U4024,2026-01-23,Mobile,5,0,1
U4024,2026-01-24,Mobile,3,0,2
U4024,2026-01-26,Mobile,2,0,0
U4024,2026-01-27,Mobile,3,0,2
U4024,2026-01-28,PC,5,0,0
U4025,2026-01-15,Mobile,3,2,1
U4025,2026-01-16,Mobile,1,0,0
U4025,2026-01-17,PC,3,0,0
U4025,2026-01-18,Mobile,3,1,2
U4025,2026-01-19,PC,5,1,3
U4025,2026-01-20,PC,2,1,0
U4025,2026-01-21,Mobile,2,0,0
U4025,2026-01-23,Mobile,2,0,2
U4025,2026-01-25,PC,5,2,1
U4025,2026-01-26,PC,3,0,0
U4025,2026-01-27,Mobile,4,0,4
U4025,2026-01-28,Mobile,5,0,0
U4026,2026-01-15,Mobile,5,2,2
U4026,2026-01-16,Mobile,4,0,3
U4026,2026-01-17,Mobile,1,0,0
U4026,2026-01-18,PC,4,2,2
U4026,2026-01-19,PC,5,1,2
U4026,2026-01-20,Mobile,4,1,3
U4026,2026-01-21,PC,3,0,1
U4026,2026-01-22,Mobile,4,2,1
U4026,2026-01-24,Mobile,1,0,1
U4026,2026-01-25,Mobile,4,0,0
U4026,2026-01-26,Mobile,4,0,1
U4026,2026-01-27,Mobile,1,0,0
U4026,2026-01-28,PC,4,0,1
U4027,2026-01-16,Mobile,4,0,0
U4027,2026-01-17,PC,2,0,0
U4027,2026-01-18,Mobile,2,1,1
U4027,2026-01-19,PC,2,0,0
U4027,2026-01-20,PC,3,2,0
U4027,2026-01-21,PC,1,0,1
U4027,2026-01-22,PC,3,0,0
U4027,2026-01-23,PC,2,1,1
U4027,2026-01-25,Mobile,1,0,0
U4027,2026-01-26,Mobile,3,0,0
U4027,2026-01-27,PC,1,0,0
U4027,2026-01-28,PC,2,0,1
U4028,2026-01-15,Mobile,4,3,1
U4028,2026-01-16,PC,5,0,0
U4028,2026-01-17,Mobile,4,3,1
U4028,2026-01-18,PC,2,1,1
U4028,2026-01-19,Mobile,1,0,1
U4028,2026-01-20,Mobile,5,2,2
U4028,2026-01-21,PC,2,0,1
U4028,2026-01-22,Mobile,2,0,0
U4028,2026-01-23,PC,3,1,2
U4028,2026-01-24,Mobile,2,0,0
U4028,2026-01-25,PC,5,0,1
U4028,2026-01-26,PC,2,0,0
U4028,2026-01-27,PC,2,0,0
U4028,2026-01-28,Mobile,4,1,1
U4029,2026-01-15,PC,5,0,5
U4029,2026-01-17,PC,1,0,1
U4029,2026-01-18,Mobile,4,1,2
U4029,2026-01-19,PC,2,0,0
U4029,2026-01-20,PC,1,0,1
U4029,2026-01-21,PC,5,1,0
U4029,2026-01-22,PC,2,1,1
U4029,2026-01-23,PC,1,0,1
U4029,2026-01-24,PC,1,0,0
U4029,2026-01-25,Mobile,4,2,2
U4029,2026-01-26,Mobile,1,0,0
U4029,2026-01-27,PC,5,1,4
U4029,2026-01-28,Mobile,2,0,0
U4030,2026-01-16,PC,3,0,0
U4030,2026-01-17,Mobile,5,2,1
U4030,2026-01-18,Mobile,1,1,0
U4030,2026-01-19,PC,5,1,2
U4030,2026-01-20,Mobile,5,2,1
U4030,2026-01-21,PC,5,1,4
U4030,2026-01-22,PC,1,1,0
U4030,2026-01-23,PC,1,1,0
U4030,2026-01-24,Mobile,3,2,1
U4030,2026-01-25,PC,5,2,1
U4030,2026-01-26,Mobile,5,1,0
U4030,2026-01-27,PC,3,0,1
U4030,2026-01-28,PC,1,0,0
U4031,2026-01-15,PC,2,0,1
U4031,2026-01-16,Mobile,5,1,4
U4031,2026-01-17,Mobile,4,3,1
U4031,2026-01-18,Mobile,5,0,1
U4031,2026-01-19,Mobile,3,0,0
U4031,2026-01-20,Mobile,1,0,0
U4031,2026-01-21,Mobile,4,2,2
U4031,2026-01-22,PC,4,2,0
U4031,2026-01-23,Mobile,5,1,4
U4031,2026-01-25,PC,2,0,0
U4031,2026-01-26,Mobile,5,0,0
U4031,2026-01-27,Mobile,1,0,0
U4031,2026-01-28,PC,3,1,0
U4032,2026-01-15,PC,5,1,1
U4032,2026-01-16,Mobile,3,0,0
U4032,2026-01-17,Mobile,3,0,1
U4032,2026-01-18,Mobile,3,0,0
U4032,2026-01-19,Mobile,2,0,1
U4032,2026-01-20,Mobile,1,0,0
U4032,2026-01-21,PC,2,0,1
U4032,2026-01-22,PC,3,0,1
U4032,2026-01-23,Mobile,5,0,1
U4032,2026-01-24,Mobile,5,1,3
U4032,2026-01-25,Mobile,1,0,0
U4032,2026-01-26,PC,3,0,0
U4032,2026-01-27,Mobile,4,2,1
U4032,2026-01-28,Mobile,3,0,0
U4033,2026-01-15,PC,1,0,0
U4033,2026-01-16,Mobile,1,0,1
U4033,2026-01-17,PC,4,0,1
U4033,2026-01-18,Mobile,5,0,0
U4033,2026-01-19,PC,4,0,0
U4033,2026-01-20,PC,5,0,1
U4033,2026-01-21,Mobile,5,0,3
U4033,2026-01-23,PC,3,1,2
U4033,2026-01-24,Mobile,1,0,1
U4033,2026-01-27,PC,3,0,1
U4033,2026-01-28,Mobile,1,0,1
U4034,2026-01-15,PC,3,1,0
U4034,2026-01-16,PC,3,1,0
U4034,2026-01-17,Mobile,3,2,1
U4034,2026-01-18,PC,5,1,1
U4034,2026-01-20,Mobile,2,2,0
U4034,2026-01-21,PC,4,1,0
U4034,2026-01-22,PC,2,0,0
U4034,2026-01-23,Mobile,4,0,0
U4034,2026-01-24,Mobile,4,2,1
U4034,2026-01-25,PC,2,2,0
U4034,2026-01-26,Mobile,2,0,0
U4034,2026-01-27,Mobile,5,0,1
U4034,2026-01-28,PC,3,2,1
U4035,2026-01-15,Mobile,2,1,1
U4035,2026-01-16,PC,5,2,0
U4035,2026-01-17,Mobile,1,0,1
U4035,2026-01-18,Mobile,5,0,2
U4035,2026-01-19,Mobile,1,0,0
U4035,2026-01-20,Mobile,5,0,0
U4035,2026-01-21,Mobile,1,0,1
U4035,2026-01-22,Mobile,4,2,1
U4035,2026-01-24,PC,2,1,1
U4035,2026-01-25,PC,3,1,0
U4035,2026-01-26,PC,4,1,1
U4035,2026-01-27,Mobile,4,1,1
U4035,2026-01-28,Mobile,5,0,0
U4036,2026-01-15,Mobile,3,0,3
U4036,2026-01-16,Mobile,2,0,1
U4036,2026-01-18,Mobile,2,1,1
U4036,2026-01-19,PC,1,1,0
U4036,2026-01-20,PC,4,1,1
U4036,2026-01-21,Mobile,2,0,1
U4036,2026-01-22,Mobile,2,1,0
U4036,2026-01-23,Mobile,5,0,0
U4036,2026-01-24,Mobile,1,0,1
U4036,2026-01-26,Mobile,1,0,1
U4036,2026-01-27,Mobile,2,1,0
U4036,2026-01-28,Mobile,4,0,2
U4037,2026-01-15,Mobile,5,0,0
U4037,2026-01-16,Mobile,1,0,0
U4037,2026-01-17,PC,4,3,1
U4037,2026-01-18,PC,3,0,1
U4037,2026-01-19,Mobile,5,2,3
U4037,2026-01-20,Mobile,1,1,0
U4037,2026-01-21,Mobile,4,2,0
U4037,2026-01-22,Mobile,2,0,0
U4037,2026-01-24,Mobile,1,0,0
U4037,2026-01-25,PC,3,1,0
U4037,2026-01-27,Mobile,2,0,0
U4037,2026-01-28,PC,4,1,3
U4038,2026-01-15,PC,4,1,0
U4038,2026-01-16,PC,5,3,1
U4038,2026-01-17,PC,2,1,0
U4038,2026-01-18,Mobile,4,1,1
U4038,2026-01-19,Mobile,5,0,0
U4038,2026-01-20,Mobile,4,1,3
U4038,2026-01-21,Mobile,5,2,3
U4038,2026-01-23,Mobile,1,0,1
U4038,2026-01-24,Mobile,1,0,0
U4038,2026-01-25,Mobile,1,1,0
U4038,2026-01-26,Mobile,5,1,0
U4038,2026-01-27,PC,5,3,2
U4038,2026-01-28,Mobile,3,2,1
U4039,2026-01-15,Mobile,3,1,0
U4039,2026-01-16,Mobile,5,2,0
U4039,2026-01-17,Mobile,3,0,0
U4039,2026-01-18,Mobile,1,0,0
U4039,2026-01-19,Mobile,1,0,1
U4039,2026-01-21,PC,5,3,2
U4039,2026-01-22,Mobile,3,1,0
U4039,2026-01-23,Mobile,5,2,3
U4039,2026-01-25,PC,1,0,0
U4039,2026-01-27,Mobile,4,3,1
U4039,2026-01-28,PC,1,0,0
U4040,2026-01-15,Mobile,4,0,3
U4040,2026-01-16,PC,2,0,0
U4040,2026-01-17,PC,5,0,2
U4040,2026-01-19,PC,1,0,0
U4040,2026-01-20,Mobile,2,0,1
U4040,2026-01-21,PC,2,1,0
U4040,2026-01-22,PC,3,0,1
U4040,2026-01-23,Mobile,2,0,1
U4040,2026-01-24,PC,5,1,1
U4040,2026-01-25,Mobile,1,0,1
U4040,2026-01-26,Mobile,5,0,4
U4040,2026-01-27,PC,4,0,3
U4040,2026-01-28,Mobile,3,1,1
U4041,2026-01-15,Mobile,2,0,2
U4041,2026-01-16,PC,2,0,1
U4041,2026-01-17,Mobile,5,0,1
U4041,2026-01-18,Mobile,5,0,1
U4041,2026-01-22,PC,1,0,0
U4041,2026-01-23,PC,1,0,1
U4041,2026-01-24,PC,4,0,0
U4041,2026-01-25,PC,2,0,2
U4041,2026-01-26,PC,3,0,1
U4041,2026-01-27,PC,4,0,2
U4041,2026-01-28,Mobile,3,0,0
U4042,2026-01-15,Mobile,5,0,1
U4042,2026-01-16,Mobile,1,0,1
U4042,2026-01-17,PC,1,0,1
U4042,2026-01-18,PC,3,0,2
U4042,2026-01-19,Mobile,2,0,1
U4042,2026-01-21,Mobile,5,0,0
U4042,2026-01-22,Mobile,4,1,3
U4042,2026-01-23,PC,3,0,3
U4042,2026-01-24,PC,5,0,3
U4042,2026-01-25,Mobile,3,2,0
U4042,2026-01-26,Mobile,5,1,3
U4042,2026-01-28,Mobile,1,0,1
U4043,2026-01-15,Mobile,4,2,2
U4043,2026-01-16,PC,5,3,2
U4043,2026-01-17,PC,3,1,0
U4043,2026-01-19,Mobile,2,0,0
U4043,2026-01-20,Mobile,5,0,1
U4043,2026-01-21,PC,5,1,3
U4043,2026-01-22,PC,5,2,2
U4043,2026-01-23,Mobile,5,1,1
U4043,2026-01-24,PC,3,2,1
U4043,2026-01-25,Mobile,2,0,0
U4043,2026-01-26,Mobile,2,0,0
U4043,2026-01-27,PC,5,4,1
U4043,2026-01-28,Mobile,4,3,1
U4044,2026-01-15,Mobile,5,1,1
U4044,2026-01-16,PC,2,0,0
U4044,2026-01-17,PC,5,0,0
U4044,2026-01-18,Mobile,3,1,1
U4044,2026-01-19,Mobile,4,0,2
U4044,2026-01-20,PC,5,1,2
U4044,2026-01-21,Mobile,4,1,3
U4044,2026-01-22,PC,5,1,2
U4044,2026-01-23,PC,3,0,0
U4044,2026-01-24,Mobile,5,1,3
U4044,2026-01-25,Mobile,2,1,1
U4044,2026-01-26,Mobile,2,1,1
U4044,2026-01-27,PC,4,3,1
U4044,2026-01-28,PC,2,0,1
U4045,2026-01-15,Mobile,5,0,5
U4045,2026-01-16,PC,2,0,2
U4045,2026-01-17,Mobile,5,1,4
U4045,2026-01-18,Mobile,2,0,1
U4045,2026-01-19,Mobile,4,0,2
U4045,2026-01-20,Mobile,5,1,1
U4045,2026-01-21,Mobile,3,0,1
U4045,2026-01-22,PC,4,1,3
U4045,2026-01-23,PC,5,0,5
U4045,2026-01-24,PC,3,0,0
U4045,2026-01-26,PC,3,0,0
U4045,2026-01-27,Mobile,3,0,1
U4045,2026-01-28,PC,4,0,0
U4046,2026-01-15,Mobile,5,1,3
U4046,2026-01-16,PC,3,0,1
U4046,2026-01-17,Mobile,3,0,1
U4046,2026-01-18,Mobile,2,0,0
U4046,2026-01-19,Mobile,4,0,2
U4046,2026-01-20,Mobile,4,2,2
U4046,2026-01-21,Mobile,1,1,0
U4046,2026-01-22,PC,3,0,2
U4046,2026-01-23,Mobile,2,2,0
U4046,2026-01-24,PC,4,0,1
U4046,2026-01-25,Mobile,3,1,2
U4046,2026-01-26,Mobile,4,0,3
U4046,2026-01-27,PC,2,1,1
U4046,2026-01-28,PC,3,0,1
U4047,2026-01-15,Mobile,2,0,1
U4047,2026-01-17,PC,4,0,4
U4047,2026-01-18,PC,5,0,1
U4047,2026-01-19,Mobile,2,0,1
U4047,2026-01-20,Mobile,4,1,0
U4047,2026-01-21,PC,5,0,0
U4047,2026-01-22,Mobile,4,0,1
U4047,2026-01-23,Mobile,3,0,0
U4047,2026-01-24,Mobile,3,0,3
U4047,2026-01-25,PC,3,1,1
U4047,2026-01-26,Mobile,4,2,2
U4047,2026-01-27,PC,1,0,1
U4047,2026-01-28,Mobile,2,0,1
U4048,2026-01-15,PC,4,2,1
U4048,2026-01-17,Mobile,5,1,0
U4048,2026-01-18,Mobile,4,2,2
U4048,2026-01-19,Mobile,5,2,1
U4048,2026-01-20,Mobile,3,1,0
U4048,2026-01-21,Mobile,2,0,0
U4048,2026-01-22,Mobile,4,0,1
U4048,2026-01-23,Mobile,4,3,1
U4048,2026-01-24,PC,4,1,2
U4048,2026-01-25,Mobile,3,1,1
U4048,2026-01-26,PC,2,0,0
U4048,2026-01-27,PC,2,2,0
U4048,2026-01-28,Mobile,5,1,0
U4049,2026-01-15,PC,3,2,0
U4049,2026-01-16,Mobile,1,0,1
U4049,2026-01-17,PC,2,1,0
U4049,2026-01-18,Mobile,1,1,0
U4049,2026-01-19,PC,2,0,0
U4049,2026-01-20,PC,1,0,1
U4049,2026-01-22,Mobile,4,1,1
U4049,2026-01-23,Mobile,2,1,0
U4049,2026-01-25,PC,1,1,0
U4049,2026-01-27,Mobile,1,0,0
U4049,2026-01-28,PC,4,0,1
U4050,2026-01-15,Mobile,1,0,0
U4050,2026-01-16,Mobile,4,0,0
U4050,2026-01-17,Mobile,2,1,1
U4050,2026-01-18,PC,2,1,1
U4050,2026-01-19,Mobile,2,0,0
U4050,2026-01-20,PC,4,2,2
U4050,2026-01-21,PC,5,0,1
U4050,2026-01-22,PC,2,0,2
U4050,2026-01-23,PC,2,1,1
U4050,2026-01-24,Mobile,2,0,0
U4050,2026-01-25,PC,5,2,0
U4050,2026-01-26,PC,2,0,0
U4050,2026-01-27,Mobile,3,1,0
U4050,2026-01-28,PC,5,2,3
U4051,2026-01-15,Mobile,4,0,2
U4051,2026-01-16,PC,3,0,2
U4051,2026-01-17,PC,1,0,0
U4051,2026-01-18,PC,4,0,0
U4051,2026-01-20,Mobile,5,1,2
U4051,2026-01-21,Mobile,1,0,1
U4051,2026-01-22,Mobile,3,2,1
U4051,2026-01-24,PC,3,0,0
U4051,2026-01-25,PC,4,0,0
U4051,2026-01-26,PC,1,0,1
U4051,2026-01-27,Mobile,2,1,0
U4051,2026-01-28,PC,3,3,0
U4052,2026-01-15,Mobile,2,0,0
U4052,2026-01-16,Mobile,3,2,1
U4052,2026-01-18,Mobile,3,1,2
U4052,2026-01-19,PC,3,0,0
U4052,2026-01-21,PC,1,0,0
U4052,2026-01-22,Mobile,2,1,1
U4052,2026-01-23,PC,3,0,0
U4052,2026-01-24,PC,2,0,0
U4052,2026-01-25,PC,1,0,0
U4052,2026-01-26,Mobile,2,1,1
U4052,2026-01-27,Mobile,4,0,0
U4052,2026-01-28,Mobile,4,3,1
U4053,2026-01-15,Mobile,2,1,1
U4053,2026-01-16,PC,5,0,2
U4053,2026-01-17,PC,1,0,0
U4053,2026-01-18,PC,5,2,0
U4053,2026-01-19,Mobile,2,1,0
U4053,2026-01-20,PC,2,2,0
U4053,2026-01-21,PC,5,1,1
U4053,2026-01-22,PC,2,0,0
U4053,2026-01-23,Mobile,4,1,1
U4053,2026-01-24,Mobile,5,0,1
U4053,2026-01-25,Mobile,4,2,2
U4053,2026-01-26,PC,1,0,0
U4054,2026-01-15,Mobile,4,0,1
U4054,2026-01-17,Mobile,2,1,1
U4054,2026-01-18,PC,2,0,0
U4054,2026-01-19,Mobile,4,2,2
U4054,2026-01-20,Mobile,5,0,4
U4054,2026-01-21,Mobile,5,0,3
U4054,2026-01-22,Mobile,5,0,4
U4054,2026-01-23,Mobile,2,0,0
U4054,2026-01-24,Mobile,4,1,2
U4054,2026-01-25,Mobile,2,0,1
U4054,2026-01-26,PC,4,1,3
U4054,2026-01-27,Mobile,3,1,2
U4054,2026-01-28,PC,4,0,1
U4055,2026-01-15,Mobile,3,1,1
U4055,2026-01-16,Mobile,5,3,1
U4055,2026-01-17,PC,1,0,0
U4055,2026-01-18,PC,1,0,0
U4055,2026-01-19,PC,1,0,1
U4055,2026-01-20,PC,5,3,2
U4055,2026-01-21,Mobile,1,0,1
U4055,2026-01-22,Mobile,4,1,3
U4055,2026-01-25,Mobile,3,0,0
U4055,2026-01-26,PC,4,0,2
U4055,2026-01-27,Mobile,4,1,1
U4055,2026-01-28,Mobile,1,0,1
U4056,2026-01-15,Mobile,3,0,0
U4056,2026-01-16,Mobile,5,1,2
U4056,2026-01-17,PC,4,1,3
U4056,2026-01-18,Mobile,4,2,2
U4056,2026-01-19,PC,4,1,1
U4056,2026-01-20,PC,5,0,2
U4056,2026-01-21,Mobile,3,1,1
U4056,2026-01-22,Mobile,2,0,0
U4056,2026-01-23,PC,2,1,0
U4056,2026-01-24,PC,1,0,0
U4056,2026-01-26,Mobile,2,0,2
U4056,2026-01-27,Mobile,4,0,2
U4056,2026-01-28,Mobile,1,1,0
U4057,2026-01-15,Mobile,5,0,0
U4057,2026-01-16,Mobile,1,0,0
U4057,2026-01-17,Mobile,1,1,0
U4057,2026-01-18,Mobile,1,0,0
U4057,2026-01-20,PC,2,0,0
U4057,2026-01-21,PC,4,2,1
U4057,2026-01-23,Mobile,5,2,0
U4057,2026-01-24,Mobile,4,1,2
U4057,2026-01-26,PC,3,1,1
U4057,2026-01-27,Mobile,1,0,0
U4057,2026-01-28,Mobile,1,0,0
U4058,2026-01-15,PC,5,0,1
U4058,2026-01-16,Mobile,5,3,2
U4058,2026-01-17,PC,4,3,0
U4058,2026-01-18,Mobile,5,1,1
U4058,2026-01-19,Mobile,3,1,0
U4058,2026-01-20,Mobile,4,0,2
U4058,2026-01-21,PC,5,3,2
U4058,2026-01-22,Mobile,1,0,0
U4058,2026-01-23,PC,4,1,1
U4058,2026-01-24,Mobile,4,0,0
U4058,2026-01-25,Mobile,5,0,0
U4058,2026-01-26,PC,1,0,1
U4058,2026-01-27,Mobile,1,1,0
U4058,2026-01-28,Mobile,3,1,0
U4059,2026-01-15,Mobile,2,1,1
U4059,2026-01-16,PC,5,0,1
U4059,2026-01-17,Mobile,4,0,0
U4059,2026-01-19,Mobile,3,1,0
U4059,2026-01-20,PC,2,0,1
U4059,2026-01-21,Mobile,1,0,0
U4059,2026-01-22,Mobile,2,0,2
U4059,2026-01-23,PC,4,2,0
U4059,2026-01-24,Mobile,1,0,1
U4059,2026-01-25,Mobile,2,0,0
U4059,2026-01-26,Mobile,3,1,0
U4059,2026-01-27,PC,4,1,1
U4059,2026-01-28,Mobile,5,2,0
U4060,2026-01-15,Mobile,2,0,0
U4060,2026-01-16,Mobile,2,1,0
U4060,2026-01-18,Mobile,4,2,2
U4060,2026-01-19,PC,3,0,0
U4060,2026-01-20,PC,3,0,0
U4060,2026-01-21,Mobile,1,1,0
U4060,2026-01-22,Mobile,5,1,4
U4060,2026-01-24,Mobile,4,1,2
U4060,2026-01-25,PC,4,2,1
U4060,2026-01-26,Mobile,2,1,1
U4060,2026-01-27,Mobile,3,1,2
U4060,2026-01-28,PC,5,2,3
U4061,2026-01-15,Mobile,5,0,0
U4061,2026-01-16,Mobile,4,0,0
U4061,2026-01-17,Mobile,2,0,2
U4061,2026-01-18,Mobile,5,0,0
U4061,2026-01-19,Mobile,1,0,0
U4061,2026-01-20,Mobile,4,0,1
U4061,2026-01-21,PC,3,0,1
U4061,2026-01-22,Mobile,2,0,1
U4061,2026-01-24,Mobile,5,3,2
U4061,2026-01-25,Mobile,2,0,1
U4061,2026-01-26,Mobile,2,1,0
U4061,2026-01-27,PC,2,1,1
U4061,2026-01-28,PC,5,1,3
U4062,2026-01-15,PC,5,1,4
U4062,2026-01-17,Mobile,1,1,0
U4062,2026-01-19,PC,5,2,2
U4062,2026-01-20,PC,3,3,0
U4062,2026-01-22,PC,3,1,0
U4062,2026-01-23,Mobile,1,0,1
U4062,2026-01-25,PC,4,0,0
U4062,2026-01-26,PC,5,0,0
U4062,2026-01-27,PC,1,0,1
U4062,2026-01-28,PC,3,1,0
U4063,2026-01-15,PC,3,0,0
U4063,2026-01-16,PC,3,2,0
U4063,2026-01-18,Mobile,4,1,2
U4063,2026-01-19,Mobile,4,3,1
U4063,2026-01-20,Mobile,2,0,1
U4063,2026-01-21,PC,5,0,1
U4063,2026-01-22,PC,5,2,1
U4063,2026-01-24,PC,1,1,0
U4063,2026-01-25,Mobile,2,1,1
U4063,2026-01-27,Mobile,4,2,1
U4063,2026-01-28,Mobile,2,0,0
U4064,2026-01-15,PC,2,0,2
U4064,2026-01-16,Mobile,5,0,1
U4064,2026-01-17,PC,4,0,0
U4064,2026-01-18,PC,2,1,0
U4064,2026-01-19,Mobile,4,0,0
U4064,2026-01-20,Mobile,2,0,1
U4064,2026-01-21,Mobile,5,0,1
U4064,2026-01-22,PC,4,0,1
U4064,2026-01-23,Mobile,5,1,1
U4064,2026-01-24,PC,1,0,0
U4064,2026-01-25,Mobile,1,0,0
U4064,2026-01-26,PC,1,0,0
U4064,2026-01-27,Mobile,4,2,0
U4064,2026-01-28,Mobile,2,0,0
U4065,2026-01-15,PC,1,0,1
U4065,2026-01-16,PC,2,0,0
U4065,2026-01-17,PC,5,2,3
U4065,2026-01-18,Mobile,1,0,0
U4065,2026-01-19,Mobile,4,0,2
U4065,2026-01-20,PC,3,1,1
U4065,2026-01-22,Mobile,3,0,3
U4065,2026-01-23,Mobile,3,0,2
U4065,2026-01-25,Mobile,4,1,1
U4065,2026-01-26,Mobile,4,0,4
U4065,2026-01-27,Mobile,2,0,0
U4065,2026-01-28,PC,5,0,4
U4066,2026-01-15,PC,5,0,4
U4066,2026-01-16,Mobile,2,0,0
U4066,2026-01-17,Mobile,5,1,3
U4066,2026-01-18,PC,5,0,3
U4066,2026-01-19,Mobile,1,0,1
U4066,2026-01-20,Mobile,1,0,0
U4066,2026-01-21,Mobile,1,0,1
U4066,2026-01-22,PC,4,0,0
U4066,2026-01-24,PC,4,1,2
U4066,2026-01-25,Mobile,1,0,0
U4066,2026-01-27,Mobile,5,0,0
U4066,2026-01-28,Mobile,1,0,0
U4067,2026-01-15,Mobile,1,1,0
U4067,2026-01-16,Mobile,1,0,1
U4067,2026-01-17,PC,4,1,3
U4067,2026-01-19,Mobile,3,0,0
U4067,2026-01-21,Mobile,4,0,1
U4067,2026-01-22,PC,5,1,2
U4067,2026-01-23,Mobile,1,0,1
U4067,2026-01-24,PC,3,1,1
U4067,2026-01-25,Mobile,2,1,0
U4067,2026-01-26,PC,2,0,2
U4067,2026-01-27,Mobile,5,1,1
U4067,2026-01-28,Mobile,1,1,0
U4068,2026-01-15,PC,3,0,1
U4068,2026-01-16,PC,5,0,3
U4068,2026-01-17,PC,1,0,1
U4068,2026-01-18,PC,2,0,0
U4068,2026-01-19,PC,3,0,1
U4068,2026-01-20,Mobile,3,0,1
U4068,2026-01-21,PC,4,0,2
U4068,2026-01-22,Mobile,1,0,1
U4068,2026-01-23,Mobile,2,1,1
U4068,2026-01-24,Mobile,3,1,2
U4068,2026-01-25,Mobile,1,0,1
U4068,2026-01-26,Mobile,2,0,1
U4068,2026-01-28,Mobile,5,0,4
U4069,2026-01-15,PC,4,0,0
U4069,2026-01-16,PC,4,0,0
U4069,2026-01-17,Mobile,1,0,0
U4069,2026-01-18,Mobile,1,0,0
U4069,2026-01-19,PC,5,2,3
U4069,2026-01-20,Mobile,3,1,2
U4069,2026-01-21,Mobile,5,1,0
U4069,2026-01-22,Mobile,3,1,1
U4069,2026-01-23,Mobile,2,0,0
U4069,2026-01-24,Mobile,2,0,0
U4069,2026-01-25,PC,2,0,1
U4069,2026-01-26,PC,3,1,2
U4069,2026-01-27,Mobile,5,1,1
U4069,2026-01-28,Mobile,5,1,0
U4070,2026-01-15,PC,4,2,2
U4070,2026-01-16,Mobile,3,1,2
U4070,2026-01-17,Mobile,5,3,0
U4070,2026-01-18,PC,3,0,0
U4070,2026-01-19,Mobile,4,3,0
U4070,2026-01-20,Mobile,5,1,3
U4070,2026-01-23,Mobile,1,0,0
U4070,2026-01-24,PC,5,4,1
U4070,2026-01-25,Mobile,1,0,0
U4070,2026-01-26,Mobile,4,0,0
U4070,2026-01-27,PC,4,0,0
U4070,2026-01-28,Mobile,2,0,1
U4071,2026-01-15,Mobile,1,0,1
U4071,2026-01-16,Mobile,2,1,0
U4071,2026-01-17,Mobile,5,0,0
U4071,2026-01-18,Mobile,5,1,4
U4071,2026-01-19,PC,2,0,1
U4071,2026-01-20,Mobile,3,0,0
U4071,2026-01-21,PC,3,0,0
U4071,2026-01-22,Mobile,1,0,1
U4071,2026-01-23,PC,4,0,1
U4071,2026-01-24,PC,4,0,3
U4071,2026-01-25,PC,3,0,1
U4071,2026-01-26,Mobile,3,0,3
U4071,2026-01-27,PC,1,0,1
U4071,2026-01-28,PC,5,1,1
U4072,2026-01-15,Mobile,4,0,3
U4072,2026-01-16,Mobile,4,0,2
U4072,2026-01-17,PC,3,1,0
U4072,2026-01-18,Mobile,5,0,1
U4072,2026-01-19,PC,5,0,2
U4072,2026-01-21,Mobile,3,1,2
U4072,2026-01-23,PC,3,0,0
U4072,2026-01-24,Mobile,2,0,1
U4072,2026-01-25,PC,2,0,2
U4072,2026-01-26,Mobile,2,1,0
U4072,2026-01-27,PC,2,0,0
U4072,2026-01-28,Mobile,3,1,0
U4073,2026-01-16,Mobile,5,0,2
U4073,2026-01-17,PC,3,0,1
U4073,2026-01-19,Mobile,1,0,0
U4073,2026-01-20,Mobile,5,0,0
U4073,2026-01-21,Mobile,1,0,0
U4073,2026-01-22,Mobile,5,3,1
U4073,2026-01-23,PC,2,0,2
U4073,2026-01-25,Mobile,1,0,0
U4073,2026-01-26,Mobile,2,0,1
U4073,2026-01-28,Mobile,1,0,0
U4074,2026-01-15,PC,1,1,0
U4074,2026-01-16,PC,4,0,0
U4074,2026-01-17,Mobile,2,0,1
U4074,2026-01-18,PC,4,0,1
U4074,2026-01-19,Mobile,1,0,0
U4074,2026-01-20,Mobile,5,0,0
U4074,2026-01-21,Mobile,1,0,0
U4074,2026-01-22,Mobile,1,0,0
U4074,2026-01-23,PC,2,1,1
U4074,2026-01-25,PC,5,0,3
U4074,2026-01-26,Mobile,5,0,1
U4074,2026-01-27,PC,1,0,1
U4074,2026-01-28,Mobile,2,2,0
U4075,2026-01-15,Mobile,1,0,1
U4075,2026-01-16,Mobile,2,0,0
U4075,2026-01-17,Mobile,1,1,0
U4075,2026-01-18,Mobile,3,0,0
U4075,2026-01-19,Mobile,4,2,0
U4075,2026-01-20,Mobile,5,0,0
U4075,2026-01-21,Mobile,1,0,0
U4075,2026-01-22,PC,4,1,2
U4075,2026-01-23,PC,4,1,1
U4075,2026-01-24,Mobile,5,2,0
U4075,2026-01-26,PC,2,1,1
U4075,2026-01-27,PC,4,0,0
U4075,2026-01-28,PC,4,3,0
U4076,2026-01-15,PC,2,0,2
U4076,2026-01-16,PC,1,0,1
U4076,2026-01-17,Mobile,2,0,1
U4076,2026-01-18,Mobile,1,0,0
U4076,2026-01-19,Mobile,3,1,1
U4076,2026-01-20,Mobile,3,0,0
U4076,2026-01-21,Mobile,5,0,3
U4076,2026-01-22,Mobile,4,0,1
U4076,2026-01-23,Mobile,2,0,2
U4076,2026-01-24,Mobile,4,2,2
U4076,2026-01-25,PC,1,0,0
U4076,2026-01-27,Mobile,5,0,4
U4077,2026-01-15,Mobile,2,1,1
U4077,2026-01-16,PC,3,0,1
U4077,2026-01-17,PC,5,0,2
U4077,2026-01-18,PC,4,1,1
U4077,2026-01-19,Mobile,4,0,0
U4077,2026-01-20,Mobile,4,0,4
U4077,2026-01-21,Mobile,2,0,0
U4077,2026-01-22,PC,2,0,0
U4077,2026-01-23,Mobile,5,1,3
U4077,2026-01-24,Mobile,3,0,2
U4077,2026-01-25,PC,4,0,4
U4077,2026-01-26,Mobile,2,0,1
U4077,2026-01-27,PC,1,0,0
U4077,2026-01-28,PC,2,0,0
U4078,2026-01-15,Mobile,1,0,0
U4078,2026-01-16,Mobile,4,1,2
U4078,2026-01-17,Mobile,2,0,1
U4078,2026-01-18,PC,2,0,2
U4078,2026-01-19,Mobile,1,0,0
U4078,2026-01-20,PC,2,1,1
U4078,2026-01-22,Mobile,4,1,1
U4078,2026-01-23,Mobile,5,0,1
U4078,2026-01-24,PC,3,0,1
U4078,2026-01-25,PC,3,0,0
U4078,2026-01-26,PC,1,0,1
U4078,2026-01-27,Mobile,5,0,0
U4078,2026-01-28,PC,4,2,2
U4079,2026-01-15,PC,4,0,1
U4079,2026-01-16,Mobile,3,0,1
U4079,2026-01-17,Mobile,3,1,0
U4079,2026-01-18,Mobile,2,0,1
U4079,2026-01-19,PC,1,0,1
U4079,2026-01-20,PC,3,0,0
U4079,2026-01-21,Mobile,1,0,1
U4079,2026-01-22,Mobile,5,0,3
U4079,2026-01-23,Mobile,5,2,2
U4079,2026-01-24,PC,2,1,1
U4079,2026-01-25,PC,2,0,1
U4079,2026-01-26,Mobile,5,0,0
U4079,2026-01-27,Mobile,3,1,0
U4079,2026-01-28,PC,2,1,0
U4080,2026-01-15,Mobile,3,2,1
U4080,2026-01-16,Mobile,1,0,0
U4080,2026-01-17,Mobile,2,0,0
U4080,2026-01-18,Mobile,2,0,2
U4080,2026-01-19,PC,4,0,0
U4080,2026-01-20,Mobile,5,0,0
U4080,2026-01-21,Mobile,2,1,1
U4080,2026-01-22,Mobile,4,0,2
U4080,2026-01-23,PC,5,1,4
U4080,2026-01-24,Mobile,3,0,0
U4080,2026-01-25,Mobile,1,0,1
U4080,2026-01-26,PC,1,0,1
U4080,2026-01-27,PC,5,0,4
U4080,2026-01-28,PC,4,0,0
U4081,2026-01-15,PC,3,0,0
U4081,2026-01-16,Mobile,5,2,2
U4081,2026-01-17,Mobile,3,0,0
U4081,2026-01-18,PC,3,0,1
U4081,2026-01-19,PC,3,0,1
U4081,2026-01-20,Mobile,4,0,3
U4081,2026-01-21,Mobile,2,0,1
U4081,2026-01-22,Mobile,1,0,0
U4081,2026-01-23,Mobile,4,0,0
U4081,2026-01-24,PC,1,0,0
U4081,2026-01-25,Mobile,2,0,0
U4081,2026-01-26,Mobile,5,1,0
U4081,2026-01-27,PC,5,1,0
U4081,2026-01-28,PC,4,0,0
U4082,2026-01-15,PC,2,1,1
U4082,2026-01-16,Mobile,1,0,1
U4082,2026-01-17,Mobile,2,0,0
U4082,2026-01-18,Mobile,1,0,0
U4082,2026-01-19,PC,2,0,2
U4082,2026-01-20,Mobile,4,0,0
U4082,2026-01-21,PC,3,2,1
U4082,2026-01-22,Mobile,4,0,0
U4082,2026-01-23,Mobile,1,1,0
U4082,2026-01-24,Mobile,3,0,0
U4082,2026-01-25,Mobile,3,0,0
U4082,2026-01-27,Mobile,5,1,2
U4082,2026-01-28,PC,1,0,1
U4083,2026-01-15,Mobile,2,0,0
U4083,2026-01-16,Mobile,5,2,1
U4083,2026-01-17,PC,5,0,2
U4083,2026-01-18,Mobile,3,2,0
U4083,2026-01-19,Mobile,1,0,1
U4083,2026-01-20,Mobile,3,1,1
U4083,2026-01-21,Mobile,5,1,0
U4083,2026-01-23,PC,1,0,0
U4083,2026-01-24,Mobile,3,0,0
U4083,2026-01-25,Mobile,3,1,1
U4083,2026-01-26,Mobile,2,2,0
U4083,2026-01-27,PC,5,1,2
U4083,2026-01-28,PC,3,3,0
U4084,2026-01-15,Mobile,4,1,0
U4084,2026-01-16,PC,4,1,0
U4084,2026-01-17,Mobile,3,1,2
U4084,2026-01-18,Mobile,2,2,0
U4084,2026-01-19,PC,4,1,0
U4084,2026-01-20,Mobile,1,0,0
U4084,2026-01-21,Mobile,4,0,0
U4084,2026-01-22,Mobile,5,0,0
U4084,2026-01-23,Mobile,3,0,1
U4084,2026-01-24,Mobile,4,3,0
U4084,2026-01-25,PC,2,1,1
U4084,2026-01-27,PC,3,0,0
U4085,2026-01-15,Mobile,2,0,2
U4085,2026-01-17,Mobile,3,1,0
U4085,2026-01-18,PC,3,1,1
U4085,2026-01-19,Mobile,1,1,0
U4085,2026-01-20,PC,4,0,0
U4085,2026-01-21,PC,4,0,0
U4085,2026-01-22,PC,5,0,0
U4085,2026-01-23,Mobile,4,1,1
U4085,2026-01-24,Mobile,4,0,0
U4085,2026-01-25,Mobile,3,0,1
U4085,2026-01-26,PC,2,0,0
U4085,2026-01-27,PC,5,0,0
U4085,2026-01-28,PC,5,1,0
U4086,2026-01-15,Mobile,2,1,0
U4086,2026-01-16,Mobile,2,0,0
U4086,2026-01-17,Mobile,5,1,1
U4086,2026-01-18,Mobile,3,0,3
U4086,2026-01-19,Mobile,4,1,0
U4086,2026-01-20,PC,2,2,0
U4086,2026-01-22,Mobile,4,2,0
U4086,2026-01-23,Mobile,4,0,0
U4086,2026-01-24,Mobile,1,0,0
U4086,2026-01-25,Mobile,5,3,2
U4086,2026-01-26,PC,1,0,0
U4086,2026-01-27,PC,3,2,0
U4086,2026-01-28,Mobile,3,2,1
U4087,2026-01-15,PC,2,0,0
U4087,2026-01-16,Mobile,1,1,0
U4087,2026-01-17,Mobile,4,0,0
U4087,2026-01-19,Mobile,2,1,0
U4087,2026-01-20,Mobile,3,2,0
U4087,2026-01-21,PC,1,0,0
U4087,2026-01-22,PC,1,0,0
U4087,2026-01-23,Mobile,3,0,0
U4087,2026-01-24,PC,4,2,1
U4087,2026-01-25,PC,5,0,0
U4087,2026-01-26,Mobile,3,0,0
U4087,2026-01-27,Mobile,2,0,1
U4087,2026-01-28,PC,2,1,1
U4088,2026-01-15,Mobile,2,0,1
U4088,2026-01-16,PC,5,1,0
U4088,2026-01-17,PC,2,1,0
U4088,2026-01-18,Mobile,1,0,1
U4088,2026-01-19,PC,3,1,2
U4088,2026-01-20,PC,4,1,1
U4088,2026-01-21,Mobile,1,0,0
U4088,2026-01-22,Mobile,2,0,0
U4088,2026-01-24,Mobile,5,1,4
U4088,2026-01-25,Mobile,5,0,2
U4088,2026-01-26,Mobile,3,0,0
U4088,2026-01-27,Mobile,2,0,0
U4088,2026-01-28,Mobile,1,1,0
U4089,2026-01-15,Mobile,5,0,1
U4089,2026-01-16,Mobile,1,0,0
U4089,2026-01-17,PC,3,2,0
U4089,2026-01-18,Mobile,1,0,0
U4089,2026-01-20,PC,1,0,0
U4089,2026-01-21,PC,1,1,0
U4089,2026-01-22,Mobile,5,0,0
U4089,2026-01-23,Mobile,3,0,2
U4089,2026-01-24,Mobile,1,0,1
U4089,2026-01-25,PC,1,1,0
U4089,2026-01-26,Mobile,4,0,0
U4089,2026-01-27,PC,1,0,0
U4089,2026-01-28,Mobile,3,0,3
U4090,2026-01-15,PC,5,2,3
U4090,2026-01-16,PC,1,1,0
U4090,2026-01-17,PC,5,3,0
U4090,2026-01-18,Mobile,1,1,0
U4090,2026-01-19,Mobile,1,1,0
U4090,2026-01-20,PC,1,0,0
U4090,2026-01-21,Mobile,2,2,0
U4090,2026-01-22,Mobile,3,1,0
U4090,2026-01-23,Mobile,3,1,2
U4090,2026-01-24,PC,1,1,0
U4090,2026-01-25,Mobile,5,1,0
U4090,2026-01-26,PC,4,0,2
U4090,2026-01-27,PC,1,0,0
U4090,2026-01-28,Mobile,4,0,4
U4091,2026-01-15,Mobile,4,0,0
U4091,2026-01-16,Mobile,1,1,0
U4091,2026-01-17,Mobile,1,0,0
U4091,2026-01-19,Mobile,1,0,0
U4091,2026-01-20,Mobile,4,1,0
U4091,2026-01-21,Mobile,2,0,1
U4091,2026-01-22,PC,4,0,1
U4091,2026-01-23,Mobile,5,2,1
U4091,2026-01-24,PC,1,0,0
U4091,2026-01-25,Mobile,3,2,1
U4091,2026-01-26,PC,5,1,1
U4091,2026-01-27,PC,1,1,0
U4091,2026-01-28,Mobile,3,0,1
U4092,2026-01-15,PC,4,1,1
U4092,2026-01-16,PC,3,0,0
U4092,2026-01-17,Mobile,4,1,2
U4092,2026-01-18,Mobile,5,0,4
U4092,2026-01-19,PC,2,0,0
U4092,2026-01-20,Mobile,4,0,1
U4092,2026-01-21,Mobile,3,0,1
U4092,2026-01-22,PC,5,0,0
U4092,2026-01-23,Mobile,1,0,1
U4092,2026-01-25,Mobile,4,2,0
U4092,2026-01-26,Mobile,1,0,1
U4092,2026-01-27,PC,5,0,0
U4092,2026-01-28,Mobile,5,1,3
U4093,2026-01-15,Mobile,4,0,3
U4093,2026-01-16,Mobile,5,3,2
U4093,2026-01-17,Mobile,3,0,1
U4093,2026-01-18,Mobile,3,0,2
U4093,2026-01-19,Mobile,1,0,0
U4093,2026-01-20,Mobile,1,0,0
U4093,2026-01-21,Mobile,2,1,0
U4093,2026-01-23,PC,4,4,0
U4093,2026-01-25,Mobile,3,0,0
U4093,2026-01-27,PC,2,0,1
U4093,2026-01-28,PC,5,2,0
U4094,2026-01-15,PC,4,1,1
U4094,2026-01-16,PC,1,0,0
U4094,2026-01-18,Mobile,5,3,2
U4094,2026-01-19,PC,5,1,1
U4094,2026-01-20,Mobile,3,2,1
U4094,2026-01-21,Mobile,1,0,0
U4094,2026-01-22,PC,3,1,2
U4094,2026-01-24,Mobile,1,0,0
U4094,2026-01-25,PC,3,0,0
U4094,2026-01-26,Mobile,3,0,2
U4094,2026-01-27,PC,2,1,1
U4094,2026-01-28,Mobile,3,0,0
U4095,2026-01-15,Mobile,1,0,0
U4095,2026-01-16,PC,5,3,0
U4095,2026-01-17,PC,3,0,1
U4095,2026-01-18,PC,4,4,0
U4095,2026-01-19,Mobile,3,0,0
U4095,2026-01-20,PC,4,0,2
U4095,2026-01-21,Mobile,2,0,0
U4095,2026-01-22,PC,2,0,0
U4095,2026-01-23,Mobile,4,1,1
U4095,2026-01-24,PC,5,2,2
U4095,2026-01-25,Mobile,5,3,0
U4095,2026-01-26,PC,2,0,1
U4095,2026-01-28,Mobile,2,1,0
U4096,2026-01-15,Mobile,1,0,0
U4096,2026-01-16,PC,1,1,0
U4096,2026-01-17,Mobile,5,1,0
U4096,2026-01-18,Mobile,4,2,0
U4096,2026-01-19,PC,1,0,0
U4096,2026-01-20,PC,4,1,1
U4096,2026-01-21,Mobile,2,2,0
U4096,2026-01-22,PC,2,1,1
U4096,2026-01-23,PC,5,0,1
U4096,2026-01-24,Mobile,3,0,0
U4096,2026-01-25,PC,3,0,0
U4096,2026-01-26,PC,4,1,1
U4096,2026-01-28,Mobile,1,1,0
U4097,2026-01-16,PC,3,0,0
U4097,2026-01-17,PC,5,2,1
U4097,2026-01-18,PC,1,0,0
U4097,2026-01-19,Mobile,3,2,1
U4097,2026-01-20,Mobile,4,0,1
U4097,2026-01-21,Mobile,3,0,1
U4097,2026-01-22,PC,4,1,2
U4097,2026-01-23,Mobile,1,0,0
U4097,2026-01-25,Mobile,1,0,0
U4097,2026-01-26,Mobile,1,0,0
U4097,2026-01-27,Mobile,3,0,1
U4097,2026-01-28,PC,5,1,3
U4098,2026-01-15,Mobile,3,0,0
U4098,2026-01-16,Mobile,1,0,0
U4098,2026-01-17,Mobile,2,1,0
U4098,2026-01-18,PC,2,0,0
U4098,2026-01-19,Mobile,2,0,2
U4098,2026-01-20,Mobile,2,0,1
U4098,2026-01-22,Mobile,5,3,1
U4098,2026-01-23,Mobile,2,0,2
U4098,2026-01-26,PC,5,0,2
U4098,2026-01-27,Mobile,4,3,1
U4098,2026-01-28,Mobile,2,1,0
U4099,2026-01-15,Mobile,3,0,1
U4099,2026-01-16,Mobile,3,1,2
U4099,2026-01-17,PC,4,0,1
U4099,2026-01-18,Mobile,3,0,2
U4099,2026-01-19,Mobile,4,0,0
U4099,2026-01-20,Mobile,3,0,2
U4099,2026-01-21,PC,1,0,0
U4099,2026-01-22,Mobile,1,0,0
U4099,2026-01-24,Mobile,3,2,1
U4099,2026-01-25,PC,5,1,2
U4099,2026-01-26,PC,4,2,1
U4099,2026-01-27,Mobile,5,2,1
U4099,2026-01-28,PC,5,1,1
U4100,2026-01-15,PC,2,0,1
U4100,2026-01-16,Mobile,2,0,0
U4100,2026-01-17,Mobile,2,0,1
U4100,2026-01-19,Mobile,1,1,0
U4100,2026-01-20,Mobile,3,1,0
U4100,2026-01-21,Mobile,3,0,3
U4100,2026-01-22,PC,2,0,0
U4100,2026-01-23,Mobile,1,1,0
U4100,2026-01-24,PC,4,0,0
U4100,2026-01-25,Mobile,2,1,1
U4100,2026-01-26,Mobile,4,0,0
U4100,2026-01-27,PC,3,1,0
U4100,2026-01-28,Mobile,1,0,1
U4101,2026-01-15,Mobile,1,0,0
U4101,2026-01-16,PC,3,0,0
U4101,2026-01-17,Mobile,5,1,1
U4101,2026-01-18,Mobile,1,0,0
U4101,2026-01-19,PC,5,1,4
U4101,2026-01-20,Mobile,3,0,0
U4101,2026-01-22,PC,1,0,0
U4101,2026-01-24,Mobile,3,1,1
U4101,2026-01-25,Mobile,2,0,2
U4101,2026-01-26,Mobile,1,0,0
U4101,2026-01-27,PC,1,0,0
U4101,2026-01-28,PC,5,1,1
U4102,2026-01-15,PC,1,1,0
U4102,2026-01-16,PC,3,3,0
U4102,2026-01-17,Mobile,4,2,1
U4102,2026-01-18,Mobile,4,0,3
U4102,2026-01-19,PC,4,1,1
U4102,2026-01-20,Mobile,5,2,2
U4102,2026-01-21,PC,5,1,1
U4102,2026-01-22,Mobile,2,2,0
U4102,2026-01-23,Mobile,2,1,1
U4102,2026-01-24,Mobile,5,1,0
U4102,2026-01-25,PC,4,1,0
U4102,2026-01-26,Mobile,1,0,1
U4102,2026-01-27,Mobile,5,0,1
U4102,2026-01-28,PC,3,0,1
U4103,2026-01-15,PC,1,1,0
U4103,2026-01-16,Mobile,3,2,1
U4103,2026-01-17,Mobile,3,0,2
U4103,2026-01-18,Mobile,5,1,4
U4103,2026-01-19,Mobile,4,0,1
U4103,2026-01-20,Mobile,5,0,3
U4103,2026-01-21,Mobile,1,1,0
U4103,2026-01-22,Mobile,2,0,2
U4103,2026-01-23,Mobile,4,1,2
U4103,2026-01-24,PC,3,0,1
U4103,2026-01-25,Mobile,4,1,3
U4103,2026-01-26,Mobile,3,0,3
U4103,2026-01-27,Mobile,5,0,5
U4103,2026-01-28,Mobile,4,1,1
U4104,2026-01-15,Mobile,1,0,0
U4104,2026-01-16,PC,5,2,3
U4104,2026-01-17,Mobile,3,0,0
U4104,2026-01-18,Mobile,2,0,1
U4104,2026-01-19,Mobile,2,2,0
U4104,2026-01-21,Mobile,3,0,0
U4104,2026-01-22,PC,1,0,0
U4104,2026-01-23,PC,4,3,1
U4104,2026-01-24,PC,4,2,0
U4104,2026-01-26,Mobile,2,2,0
U4104,2026-01-27,Mobile,3,1,0
U4104,2026-01-28,Mobile,3,1,1
U4105,2026-01-15,Mobile,2,0,0
U4105,2026-01-16,Mobile,4,1,2
U4105,2026-01-17,Mobile,2,0,0
U4105,2026-01-18,Mobile,1,0,0
U4105,2026-01-19,PC,4,0,0
U4105,2026-01-20,Mobile,2,0,0
U4105,2026-01-21,PC,2,0,1
U4105,2026-01-22,PC,1,0,0
U4105,2026-01-23,Mobile,4,0,0
U4105,2026-01-24,Mobile,2,0,2
U4105,2026-01-26,Mobile,3,1,0
U4105,2026-01-27,Mobile,2,0,0
U4105,2026-01-28,Mobile,2,1,1
U4106,2026-01-15,PC,1,0,0
U4106,2026-01-17,PC,5,0,2
U4106,2026-01-18,PC,1,0,0
U4106,2026-01-20,PC,4,0,0
U4106,2026-01-21,PC,4,0,0
U4106,2026-01-22,Mobile,4,0,2
U4106,2026-01-23,Mobile,4,0,2
U4106,2026-01-24,Mobile,5,0,5
U4106,2026-01-25,Mobile,2,1,0
U4106,2026-01-26,PC,2,1,0
U4106,2026-01-27,Mobile,1,0,0
U4106,2026-01-28,PC,5,0,0
U4107,2026-01-16,Mobile,3,1,2
U4107,2026-01-17,Mobile,2,2,0
U4107,2026-01-18,Mobile,1,0,0
U4107,2026-01-19,Mobile,3,3,0
U4107,2026-01-21,Mobile,4,2,1
U4107,2026-01-23,PC,1,0,0
U4107,2026-01-24,Mobile,1,0,0
U4107,2026-01-25,Mobile,1,0,0
U4107,2026-01-26,Mobile,5,0,1
U4107,2026-01-27,Mobile,1,0,1
U4107,2026-01-28,Mobile,4,1,1
U4108,2026-01-15,Mobile,5,2,1
U4108,2026-01-16,Mobile,4,0,0
U4108,2026-01-18,Mobile,1,0,1
U4108,2026-01-19,PC,3,0,2
U4108,2026-01-20,Mobile,2,2,0
U4108,2026-01-21,Mobile,1,0,0
U4108,2026-01-22,Mobile,1,0,0
U4108,2026-01-23,PC,4,1,0
U4108,2026-01-24,Mobile,5,0,2
U4108,2026-01-25,PC,4,1,1
U4108,2026-01-26,Mobile,5,0,4
U4108,2026-01-27,PC,3,0,2
U4108,2026-01-28,PC,2,0,0
U4109,2026-01-15,Mobile,2,0,0
U4109,2026-01-16,PC,5,0,0
U4109,2026-01-17,Mobile,5,1,0
U4109,2026-01-18,Mobile,4,1,2
U4109,2026-01-19,Mobile,1,1,0
U4109,2026-01-20,PC,4,0,1
U4109,2026-01-22,PC,2,0,1
U4109,2026-01-23,PC,2,0,0
U4109,2026-01-24,Mobile,1,0,0
U4109,2026-01-25,Mobile,3,3,0
U4109,2026-01-26,PC,5,0,4
U4109,2026-01-28,Mobile,4,0,0
U4110,2026-01-16,PC,4,0,3
U4110,2026-01-17,Mobile,2,0,2
U4110,2026-01-18,Mobile,5,0,0
U4110,2026-01-19,PC,5,0,0
U4110,2026-01-20,Mobile,5,0,0
U4110,2026-01-21,Mobile,3,0,0
U4110,2026-01-22,PC,4,0,2
U4110,2026-01-23,Mobile,5,1,2
U4110,2026-01-24,PC,2,0,1
U4110,2026-01-26,PC,3,0,1
U4110,2026-01-27,PC,1,0,0
U4110,2026-01-28,Mobile,4,2,1
U4111,2026-01-15,PC,3,1,2
U4111,2026-01-16,PC,1,0,1
U4111,2026-01-18,Mobile,3,1,1
U4111,2026-01-19,Mobile,2,0,1
U4111,2026-01-20,Mobile,1,0,1
U4111,2026-01-21,PC,2,0,1
U4111,2026-01-22,Mobile,5,2,1
U4111,2026-01-23,Mobile,4,1,0
U4111,2026-01-24,Mobile,4,1,0
U4111,2026-01-25,Mobile,1,1,0
U4111,2026-01-26,PC,4,2,0
U4111,2026-01-27,Mobile,1,1,0
U4111,2026-01-28,Mobile,1,0,0
U4112,2026-01-15,Mobile,4,2,2
U4112,2026-01-16,Mobile,2,0,1
U4112,2026-01-17,Mobile,3,0,0
U4112,2026-01-19,PC,1,0,0
U4112,2026-01-21,Mobile,4,0,4
U4112,2026-01-22,PC,3,2,0
U4112,2026-01-23,PC,3,1,2
U4112,2026-01-24,PC,5,0,1
U4112,2026-01-25,Mobile,3,0,3
U4112,2026-01-26,Mobile,2,0,2
U4112,2026-01-28,Mobile,2,0,0
U4113,2026-01-15,PC,2,1,0
U4113,2026-01-16,Mobile,5,2,0
U4113,2026-01-17,PC,5,3,1
U4113,2026-01-18,Mobile,5,1,1
U4113,2026-01-19,Mobile,4,0,2
U4113,2026-01-20,Mobile,1,0,1
U4113,2026-01-21,Mobile,2,0,0
U4113,2026-01-22,PC,5,1,1
U4113,2026-01-23,PC,2,0,0
U4113,2026-01-24,PC,1,0,0
U4113,2026-01-25,Mobile,3,0,0
U4113,2026-01-26,Mobile,1,0,0
U4113,2026-01-27,PC,1,0,0
U4113,2026-01-28,PC,4,2,1
U4114,2026-01-15,Mobile,5,1,2
U4114,2026-01-16,Mobile,4,2,2
U4114,2026-01-17,Mobile,2,0,1
U4114,2026-01-18,PC,1,0,0
U4114,2026-01-19,Mobile,4,0,0
U4114,2026-01-20,Mobile,3,0,0
U4114,2026-01-22,Mobile,3,0,0
U4114,2026-01-24,PC,5,0,1
U4114,2026-01-25,Mobile,2,0,0
U4114,2026-01-26,PC,5,2,3
U4114,2026-01-27,Mobile,1,0,0
U4114,2026-01-28,Mobile,5,0,4
U4115,2026-01-15,Mobile,3,1,1
U4115,2026-01-17,Mobile,4,1,0
U4115,2026-01-18,PC,5,3,2
U4115,2026-01-19,Mobile,1,0,0
U4115,2026-01-20,Mobile,4,1,2
U4115,2026-01-21,Mobile,3,0,2
U4115,2026-01-22,Mobile,3,0,1
U4115,2026-01-23,Mobile,3,1,1
U4115,2026-01-24,Mobile,2,0,2
U4115,2026-01-25,PC,5,2,2
U4115,2026-01-26,Mobile,3,0,1
U4115,2026-01-27,PC,5,1,0
U4115,2026-01-28,PC,2,0,2
U4116,2026-01-15,Mobile,4,1,0
U4116,2026-01-16,Mobile,5,2,3
U4116,2026-01-17,PC,3,0,0
U4116,2026-01-18,PC,5,0,0
U4116,2026-01-19,PC,2,1,0
U4116,2026-01-21,Mobile,4,2,0
U4116,2026-01-22,Mobile,3,2,1
U4116,2026-01-23,Mobile,3,0,0
U4116,2026-01-24,PC,2,1,0
U4116,2026-01-25,PC,3,0,0
U4116,2026-01-26,Mobile,1,0,1
U4116,2026-01-27,PC,1,0,0
U4116,2026-01-28,PC,3,0,1
U4117,2026-01-15,Mobile,1,1,0
U4117,2026-01-16,PC,4,2,1
U4117,2026-01-17,Mobile,5,0,0
U4117,2026-01-18,Mobile,3,1,1
U4117,2026-01-20,PC,4,3,1
U4117,2026-01-21,Mobile,1,0,0
U4117,2026-01-22,PC,2,2,0
U4117,2026-01-23,PC,4,1,0
U4117,2026-01-24,Mobile,3,1,1
U4117,2026-01-26,Mobile,5,2,1
U4117,2026-01-27,Mobile,3,0,0
U4117,2026-01-28,Mobile,3,2,1
U4118,2026-01-15,Mobile,2,1,0
U4118,2026-01-17,Mobile,4,0,0
U4118,2026-01-19,Mobile,1,0,1
U4118,2026-01-20,Mobile,5,0,4
U4118,2026-01-21,Mobile,1,0,1
U4118,2026-01-22,PC,1,0,0
U4118,2026-01-23,PC,4,1,1
U4118,2026-01-24,Mobile,1,0,0
U4118,2026-01-25,Mobile,4,1,3
U4118,2026-01-26,Mobile,4,0,1
U4118,2026-01-27,Mobile,1,0,1
U4118,2026-01-28,PC,1,1,0
U4119,2026-01-16,PC,2,0,1
U4119,2026-01-17,Mobile,1,0,0
U4119,2026-01-18,PC,2,0,0
U4119,2026-01-19,PC,2,0,0
U4119,2026-01-20,PC,5,3,2
U4119,2026-01-21,Mobile,5,0,4
U4119,2026-01-22,Mobile,5,0,2
U4119,2026-01-23,PC,2,0,0
U4119,2026-01-24,Mobile,3,0,0
U4119,2026-01-25,Mobile,1,0,0
U4119,2026-01-26,Mobile,3,0,2
U4119,2026-01-27,Mobile,1,0,0
U4120,2026-01-15,Mobile,3,1,2
U4120,2026-01-16,PC,5,2,2
U4120,2026-01-17,PC,3,0,1
U4120,2026-01-18,Mobile,4,1,1
U4120,2026-01-19,PC,1,1,0
U4120,2026-01-20,Mobile,2,1,0
U4120,2026-01-21,Mobile,1,1,0
U4120,2026-01-22,PC,3,2,0
U4120,2026-01-23,Mobile,4,0,0
U4120,2026-01-24,Mobile,2,1,1
U4120,2026-01-25,PC,5,3,2
U4120,2026-01-26,Mobile,3,1,0
U4120,2026-01-27,Mobile,3,1,2
U4120,2026-01-28,Mobile,1,0,1
U4121,2026-01-15,Mobile,2,0,1
U4121,2026-01-16,Mobile,1,0,0
U4121,2026-01-17,PC,5,1,2
U4121,2026-01-18,Mobile,1,0,1
U4121,2026-01-19,Mobile,2,2,0
U4121,2026-01-20,Mobile,1,1,0
U4121,2026-01-21,PC,4,4,0
U4121,2026-01-22,Mobile,3,0,1
U4121,2026-01-23,Mobile,4,0,2
U4121,2026-01-24,Mobile,2,0,1
U4121,2026-01-25,Mobile,3,1,1
U4121,2026-01-26,PC,3,2,1
U4121,2026-01-27,PC,2,1,0
U4121,2026-01-28,Mobile,4,0,2
U4122,2026-01-15,Mobile,2,0,0
U4122,2026-01-16,PC,1,0,0
U4122,2026-01-17,Mobile,2,0,0
U4122,2026-01-18,Mobile,4,0,1
U4122,2026-01-19,PC,2,1,0
U4122,2026-01-20,Mobile,4,1,2
U4122,2026-01-21,Mobile,3,1,0
U4122,2026-01-22,Mobile,1,0,0
U4122,2026-01-23,Mobile,1,0,0
U4122,2026-01-24,PC,2,0,1
U4122,2026-01-25,Mobile,5,0,1
U4122,2026-01-26,PC,3,0,1
U4122,2026-01-27,Mobile,5,1,4
U4122,2026-01-28,PC,1,0,0
U4123,2026-01-15,Mobile,2,0,2
U4123,2026-01-16,PC,4,0,1
U4123,2026-01-17,Mobile,5,0,5
U4123,2026-01-18,Mobile,3,0,0
U4123,2026-01-19,Mobile,2,1,1
U4123,2026-01-20,Mobile,1,0,0
U4123,2026-01-21,Mobile,1,0,1
U4123,2026-01-22,PC,1,0,1
U4123,2026-01-23,Mobile,5,2,2
U4123,2026-01-24,Mobile,4,0,2
U4123,2026-01-25,PC,2,0,2
U4123,2026-01-26,Mobile,4,0,2
U4123,2026-01-27,PC,5,0,2
U4123,2026-01-28,Mobile,4,0,3
U4124,2026-01-15,PC,3,1,2
U4124,2026-01-16,PC,2,1,0
U4124,2026-01-17,Mobile,2,0,2
U4124,2026-01-18,PC,4,2,1
U4124,2026-01-19,Mobile,3,1,0
U4124,2026-01-20,Mobile,1,0,0
U4124,2026-01-21,PC,4,1,0
U4124,2026-01-22,Mobile,1,0,0
U4124,2026-01-23,Mobile,1,0,1
U4124,2026-01-24,Mobile,3,2,1
U4124,2026-01-25,PC,3,1,0
U4124,2026-01-26,PC,2,0,0
U4124,2026-01-27,Mobile,3,1,0
U4125,2026-01-15,PC,3,0,3
U4125,2026-01-16,Mobile,3,0,2
U4125,2026-01-17,PC,1,0,0
U4125,2026-01-18,PC,4,0,3
U4125,2026-01-19,PC,1,0,1
U4125,2026-01-20,Mobile,1,0,0
U4125,2026-01-21,Mobile,3,1,2
U4125,2026-01-22,PC,3,0,1
U4125,2026-01-23,Mobile,4,1,2
U4125,2026-01-24,PC,4,0,3
U4125,2026-01-25,Mobile,4,0,0
U4125,2026-01-26,Mobile,3,1,1
U4125,2026-01-28,PC,2,0,0
U4126,2026-01-15,Mobile,5,2,3
U4126,2026-01-16,PC,1,0,0
U4126,2026-01-17,Mobile,5,0,0
U4126,2026-01-18,PC,5,1,0
U4126,2026-01-19,Mobile,1,0,0
U4126,2026-01-20,PC,2,0,1
U4126,2026-01-21,PC,1,0,0
U4126,2026-01-22,PC,3,1,0
U4126,2026-01-23,PC,4,1,0
U4126,2026-01-24,Mobile,3,0,0
U4126,2026-01-25,PC,5,1,0
U4126,2026-01-26,Mobile,2,1,0
U4126,2026-01-27,Mobile,3,1,1
U4126,2026-01-28,Mobile,3,1,0
U4127,2026-01-15,PC,4,2,2
U4127,2026-01-16,Mobile,5,0,1
U4127,2026-01-17,Mobile,3,3,0
U4127,2026-01-18,Mobile,5,1,0
U4127,2026-01-19,Mobile,3,0,0
U4127,2026-01-20,Mobile,4,3,1
U4127,2026-01-22,Mobile,5,4,1
U4127,2026-01-23,PC,4,1,1
U4127,2026-01-24,PC,2,0,0
U4127,2026-01-25,Mobile,5,1,2
U4127,2026-01-26,Mobile,3,1,0
U4127,2026-01-27,PC,3,3,0
U4127,2026-01-28,PC,3,0,1
U4128,2026-01-15,Mobile,2,0,2
U4128,2026-01-16,PC,3,0,0
U4128,2026-01-17,Mobile,5,1,1
U4128,2026-01-18,PC,5,0,4
U4128,2026-01-19,Mobile,1,1,0
U4128,2026-01-20,PC,3,0,2
U4128,2026-01-21,PC,2,0,2
U4128,2026-01-22,PC,5,0,0
U4128,2026-01-23,Mobile,3,0,0
U4128,2026-01-24,Mobile,5,0,4
U4128,2026-01-25,Mobile,2,0,1
U4128,2026-01-27,Mobile,2,1,0
U4128,2026-01-28,PC,1,0,1
U4129,2026-01-15,PC,3,0,0
U4129,2026-01-17,PC,4,0,4
U4129,2026-01-18,Mobile,3,0,2
U4129,2026-01-19,Mobile,4,1,3
U4129,2026-01-20,Mobile,3,1,2
U4129,2026-01-21,Mobile,3,0,1
U4129,2026-01-22,PC,4,0,2
U4129,2026-01-23,PC,5,0,1
U4129,2026-01-24,Mobile,3,0,2
U4129,2026-01-25,PC,3,0,1
U4129,2026-01-26,PC,1,1,0
U4129,2026-01-27,Mobile,2,0,1
U4129,2026-01-28,Mobile,3,0,0
U4130,2026-01-15,Mobile,1,0,1
U4130,2026-01-16,PC,2,0,1
U4130,2026-01-17,PC,1,0,0
U4130,2026-01-18,Mobile,3,0,0
U4130,2026-01-19,Mobile,5,1,2
U4130,2026-01-20,Mobile,2,0,1
U4130,2026-01-21,PC,1,0,0
U4130,2026-01-22,PC,2,0,1
U4130,2026-01-23,Mobile,4,1,2
U4130,2026-01-24,PC,3,0,3
U4130,2026-01-25,PC,1,0,1
U4130,2026-01-26,Mobile,5,0,0
U4130,2026-01-27,PC,3,0,0
U4130,2026-01-28,PC,5,1,3
U4131,2026-01-15,PC,5,0,4
U4131,2026-01-16,Mobile,4,1,2
U4131,2026-01-17,Mobile,4,2,2
U4131,2026-01-18,PC,3,0,1
U4131,2026-01-19,PC,5,0,2
U4131,2026-01-20,Mobile,1,1,0
U4131,2026-01-21,Mobile,2,0,0
U4131,2026-01-22,Mobile,3,0,0
U4131,2026-01-23,PC,5,1,0
U4131,2026-01-24,Mobile,3,0,1
U4131,2026-01-25,Mobile,4,0,1
U4131,2026-01-26,Mobile,2,1,1
U4131,2026-01-27,PC,4,0,0
U4131,2026-01-28,PC,3,0,1
U4132,2026-01-15,Mobile,4,1,1
U4132,2026-01-16,Mobile,4,0,1
U4132,2026-01-17,Mobile,5,0,0
U4132,2026-01-18,Mobile,4,0,3
U4132,2026-01-19,PC,4,2,0
U4132,2026-01-20,Mobile,1,1,0
U4132,2026-01-21,Mobile,1,1,0
U4132,2026-01-22,PC,2,1,0
U4132,2026-01-23,Mobile,5,0,0
U4132,2026-01-24,Mobile,1,0,0
U4132,2026-01-25,Mobile,4,0,2
U4132,2026-01-26,Mobile,5,0,1
U4132,2026-01-27,Mobile,4,0,0
U4133,2026-01-15,Mobile,2,1,0
U4133,2026-01-16,Mobile,1,0,1
U4133,2026-01-17,PC,4,0,2
U4133,2026-01-19,Mobile,3,1,0
U4133,2026-01-20,PC,5,1,1
U4133,2026-01-21,Mobile,5,0,1
U4133,2026-01-22,Mobile,2,2,0
U4133,2026-01-23,PC,5,0,1
U4133,2026-01-24,Mobile,5,4,0
U4133,2026-01-25,Mobile,3,0,0
U4133,2026-01-26,Mobile,1,0,1
U4133,2026-01-27,Mobile,3,0,1
U4133,2026-01-28,PC,2,1,1
U4134,2026-01-15,Mobile,5,0,4
U4134,2026-01-16,Mobile,2,0,1
U4134,2026-01-17,Mobile,1,0,1
U4134,2026-01-18,Mobile,2,1,0
U4134,2026-01-20,PC,1,0,1
U4134,2026-01-21,PC,5,2,3
U4134,2026-01-22,Mobile,3,0,1
U4134,2026-01-23,PC,1,0,0
U4134,2026-01-24,Mobile,3,0,3
U4134,2026-01-25,Mobile,2,0,1
U4134,2026-01-26,PC,2,0,0
U4134,2026-01-27,Mobile,1,0,0
U4134,2026-01-28,PC,2,0,2
U4135,2026-01-15,PC,5,1,1
U4135,2026-01-16,Mobile,1,0,0
U4135,2026-01-17,Mobile,2,0,1
U4135,2026-01-18,Mobile,1,0,0
U4135,2026-01-19,PC,3,1,1
U4135,2026-01-21,Mobile,4,1,2
U4135,2026-01-22,Mobile,4,0,4
U4135,2026-01-23,Mobile,3,0,2
U4135,2026-01-24,Mobile,1,1,0
U4135,2026-01-25,Mobile,3,1,2
U4135,2026-01-26,PC,5,0,4
U4135,2026-01-27,Mobile,2,0,0
U4135,2026-01-28,Mobile,2,0,0
U4136,2026-01-15,Mobile,5,0,0
U4136,2026-01-17,Mobile,5,0,1
U4136,2026-01-18,Mobile,4,0,1
U4136,2026-01-19,Mobile,3,1,0
U4136,2026-01-20,Mobile,4,1,3
U4136,2026-01-21,Mobile,4,1,2
U4136,2026-01-22,PC,4,1,3
U4136,2026-01-23,PC,5,1,4
U4136,2026-01-25,PC,5,1,3
U4136,2026-01-26,Mobile,3,0,2
U4136,2026-01-27,Mobile,1,0,1
U4137,2026-01-15,Mobile,3,3,0
U4137,2026-01-17,Mobile,3,0,0
U4137,2026-01-18,PC,1,0,0
U4137,2026-01-19,PC,2,0,0
U4137,2026-01-20,Mobile,3,1,1
U4137,2026-01-21,Mobile,5,1,0
U4137,2026-01-22,Mobile,2,1,0
U4137,2026-01-23,PC,4,1,0
U4137,2026-01-25,Mobile,3,1,1
U4137,2026-01-27,PC,2,1,1
U4137,2026-01-28,Mobile,4,0,2
U4138,2026-01-15,Mobile,2,1,0
U4138,2026-01-16,Mobile,4,1,1
U4138,2026-01-17,Mobile,3,0,1
U4138,2026-01-18,PC,2,0,0
U4138,2026-01-19,PC,1,1,0
U4138,2026-01-20,Mobile,2,0,0
U4138,2026-01-21,Mobile,2,0,2
U4138,2026-01-22,Mobile,3,1,1
U4138,2026-01-23,Mobile,2,2,0
U4138,2026-01-24,PC,4,1,1
U4138,2026-01-25,PC,2,0,1
U4138,2026-01-26,PC,3,2,0
U4138,2026-01-27,Mobile,4,2,1
U4138,2026-01-28,Mobile,2,1,1
U4139,2026-01-15,PC,3,1,0
U4139,2026-01-16,Mobile,3,0,1
U4139,2026-01-17,Mobile,2,1,0
U4139,2026-01-18,Mobile,3,2,1
U4139,2026-01-19,Mobile,2,0,0
U4139,2026-01-20,PC,3,0,2
U4139,2026-01-22,Mobile,2,0,0
U4139,2026-01-23,Mobile,2,1,1
U4139,2026-01-26,PC,5,2,3
U4139,2026-01-27,Mobile,5,3,2
U4139,2026-01-28,PC,4,3,1
U4140,2026-01-15,PC,1,0,1
U4140,2026-01-16,Mobile,3,1,2
U4140,2026-01-17,Mobile,4,0,1
U4140,2026-01-18,Mobile,4,0,0
U4140,2026-01-20,PC,3,1,2
U4140,2026-01-21,PC,1,0,0
U4140,2026-01-22,Mobile,2,1,1
U4140,2026-01-23,Mobile,4,3,0
U4140,2026-01-24,Mobile,3,1,1
U4140,2026-01-25,PC,1,0,1
U4140,2026-01-26,PC,5,2,1
U4140,2026-01-27,PC,4,1,1
U4140,2026-01-28,Mobile,3,0,2
U4141,2026-01-15,Mobile,4,2,0
U4141,2026-01-16,PC,5,3,2
U4141,2026-01-17,Mobile,2,0,0
U4141,2026-01-18,Mobile,1,0,0
U4141,2026-01-20,Mobile,5,1,3
U4141,2026-01-22,Mobile,2,0,0
U4141,2026-01-23,PC,2,0,2
U4141,2026-01-27,Mobile,5,1,2
U4141,2026-01-28,PC,5,3,0
U4142,2026-01-15,Mobile,2,0,2
U4142,2026-01-18,PC,2,0,0
U4142,2026-01-19,PC,5,0,5
U4142,2026-01-20,PC,5,0,0
U4142,2026-01-21,Mobile,1,0,1
U4142,2026-01-22,Mobile,3,1,2
U4142,2026-01-23,Mobile,2,0,0
U4142,2026-01-24,Mobile,2,0,0
U4142,2026-01-25,PC,3,0,2
U4142,2026-01-26,Mobile,3,0,2
U4142,2026-01-27,Mobile,2,0,0
U4142,2026-01-28,Mobile,1,0,1
U4143,2026-01-15,PC,5,0,2
U4143,2026-01-16,PC,5,0,4
U4143,2026-01-17,PC,5,1,3
U4143,2026-01-19,PC,5,0,3
U4143,2026-01-20,Mobile,1,0,1
U4143,2026-01-21,Mobile,1,1,0
U4143,2026-01-22,PC,5,0,4
U4143,2026-01-23,PC,4,0,0
U4143,2026-01-24,Mobile,3,0,2
U4143,2026-01-25,Mobile,5,3,0
U4143,2026-01-26,PC,1,0,0
U4143,2026-01-27,Mobile,5,1,0
U4143,2026-01-28,Mobile,4,0,2
U4144,2026-01-15,PC,2,0,1
U4144,2026-01-16,Mobile,3,0,3
U4144,2026-01-18,Mobile,5,0,0
U4144,2026-01-21,PC,2,0,0
U4144,2026-01-22,Mobile,1,0,0
U4144,2026-01-23,Mobile,2,1,1
U4144,2026-01-24,PC,2,0,0
U4144,2026-01-26,Mobile,4,1,1
U4144,2026-01-27,Mobile,4,0,4
U4144,2026-01-28,Mobile,3,2,1
U4145,2026-01-15,Mobile,3,0,0
U4145,2026-01-16,PC,2,0,1
U4145,2026-01-17,Mobile,5,2,0
U4145,2026-01-18,PC,4,1,1
U4145,2026-01-19,Mobile,5,1,0
U4145,2026-01-20,PC,4,1,1
U4145,2026-01-21,PC,2,1,1
U4145,2026-01-22,Mobile,2,1,1
U4145,2026-01-23,Mobile,4,1,1
U4145,2026-01-25,PC,3,1,0
U4145,2026-01-26,PC,3,0,0
U4145,2026-01-27,Mobile,2,0,0
U4145,2026-01-28,Mobile,2,0,2
U4146,2026-01-15,Mobile,2,1,0
U4146,2026-01-16,PC,2,0,2
U4146,2026-01-17,Mobile,4,0,0
U4146,2026-01-18,Mobile,4,0,1
U4146,2026-01-19,PC,4,0,0
U4146,2026-01-20,Mobile,2,0,0
U4146,2026-01-22,Mobile,1,0,0
U4146,2026-01-23,Mobile,5,1,1
U4146,2026-01-24,PC,1,1,0
U4146,2026-01-26,PC,2,2,0
U4146,2026-01-27,Mobile,2,1,0
U4146,2026-01-28,PC,3,2,1
U4147,2026-01-15,Mobile,2,0,0
U4147,2026-01-16,Mobile,1,0,1
U4147,2026-01-17,Mobile,3,0,2
U4147,2026-01-18,PC,2,0,1
U4147,2026-01-19,Mobile,2,0,2
U4147,2026-01-20,Mobile,4,0,1
U4147,2026-01-21,Mobile,5,1,0
U4147,2026-01-24,Mobile,1,1,0
U4147,2026-01-25,PC,1,0,0
U4147,2026-01-27,Mobile,1,0,0
U4147,2026-01-28,Mobile,3,0,0
U4148,2026-01-15,Mobile,5,0,0
U4148,2026-01-16,Mobile,4,1,3
U4148,2026-01-17,Mobile,3,1,0
U4148,2026-01-18,PC,1,1,0
U4148,2026-01-19,Mobile,1,0,0
U4148,2026-01-20,Mobile,5,0,2
U4148,2026-01-21,PC,1,0,0
U4148,2026-01-22,Mobile,3,0,0
U4148,2026-01-23,Mobile,4,1,2
U4148,2026-01-24,Mobile,5,4,1
U4148,2026-01-25,PC,1,0,0
U4148,2026-01-26,Mobile,4,1,1
U4148,2026-01-27,Mobile,1,0,0
U4148,2026-01-28,Mobile,2,2,0
U4149,2026-01-15,Mobile,1,0,0
U4149,2026-01-16,Mobile,2,0,0
U4149,2026-01-17,PC,2,0,0
U4149,2026-01-18,PC,5,2,2
U4149,2026-01-19,Mobile,1,0,0
U4149,2026-01-20,Mobile,4,1,1
U4149,2026-01-21,Mobile,5,1,3
U4149,2026-01-22,PC,4,3,1
U4149,2026-01-23,Mobile,4,2,0
U4149,2026-01-24,Mobile,1,0,1
U4149,2026-01-25,PC,4,2,2
U4149,2026-01-26,Mobile,2,1,0
U4149,2026-01-28,Mobile,3,0,0
U4150,2026-01-15,Mobile,1,1,0
U4150,2026-01-16,Mobile,4,1,2
U4150,2026-01-17,Mobile,1,0,0
U4150,2026-01-18,Mobile,1,0,0
U4150,2026-01-19,PC,4,0,4
U4150,2026-01-20,PC,5,0,0
U4150,2026-01-21,Mobile,3,0,1
U4150,2026-01-22,PC,1,0,0
U4150,2026-01-23,PC,3,0,3
U4150,2026-01-24,Mobile,1,0,1
U4150,2026-01-25,Mobile,3,2,1
U4150,2026-01-26,Mobile,5,1,2
U4150,2026-01-27,PC,3,1,1
U4150,2026-01-28,Mobile,2,1,1
U4151,2026-01-15,PC,1,0,1
U4151,2026-01-16,Mobile,4,1,2
U4151,2026-01-17,Mobile,4,1,1
U4151,2026-01-18,Mobile,4,0,1
U4151,2026-01-19,PC,1,1,0
U4151,2026-01-20,PC,4,2,0
U4151,2026-01-21,Mobile,1,0,0
U4151,2026-01-22,Mobile,2,2,0
U4151,2026-01-24,PC,2,0,0
U4151,2026-01-25,Mobile,4,2,1
U4151,2026-01-26,Mobile,1,0,0
U4151,2026-01-27,PC,5,1,1
U4151,2026-01-28,Mobile,3,1,0
U4152,2026-01-15,PC,4,0,1
U4152,2026-01-16,Mobile,2,0,2
U4152,2026-01-17,Mobile,4,0,0
U4152,2026-01-18,Mobile,1,0,1
U4152,2026-01-19,PC,4,0,1
U4152,2026-01-20,PC,1,0,1
U4152,2026-01-21,Mobile,5,0,1
U4152,2026-01-22,Mobile,2,0,0
U4152,2026-01-23,Mobile,4,0,4
U4152,2026-01-24,PC,1,0,1
U4152,2026-01-25,Mobile,3,1,1
U4152,2026-01-26,Mobile,5,2,2
U4152,2026-01-27,PC,3,1,2
U4152,2026-01-28,Mobile,2,1,0
U4153,2026-01-15,Mobile,5,1,3
U4153,2026-01-16,Mobile,3,1,1
U4153,2026-01-17,Mobile,1,0,1
U4153,2026-01-18,Mobile,4,2,0
U4153,2026-01-19,Mobile,5,1,2
U4153,2026-01-20,Mobile,1,0,0
U4153,2026-01-21,Mobile,5,0,5
U4153,2026-01-22,PC,3,1,0
U4153,2026-01-23,PC,2,0,0
U4153,2026-01-24,Mobile,5,2,0
U4153,2026-01-26,Mobile,2,0,1
U4153,2026-01-27,Mobile,1,0,0
U4153,2026-01-28,PC,1,1,0
U4154,2026-01-15,Mobile,3,1,0
U4154,2026-01-16,Mobile,1,0,1
U4154,2026-01-17,PC,4,0,0
U4154,2026-01-18,PC,4,2,2
U4154,2026-01-19,Mobile,4,0,1
U4154,2026-01-20,Mobile,5,1,3
U4154,2026-01-21,PC,4,1,1
U4154,2026-01-22,Mobile,1,0,0
U4154,2026-01-23,Mobile,2,0,0
U4154,2026-01-24,Mobile,5,1,1
U4154,2026-01-25,Mobile,3,1,2
U4154,2026-01-26,Mobile,4,2,0
U4154,2026-01-27,Mobile,5,1,2
U4154,2026-01-28,PC,2,0,1
U4155,2026-01-15,Mobile,3,0,2
U4155,2026-01-16,PC,4,0,3
U4155,2026-01-17,Mobile,2,0,2
U4155,2026-01-18,PC,1,0,0
U4155,2026-01-19,Mobile,2,0,1
U4155,2026-01-20,Mobile,1,0,0
U4155,2026-01-21,Mobile,5,0,2
U4155,2026-01-22,Mobile,2,0,0
U4155,2026-01-23,Mobile,3,0,3
U4155,2026-01-24,Mobile,2,0,1
U4155,2026-01-25,PC,4,0,0
U4155,2026-01-26,Mobile,1,0,0
U4155,2026-01-27,Mobile,5,0,4
U4155,2026-01-28,PC,4,1,1
U4156,2026-01-15,PC,1,0,0
U4156,2026-01-16,Mobile,3,0,0
U4156,2026-01-17,PC,1,0,0
U4156,2026-01-18,Mobile,5,3,0
U4156,2026-01-19,Mobile,4,2,1
U4156,2026-01-20,Mobile,1,0,0
U4156,2026-01-21,Mobile,2,0,0
U4156,2026-01-23,Mobile,5,2,3
U4156,2026-01-24,Mobile,2,1,0
U4156,2026-01-25,PC,1,0,0
U4156,2026-01-26,Mobile,3,0,0
U4156,2026-01-27,Mobile,2,0,0
U4156,2026-01-28,PC,3,2,0
U4157,2026-01-15,PC,2,0,1
U4157,2026-01-16,PC,3,0,0
U4157,2026-01-17,Mobile,3,1,1
U4157,2026-01-18,Mobile,1,1,0
U4157,2026-01-19,Mobile,5,1,2
U4157,2026-01-20,Mobile,1,0,0
U4157,2026-01-21,Mobile,3,0,1
U4157,2026-01-22,PC,4,0,0
U4157,2026-01-23,Mobile,5,2,3
U4157,2026-01-25,PC,3,1,2
U4157,2026-01-26,Mobile,1,0,0
U4157,2026-01-27,PC,1,0,0
U4157,2026-01-28,Mobile,3,0,3
U4158,2026-01-15,Mobile,3,1,0
U4158,2026-01-16,PC,4,1,2
U4158,2026-01-17,PC,5,1,3
U4158,2026-01-18,PC,1,1,0
U4158,2026-01-19,Mobile,4,1,2
U4158,2026-01-20,Mobile,2,0,2
U4158,2026-01-22,PC,3,0,0
U4158,2026-01-23,Mobile,5,2,2
U4158,2026-01-24,Mobile,1,0,1
U4158,2026-01-25,Mobile,5,0,1
U4158,2026-01-27,Mobile,5,1,0
U4158,2026-01-28,Mobile,5,1,2
U4159,2026-01-15,Mobile,1,0,1
U4159,2026-01-16,Mobile,3,1,0
U4159,2026-01-17,Mobile,3,0,0
U4159,2026-01-18,PC,3,1,1
U4159,2026-01-19,Mobile,5,2,0
U4159,2026-01-20,Mobile,4,0,2
U4159,2026-01-21,Mobile,2,0,0
U4159,2026-01-23,PC,5,0,5
U4159,2026-01-24,Mobile,1,0,0
U4159,2026-01-25,PC,3,1,2
U4159,2026-01-26,PC,2,0,0
U4159,2026-01-27,Mobile,5,0,0
U4159,2026-01-28,Mobile,3,1,1
U4160,2026-01-15,PC,1,0,0
U4160,2026-01-16,Mobile,2,1,0
U4160,2026-01-17,Mobile,1,1,0
U4160,2026-01-18,PC,4,0,0
U4160,2026-01-19,PC,3,1,1
U4160,2026-01-20,Mobile,3,0,3
U4160,2026-01-21,Mobile,3,1,1
U4160,2026-01-22,Mobile,2,1,1
U4160,2026-01-23,Mobile,1,0,0
U4160,2026-01-24,PC,3,0,0
U4160,2026-01-25,Mobile,5,0,0
U4160,2026-01-26,Mobile,1,0,1
U4160,2026-01-27,PC,1,0,0
U4160,2026-01-28,PC,5,2,2
U4161,2026-01-15,PC,2,0,0
U4161,2026-01-16,Mobile,4,0,3
U4161,2026-01-17,Mobile,4,2,2
U4161,2026-01-18,Mobile,1,0,0
U4161,2026-01-19,Mobile,2,0,0
U4161,2026-01-20,Mobile,2,0,1
U4161,2026-01-21,PC,5,0,1
U4161,2026-01-23,Mobile,1,0,0
U4161,2026-01-24,Mobile,4,1,1
U4161,2026-01-25,Mobile,1,0,1
U4161,2026-01-26,Mobile,3,0,1
U4161,2026-01-27,Mobile,3,1,1
U4161,2026-01-28,Mobile,2,0,0
U4162,2026-01-15,PC,1,1,0
U4162,2026-01-16,Mobile,4,1,0
U4162,2026-01-17,PC,2,0,2
U4162,2026-01-18,Mobile,5,1,1
U4162,2026-01-19,Mobile,5,0,0
U4162,2026-01-20,Mobile,3,0,0
U4162,2026-01-21,PC,5,0,2
U4162,2026-01-22,Mobile,1,0,0
U4162,2026-01-23,Mobile,3,0,1
U4162,2026-01-25,Mobile,5,0,3
U4162,2026-01-26,Mobile,3,0,3
U4162,2026-01-27,PC,1,0,0
U4162,2026-01-28,Mobile,4,1,2
U4163,2026-01-15,Mobile,3,1,1
U4163,2026-01-16,Mobile,1,0,0
U4163,2026-01-17,Mobile,4,1,2
U4163,2026-01-18,Mobile,5,2,3
U4163,2026-01-19,Mobile,4,2,2
U4163,2026-01-20,Mobile,1,0,0
U4163,2026-01-21,PC,2,1,0
U4163,2026-01-22,PC,5,3,0
U4163,2026-01-23,PC,3,1,0
U4163,2026-01-24,Mobile,2,0,0
U4163,2026-01-25,Mobile,2,0,0
U4163,2026-01-26,Mobile,1,0,0
U4163,2026-01-27,Mobile,3,1,1
U4163,2026-01-28,Mobile,2,0,0
U4164,2026-01-15,Mobile,1,0,0
U4164,2026-01-17,PC,5,1,3
U4164,2026-01-18,Mobile,2,1,0
U4164,2026-01-19,Mobile,5,0,0
U4164,2026-01-20,Mobile,1,0,0
U4164,2026-01-21,Mobile,1,1,0
U4164,2026-01-22,Mobile,3,2,1
U4164,2026-01-23,Mobile,5,4,1
U4164,2026-01-24,Mobile,2,0,0
U4164,2026-01-25,Mobile,4,0,0
U4164,2026-01-26,Mobile,4,1,3
U4164,2026-01-27,PC,3,0,0
U4164,2026-01-28,PC,2,0,0
U4165,2026-01-15,PC,3,0,1
U4165,2026-01-16,PC,2,0,1
U4165,2026-01-17,Mobile,5,2,3
U4165,2026-01-18,Mobile,3,0,1
U4165,2026-01-19,Mobile,1,0,1
U4165,2026-01-20,PC,4,0,0
U4165,2026-01-21,PC,2,0,2
U4165,2026-01-22,PC,5,1,0
U4165,2026-01-23,Mobile,2,0,0
U4165,2026-01-24,Mobile,3,0,2
U4165,2026-01-25,PC,2,0,0
U4165,2026-01-26,PC,1,0,1
U4165,2026-01-27,PC,2,0,0
U4166,2026-01-15,Mobile,3,0,0
U4166,2026-01-16,Mobile,1,0,0
U4166,2026-01-17,PC,4,1,1
U4166,2026-01-18,Mobile,1,1,0
U4166,2026-01-19,PC,3,0,2
U4166,2026-01-20,PC,3,2,0
U4166,2026-01-21,PC,4,2,2
U4166,2026-01-22,PC,1,0,1
U4166,2026-01-23,Mobile,4,3,1
U4166,2026-01-24,Mobile,1,0,0
U4166,2026-01-25,PC,1,1,0
U4166,2026-01-27,Mobile,2,2,0
U4167,2026-01-15,Mobile,2,0,0
U4167,2026-01-16,Mobile,5,1,4
U4167,2026-01-17,PC,5,1,1
U4167,2026-01-18,Mobile,3,1,2
U4167,2026-01-19,PC,3,0,2
U4167,2026-01-20,Mobile,2,0,2
U4167,2026-01-21,Mobile,3,1,1
U4167,2026-01-22,Mobile,3,0,3
U4167,2026-01-23,PC,5,0,0
U4167,2026-01-24,PC,1,0,1
U4167,2026-01-25,Mobile,4,0,4
U4167,2026-01-26,Mobile,1,0,1
U4167,2026-01-27,Mobile,4,0,2
U4167,2026-01-28,Mobile,5,0,0
U4168,2026-01-15,Mobile,2,0,2
U4168,2026-01-16,PC,3,1,2
U4168,2026-01-17,PC,4,1,1
U4168,2026-01-18,PC,5,3,1
U4168,2026-01-20,PC,1,0,0
U4168,2026-01-21,PC,2,2,0
U4168,2026-01-22,PC,2,1,0
U4168,2026-01-23,Mobile,2,1,1
U4168,2026-01-24,Mobile,1,1,0
U4168,2026-01-26,PC,1,1,0
U4168,2026-01-27,Mobile,3,0,3
U4168,2026-01-28,PC,2,0,1
U4169,2026-01-15,Mobile,5,1,3
U4169,2026-01-16,PC,1,0,0
U4169,2026-01-17,Mobile,5,0,1
U4169,2026-01-18,PC,2,0,2
U4169,2026-01-21,Mobile,3,1,2
U4169,2026-01-22,PC,3,1,2
U4169,2026-01-23,PC,1,0,0
U4169,2026-01-24,PC,1,0,1
U4169,2026-01-26,Mobile,3,0,2
U4169,2026-01-27,Mobile,4,0,3
U4169,2026-01-28,Mobile,1,0,1
U4170,2026-01-16,Mobile,1,1,0
U4170,2026-01-17,PC,4,0,0
U4170,2026-01-18,Mobile,5,2,1
U4170,2026-01-19,Mobile,3,0,2
U4170,2026-01-20,Mobile,3,0,0
U4170,2026-01-22,Mobile,2,0,0
U4170,2026-01-23,PC,2,2,0
U4170,2026-01-24,Mobile,2,0,1
U4170,2026-01-25,Mobile,5,0,0
U4170,2026-01-26,Mobile,4,2,2
U4170,2026-01-27,PC,3,1,1
U4170,2026-01-28,Mobile,5,0,1
U4171,2026-01-15,Mobile,4,3,0
U4171,2026-01-16,Mobile,1,0,0
U4171,2026-01-17,Mobile,2,1,0
U4171,2026-01-18,PC,4,1,2
U4171,2026-01-19,Mobile,4,0,0
U4171,2026-01-20,Mobile,3,0,0
U4171,2026-01-21,Mobile,2,0,0
U4171,2026-01-22,Mobile,3,1,0
U4171,2026-01-23,Mobile,2,0,0
U4171,2026-01-24,PC,5,1,2
U4171,2026-01-25,PC,2,1,0
U4171,2026-01-26,Mobile,2,1,0
U4171,2026-01-27,Mobile,3,0,1
U4171,2026-01-28,Mobile,2,0,0
U4172,2026-01-15,Mobile,1,0,0
U4172,2026-01-16,Mobile,3,1,2
U4172,2026-01-18,Mobile,1,1,0
U4172,2026-01-19,Mobile,2,0,0
U4172,2026-01-20,Mobile,2,0,1
U4172,2026-01-22,Mobile,3,2,0
U4172,2026-01-23,PC,3,1,0
U4172,2026-01-26,PC,5,3,1
U4172,2026-01-28,PC,5,1,1
U4173,2026-01-15,PC,2,1,1
U4173,2026-01-17,Mobile,3,2,1
U4173,2026-01-18,PC,3,1,2
U4173,2026-01-20,PC,4,2,2
U4173,2026-01-21,PC,5,0,0
U4173,2026-01-23,PC,2,0,1
U4173,2026-01-24,Mobile,4,1,1
U4173,2026-01-25,Mobile,4,2,1
U4173,2026-01-26,PC,2,1,0
U4173,2026-01-27,Mobile,2,1,1
U4173,2026-01-28,Mobile,1,0,0
U4174,2026-01-15,PC,2,0,2
U4174,2026-01-16,Mobile,5,1,4
U4174,2026-01-18,Mobile,1,0,1
U4174,2026-01-19,Mobile,1,0,1
U4174,2026-01-20,PC,5,0,2
U4174,2026-01-21,Mobile,2,0,2
U4174,2026-01-22,PC,2,0,2
U4174,2026-01-23,Mobile,5,2,2
U4174,2026-01-25,Mobile,4,0,1
U4174,2026-01-26,PC,4,0,1
U4174,2026-01-27,PC,3,0,0
U4175,2026-01-15,Mobile,2,0,0
U4175,2026-01-16,Mobile,4,0,0
U4175,2026-01-17,Mobile,1,0,0
U4175,2026-01-18,PC,2,0,0
U4175,2026-01-19,Mobile,1,0,0
U4175,2026-01-20,PC,4,0,0
U4175,2026-01-21,Mobile,3,1,2
U4175,2026-01-22,PC,2,0,2
U4175,2026-01-24,PC,5,2,3
U4175,2026-01-26,Mobile,2,0,1
U4175,2026-01-27,Mobile,5,0,0
U4175,2026-01-28,Mobile,1,0,1
U4176,2026-01-16,PC,5,1,2
U4176,2026-01-17,PC,4,0,4
U4176,2026-01-18,Mobile,4,0,3
U4176,2026-01-19,Mobile,1,0,1
U4176,2026-01-20,Mobile,1,0,1
U4176,2026-01-21,PC,1,0,0
U4176,2026-01-22,PC,5,1,0
U4176,2026-01-23,Mobile,4,1,2
U4176,2026-01-24,Mobile,4,1,1
U4176,2026-01-25,PC,2,1,1
U4176,2026-01-26,Mobile,5,0,3
U4176,2026-01-27,Mobile,1,0,0
U4176,2026-01-28,Mobile,1,0,0
U4177,2026-01-15,Mobile,4,0,0
U4177,2026-01-16,Mobile,5,4,0
U4177,2026-01-17,Mobile,2,2,0
U4177,2026-01-18,PC,2,2,0
U4177,2026-01-19,Mobile,3,1,2
U4177,2026-01-20,Mobile,1,0,1
U4177,2026-01-23,Mobile,1,1,0
U4177,2026-01-24,Mobile,2,1,0
U4177,2026-01-25,PC,1,0,0
U4177,2026-01-26,Mobile,5,4,1
U4177,2026-01-28,Mobile,2,1,1
U4178,2026-01-15,Mobile,1,0,0
U4178,2026-01-16,Mobile,2,0,0
U4178,2026-01-17,PC,5,0,0
U4178,2026-01-18,PC,4,0,0
U4178,2026-01-19,Mobile,1,1,0
U4178,2026-01-20,Mobile,4,3,1
U4178,2026-01-21,PC,4,2,0
U4178,2026-01-23,PC,5,4,1
U4178,2026-01-24,PC,2,0,0
U4178,2026-01-25,PC,1,1,0
U4178,2026-01-26,Mobile,3,0,0
U4178,2026-01-27,Mobile,2,1,0
U4178,2026-01-28,PC,1,0,0
U4179,2026-01-15,Mobile,1,0,1
U4179,2026-01-16,Mobile,1,0,1
U4179,2026-01-17,Mobile,2,1,1
U4179,2026-01-18,Mobile,1,0,0
U4179,2026-01-19,Mobile,3,1,0
U4179,2026-01-21,Mobile,4,1,0
U4179,2026-01-22,Mobile,2,2,0
U4179,2026-01-23,Mobile,5,3,2
U4179,2026-01-24,PC,2,0,1
U4179,2026-01-25,Mobile,2,0,0
U4179,2026-01-26,Mobile,3,1,0
U4180,2026-01-15,PC,1,0,1
U4180,2026-01-16,Mobile,1,0,0
U4180,2026-01-17,PC,1,0,1
U4180,2026-01-18,PC,5,0,4
U4180,2026-01-19,PC,2,0,0
U4180,2026-01-20,Mobile,3,0,2
U4180,2026-01-21,Mobile,1,0,1
U4180,2026-01-22,Mobile,1,0,0
U4180,2026-01-23,PC,2,0,1
U4180,2026-01-24,PC,5,1,4
U4180,2026-01-25,PC,1,0,1
U4180,2026-01-26,Mobile,4,1,1
U4180,2026-01-27,Mobile,2,1,1
U4180,2026-01-28,PC,1,0,0
U4181,2026-01-15,Mobile,3,1,0
U4181,2026-01-16,Mobile,1,0,0
U4181,2026-01-17,Mobile,4,2,1
U4181,2026-01-18,PC,1,0,0
U4181,2026-01-19,Mobile,5,1,1
U4181,2026-01-20,Mobile,4,1,3
U4181,2026-01-21,Mobile,5,0,0
U4181,2026-01-22,Mobile,5,2,1
U4181,2026-01-23,Mobile,5,1,0
U4181,2026-01-24,Mobile,2,0,0
U4181,2026-01-25,PC,3,2,0
U4181,2026-01-26,Mobile,5,3,1
U4181,2026-01-27,Mobile,5,1,1
U4181,2026-01-28,Mobile,1,0,0
U4182,2026-01-15,Mobile,1,0,1
U4182,2026-01-16,PC,1,0,0
U4182,2026-01-17,Mobile,5,1,4
U4182,2026-01-18,Mobile,1,0,1
U4182,2026-01-19,Mobile,2,0,1
U4182,2026-01-21,Mobile,2,1,0
U4182,2026-01-22,Mobile,1,0,0
U4182,2026-01-23,Mobile,5,1,1
U4182,2026-01-24,PC,3,0,1
U4182,2026-01-25,Mobile,5,0,4
U4182,2026-01-26,PC,4,2,2
U4182,2026-01-27,PC,5,0,5
U4182,2026-01-28,PC,1,0,0
U4183,2026-01-15,PC,4,0,1
U4183,2026-01-16,Mobile,2,1,0
U4183,2026-01-17,Mobile,5,1,2
U4183,2026-01-18,PC,5,2,0
U4183,2026-01-19,Mobile,1,0,0
U4183,2026-01-21,PC,4,0,0
U4183,2026-01-23,Mobile,3,2,1
U4183,2026-01-24,PC,1,0,1
U4183,2026-01-25,PC,2,0,1
U4183,2026-01-26,Mobile,2,0,2
U4183,2026-01-27,PC,3,0,0
U4183,2026-01-28,Mobile,1,0,0
U4184,2026-01-15,PC,4,0,2
U4184,2026-01-16,Mobile,5,0,3
U4184,2026-01-17,Mobile,2,1,0
U4184,2026-01-18,Mobile,4,0,2
U4184,2026-01-19,PC,3,1,1
U4184,2026-01-20,Mobile,3,1,2
U4184,2026-01-21,PC,4,1,1
U4184,2026-01-22,Mobile,4,0,0
U4184,2026-01-23,Mobile,5,0,4
U4184,2026-01-24,Mobile,4,0,3
U4184,2026-01-26,PC,4,0,3
U4184,2026-01-27,Mobile,1,0,0
U4185,2026-01-15,PC,1,1,0
U4185,2026-01-16,Mobile,4,0,0
U4185,2026-01-17,Mobile,3,1,0
U4185,2026-01-18,Mobile,3,1,2
U4185,2026-01-20,Mobile,1,0,0
U4185,2026-01-21,Mobile,4,1,0
U4185,2026-01-22,Mobile,1,0,0
U4185,2026-01-23,PC,2,0,0
U4185,2026-01-24,Mobile,3,0,0
U4185,2026-01-25,Mobile,4,1,0
U4185,2026-01-26,Mobile,5,1,3
U4185,2026-01-27,Mobile,3,1,1
U4185,2026-01-28,Mobile,3,1,0
U4186,2026-01-15,Mobile,2,0,0
U4186,2026-01-16,PC,3,2,1
U4186,2026-01-18,PC,1,0,0
U4186,2026-01-19,PC,4,2,1
U4186,2026-01-20,PC,1,0,0
U4186,2026-01-21,Mobile,2,0,2
U4186,2026-01-22,Mobile,2,0,0
U4186,2026-01-24,PC,3,2,1
U4186,2026-01-25,Mobile,5,0,5
U4186,2026-01-26,PC,2,0,0
U4186,2026-01-27,Mobile,5,4,1
U4186,2026-01-28,Mobile,4,3,0
U4187,2026-01-15,Mobile,4,2,2
U4187,2026-01-17,PC,2,2,0
U4187,2026-01-19,Mobile,2,1,0
U4187,2026-01-20,Mobile,2,0,0
U4187,2026-01-21,PC,3,0,1
U4187,2026-01-22,Mobile,4,3,1
U4187,2026-01-24,Mobile,4,2,2
U4187,2026-01-25,PC,2,0,0
U4187,2026-01-26,PC,3,0,1
U4187,2026-01-27,Mobile,3,3,0
U4188,2026-01-15,Mobile,5,0,0
U4188,2026-01-16,Mobile,4,2,1
U4188,2026-01-19,Mobile,4,1,1
U4188,2026-01-21,PC,3,0,1
U4188,2026-01-22,Mobile,3,1,2
U4188,2026-01-23,PC,4,0,1
U4188,2026-01-24,PC,3,0,0
U4188,2026-01-25,PC,4,2,0
U4188,2026-01-26,Mobile,1,0,0
U4188,2026-01-28,Mobile,5,1,0
U4189,2026-01-15,Mobile,2,0,1
U4189,2026-01-16,PC,5,0,0
U4189,2026-01-18,Mobile,1,0,1
U4189,2026-01-19,Mobile,3,0,1
U4189,2026-01-21,Mobile,1,0,0
U4189,2026-01-22,Mobile,3,2,1
U4189,2026-01-23,Mobile,2,1,1
U4189,2026-01-24,Mobile,4,0,3
U4189,2026-01-25,Mobile,5,0,0
U4189,2026-01-27,PC,5,0,1
U4189,2026-01-28,Mobile,5,1,4
U4190,2026-01-18,Mobile,4,0,0
U4190,2026-01-19,PC,4,0,4
U4190,2026-01-20,Mobile,2,0,2
U4190,2026-01-22,PC,2,0,0
U4190,2026-01-23,PC,5,1,4
U4190,2026-01-24,PC,4,0,0
U4190,2026-01-25,PC,1,1,0
U4190,2026-01-26,Mobile,1,0,1
U4190,2026-01-27,Mobile,1,0,1
U4191,2026-01-15,PC,4,2,1
U4191,2026-01-16,Mobile,5,0,0
U4191,2026-01-17,PC,5,0,2
U4191,2026-01-18,Mobile,1,0,0
U4191,2026-01-19,PC,4,1,2
U4191,2026-01-20,PC,5,0,0
U4191,2026-01-21,PC,2,0,2
U4191,2026-01-22,PC,2,0,0
U4191,2026-01-23,Mobile,3,1,2
U4191,2026-01-24,PC,3,0,0
U4191,2026-01-25,Mobile,5,2,0
U4191,2026-01-26,Mobile,1,0,0
U4191,2026-01-27,Mobile,4,0,2
U4191,2026-01-28,PC,1,0,0
U4192,2026-01-15,PC,5,0,4
U4192,2026-01-16,PC,3,0,1
U4192,2026-01-18,Mobile,3,0,1
U4192,2026-01-19,Mobile,1,1,0
U4192,2026-01-20,PC,2,0,1
U4192,2026-01-21,PC,1,0,1
U4192,2026-01-22,PC,2,0,1
U4192,2026-01-23,PC,1,0,0
U4192,2026-01-24,Mobile,1,0,1
U4192,2026-01-25,PC,4,0,2
U4192,2026-01-26,PC,3,1,1
U4192,2026-01-27,PC,2,0,1
U4193,2026-01-15,PC,3,2,0
U4193,2026-01-16,Mobile,1,1,0
U4193,2026-01-17,PC,2,1,1
U4193,2026-01-18,Mobile,2,0,0
U4193,2026-01-19,PC,2,0,2
U4193,2026-01-20,PC,3,2,0
U4193,2026-01-21,Mobile,1,0,1
U4193,2026-01-22,Mobile,1,0,0
U4193,2026-01-23,Mobile,5,2,1
U4193,2026-01-24,Mobile,1,1,0
U4193,2026-01-25,Mobile,3,1,0
U4193,2026-01-26,Mobile,4,1,1
U4193,2026-01-27,Mobile,1,0,0
U4194,2026-01-15,Mobile,3,0,3
U4194,2026-01-18,PC,5,0,0
U4194,2026-01-19,Mobile,3,1,1
U4194,2026-01-20,Mobile,3,0,0
U4194,2026-01-21,Mobile,4,1,3
U4194,2026-01-22,Mobile,5,0,0
U4194,2026-01-23,PC,2,0,1
U4194,2026-01-24,Mobile,2,0,0
U4194,2026-01-25,Mobile,1,0,1
U4194,2026-01-26,Mobile,2,0,1
U4194,2026-01-27,Mobile,3,2,0
U4194,2026-01-28,Mobile,3,0,2
U4195,2026-01-15,Mobile,5,3,1
U4195,2026-01-16,Mobile,2,0,1
U4195,2026-01-17,Mobile,1,0,1
U4195,2026-01-18,PC,1,0,1
U4195,2026-01-19,PC,3,0,2
U4195,2026-01-20,Mobile,3,0,1
U4195,2026-01-21,PC,1,1,0
U4195,2026-01-22,Mobile,4,0,1
U4195,2026-01-23,PC,3,0,0
U4195,2026-01-25,Mobile,5,0,1
U4195,2026-01-26,Mobile,1,0,0
U4195,2026-01-27,PC,4,2,1
U4195,2026-01-28,Mobile,1,0,1
U4196,2026-01-15,Mobile,2,0,0
U4196,2026-01-16,Mobile,1,1,0
U4196,2026-01-17,Mobile,1,0,1
U4196,2026-01-18,Mobile,2,1,1
U4196,2026-01-19,PC,5,2,0
U4196,2026-01-20,Mobile,2,0,2
U4196,2026-01-21,Mobile,1,0,0
U4196,2026-01-22,PC,2,0,2
U4196,2026-01-23,Mobile,5,0,0
U4196,2026-01-24,Mobile,1,1,0
U4196,2026-01-25,PC,5,0,2
U4196,2026-01-26,Mobile,4,0,3
U4196,2026-01-27,Mobile,5,0,1
U4196,2026-01-28,Mobile,2,1,0
U4197,2026-01-15,PC,2,0,2
U4197,2026-01-16,PC,5,0,4
U4197,2026-01-17,Mobile,1,0,0
U4197,2026-01-18,Mobile,4,1,1
U4197,2026-01-19,PC,4,0,4
U4197,2026-01-20,PC,5,1,4
U4197,2026-01-21,Mobile,4,0,3
U4197,2026-01-22,Mobile,1,0,0
U4197,2026-01-23,Mobile,5,0,2
U4197,2026-01-24,Mobile,5,1,4
U4197,2026-01-25,Mobile,5,1,3
U4197,2026-01-26,Mobile,2,1,1
U4197,2026-01-27,PC,5,0,1
U4197,2026-01-28,PC,2,0,2
U4198,2026-01-15,Mobile,3,2,0
U4198,2026-01-16,Mobile,3,1,0
U4198,2026-01-17,PC,4,2,0
U4198,2026-01-18,Mobile,3,0,0
U4198,2026-01-19,PC,4,0,0
U4198,2026-01-20,PC,3,0,3
U4198,2026-01-23,Mobile,5,1,0
U4198,2026-01-24,PC,1,0,1
U4198,2026-01-26,PC,2,0,0
U4198,2026-01-27,Mobile,4,0,0
U4198,2026-01-28,PC,5,2,2
U4199,2026-01-15,PC,4,1,2
U4199,2026-01-16,Mobile,4,0,0
U4199,2026-01-17,PC,3,0,1
U4199,2026-01-18,Mobile,1,0,0
U4199,2026-01-19,Mobile,4,1,2
U4199,2026-01-20,PC,1,1,0
U4199,2026-01-21,Mobile,2,1,1
U4199,2026-01-22,PC,4,2,2
U4199,2026-01-23,Mobile,2,0,0
U4199,2026-01-24,PC,1,0,0
U4199,2026-01-25,PC,2,0,1
U4199,2026-01-27,Mobile,5,2,1
U4200,2026-01-15,PC,4,2,1
U4200,2026-01-16,Mobile,1,0,0
U4200,2026-01-17,PC,2,0,2
U4200,2026-01-18,PC,3,0,1
U4200,2026-01-19,Mobile,4,2,0
U4200,2026-01-20,Mobile,2,2,0
U4200,2026-01-21,Mobile,2,0,0
U4200,2026-01-22,Mobile,2,0,0
U4200,2026-01-23,Mobile,4,2,0
U4200,2026-01-24,Mobile,4,1,2
U4200,2026-01-25,PC,2,0,0
U4200,2026-01-26,PC,2,0,0
U4200,2026-01-27,Mobile,4,0,0
U4200,2026-01-28,Mobile,1,0,0
U4201,2026-01-15,PC,2,0,1
U4201,2026-01-16,PC,3,2,0
U4201,2026-01-17,Mobile,5,0,4
U4201,2026-01-18,Mobile,5,0,0
U4201,2026-01-19,Mobile,5,1,1
U4201,2026-01-20,Mobile,1,0,0
U4201,2026-01-21,Mobile,4,0,1
U4201,2026-01-23,Mobile,2,0,0
U4201,2026-01-24,PC,3,0,0
U4201,2026-01-25,PC,3,1,0
U4201,2026-01-27,Mobile,2,0,0
U4201,2026-01-28,PC,3,0,0
U4202,2026-01-15,Mobile,3,1,1
U4202,2026-01-16,Mobile,1,0,0
U4202,2026-01-17,Mobile,3,0,0
U4202,2026-01-18,PC,3,0,0
U4202,2026-01-19,Mobile,3,2,1
U4202,2026-01-21,PC,4,2,2
U4202,2026-01-23,PC,1,1,0
U4202,2026-01-24,Mobile,3,1,0
U4202,2026-01-25,Mobile,5,2,3
U4202,2026-01-26,Mobile,5,1,0
U4202,2026-01-28,PC,1,0,0
U4203,2026-01-15,PC,3,0,1
U4203,2026-01-16,PC,4,1,1
U4203,2026-01-17,PC,5,1,1
U4203,2026-01-18,Mobile,5,0,0
U4203,2026-01-19,PC,1,0,1
U4203,2026-01-20,PC,2,1,0
U4203,2026-01-21,Mobile,3,0,1
U4203,2026-01-22,PC,1,1,0
U4203,2026-01-23,Mobile,1,1,0
U4203,2026-01-24,Mobile,4,2,1
U4203,2026-01-25,Mobile,5,0,0
U4203,2026-01-26,Mobile,5,3,1
U4203,2026-01-27,PC,1,0,1
U4203,2026-01-28,Mobile,2,1,1
U4204,2026-01-15,Mobile,4,4,0
U4204,2026-01-16,PC,3,0,0
U4204,2026-01-17,Mobile,1,1,0
U4204,2026-01-18,Mobile,1,0,0
U4204,2026-01-20,Mobile,1,0,0
U4204,2026-01-21,Mobile,2,0,0
U4204,2026-01-22,PC,3,1,1
U4204,2026-01-24,PC,1,1,0
U4204,2026-01-25,Mobile,4,3,1
U4204,2026-01-26,Mobile,5,1,0
U4204,2026-01-27,Mobile,3,1,2
U4204,2026-01-28,Mobile,3,0,0
U4205,2026-01-15,Mobile,4,0,3
U4205,2026-01-16,Mobile,4,0,2
U4205,2026-01-17,Mobile,1,0,1
U4205,2026-01-18,Mobile,5,1,4
U4205,2026-01-19,Mobile,5,2,2
U4205,2026-01-20,Mobile,2,0,1
U4205,2026-01-21,Mobile,1,0,1
U4205,2026-01-22,Mobile,3,0,0
U4205,2026-01-23,Mobile,3,0,1
U4205,2026-01-24,Mobile,4,0,3
U4205,2026-01-26,PC,2,0,2
U4205,2026-01-27,Mobile,3,0,2
U4205,2026-01-28,PC,2,0,1
U4206,2026-01-15,Mobile,5,0,4
U4206,2026-01-16,Mobile,5,0,2
U4206,2026-01-17,Mobile,3,0,2
U4206,2026-01-18,Mobile,1,0,1
U4206,2026-01-19,PC,3,0,1
U4206,2026-01-20,PC,3,0,1
U4206,2026-01-21,Mobile,1,0,0
U4206,2026-01-22,PC,2,0,0
U4206,2026-01-23,PC,5,1,3
U4206,2026-01-24,PC,5,0,1
U4206,2026-01-25,Mobile,5,1,1
U4206,2026-01-26,PC,1,0,1
U4206,2026-01-27,PC,2,1,0
U4206,2026-01-28,PC,3,0,0
U4207,2026-01-15,Mobile,1,0,0
U4207,2026-01-16,Mobile,1,1,0
U4207,2026-01-18,PC,5,0,3
U4207,2026-01-19,PC,4,0,0
U4207,2026-01-20,PC,5,2,2
U4207,2026-01-21,PC,1,1,0
U4207,2026-01-22,PC,4,1,3
U4207,2026-01-23,Mobile,3,0,0
U4207,2026-01-25,PC,5,1,1
U4207,2026-01-26,PC,1,1,0
U4207,2026-01-27,PC,3,1,2
U4207,2026-01-28,PC,5,1,1
U4208,2026-01-15,Mobile,5,1,3
U4208,2026-01-16,PC,3,2,1
U4208,2026-01-17,Mobile,1,1,0
U4208,2026-01-18,Mobile,5,2,2
U4208,2026-01-21,Mobile,2,0,1
U4208,2026-01-22,PC,2,0,0
U4208,2026-01-23,Mobile,5,1,3
U4208,2026-01-24,Mobile,3,0,0
U4208,2026-01-25,Mobile,5,0,0
U4208,2026-01-26,PC,3,1,1
U4208,2026-01-27,Mobile,5,0,3
U4208,2026-01-28,PC,5,0,0
U4209,2026-01-15,PC,3,1,0
U4209,2026-01-18,PC,2,2,0
U4209,2026-01-19,PC,4,2,1
U4209,2026-01-20,Mobile,5,3,2
U4209,2026-01-21,PC,5,3,2
U4209,2026-01-22,Mobile,5,2,0
U4209,2026-01-23,PC,3,0,1
U4209,2026-01-25,Mobile,1,0,0
U4209,2026-01-26,PC,4,0,0
U4209,2026-01-27,Mobile,1,0,0
U4209,2026-01-28,Mobile,3,2,1
U4210,2026-01-15,PC,1,0,0
U4210,2026-01-17,Mobile,3,0,0
U4210,2026-01-18,PC,3,3,0
U4210,2026-01-19,Mobile,5,0,0
U4210,2026-01-20,Mobile,2,1,0
U4210,2026-01-21,Mobile,1,0,0
U4210,2026-01-22,PC,4,2,1
U4210,2026-01-23,PC,5,1,2
U4210,2026-01-24,Mobile,2,1,0
U4210,2026-01-25,Mobile,3,0,0
U4210,2026-01-26,PC,4,2,1
U4210,2026-01-28,Mobile,2,1,0
U4211,2026-01-15,Mobile,2,0,0
U4211,2026-01-16,PC,4,1,3
U4211,2026-01-17,Mobile,4,2,2
U4211,2026-01-18,PC,4,3,1
U4211,2026-01-19,PC,3,0,2
U4211,2026-01-20,PC,1,0,0
U4211,2026-01-21,PC,4,1,1
U4211,2026-01-22,Mobile,4,3,1
U4211,2026-01-23,PC,1,0,1
U4211,2026-01-24,Mobile,4,0,3
U4211,2026-01-25,Mobile,4,0,0
U4211,2026-01-26,Mobile,5,0,0
U4211,2026-01-27,Mobile,2,1,1
U4211,2026-01-28,Mobile,1,0,0
U4212,2026-01-15,Mobile,4,1,0
U4212,2026-01-16,PC,5,2,3
U4212,2026-01-17,Mobile,1,0,0
U4212,2026-01-18,PC,4,3,0
U4212,2026-01-19,Mobile,3,0,2
U4212,2026-01-21,PC,1,0,0
U4212,2026-01-22,PC,4,0,0
U4212,2026-01-23,Mobile,5,0,2
U4212,2026-01-24,PC,3,1,1
U4212,2026-01-25,Mobile,1,0,0
U4212,2026-01-26,Mobile,2,0,0
U4212,2026-01-27,PC,4,0,1
U4212,2026-01-28,PC,4,1,1
U4213,2026-01-15,Mobile,1,0,0
U4213,2026-01-16,PC,3,2,1
U4213,2026-01-17,Mobile,5,0,0
U4213,2026-01-18,PC,1,0,0
U4213,2026-01-19,Mobile,2,0,0
U4213,2026-01-20,Mobile,2,1,1
U4213,2026-01-22,Mobile,5,1,1
U4213,2026-01-23,Mobile,1,1,0
U4213,2026-01-25,Mobile,4,3,1
U4213,2026-01-26,PC,1,0,1
U4213,2026-01-27,Mobile,4,0,2
U4213,2026-01-28,Mobile,4,0,1
U4214,2026-01-15,Mobile,5,0,0
U4214,2026-01-16,Mobile,3,2,1
U4214,2026-01-17,Mobile,1,0,0
U4214,2026-01-18,Mobile,4,0,0
U4214,2026-01-19,PC,1,0,0
U4214,2026-01-20,Mobile,4,2,0
U4214,2026-01-21,Mobile,1,0,0
U4214,2026-01-22,Mobile,4,3,1
U4214,2026-01-23,PC,1,0,1
U4214,2026-01-24,Mobile,2,0,0
U4214,2026-01-25,PC,4,0,0
U4214,2026-01-26,Mobile,3,0,1
U4214,2026-01-27,Mobile,1,1,0
U4214,2026-01-28,Mobile,2,1,1
U4215,2026-01-15,PC,3,0,1
U4215,2026-01-16,Mobile,5,2,2
U4215,2026-01-17,PC,1,0,0
U4215,2026-01-18,PC,1,0,1
U4215,2026-01-19,Mobile,1,0,0
U4215,2026-01-20,Mobile,4,0,0
U4215,2026-01-21,Mobile,2,0,2
U4215,2026-01-22,PC,1,0,0
U4215,2026-01-23,Mobile,2,1,0
U4215,2026-01-24,Mobile,3,1,2
U4215,2026-01-25,Mobile,1,0,1
U4215,2026-01-26,Mobile,4,2,1
U4215,2026-01-28,PC,5,0,1
U4216,2026-01-16,PC,1,0,1
U4216,2026-01-18,Mobile,4,1,2
U4216,2026-01-19,PC,2,0,2
U4216,2026-01-20,PC,3,0,0
U4216,2026-01-22,PC,1,0,0
U4216,2026-01-23,PC,3,0,0
U4216,2026-01-24,PC,4,0,4
U4216,2026-01-25,Mobile,1,0,0
U4216,2026-01-26,Mobile,5,0,1
U4216,2026-01-27,PC,5,0,1
U4216,2026-01-28,Mobile,4,0,3
U4217,2026-01-15,PC,4,0,4
U4217,2026-01-16,Mobile,4,0,0
U4217,2026-01-17,PC,1,0,1
U4217,2026-01-18,PC,2,0,2
U4217,2026-01-19,Mobile,3,1,1
U4217,2026-01-21,Mobile,1,0,1
U4217,2026-01-22,PC,2,0,0
U4217,2026-01-23,PC,5,0,5
U4217,2026-01-24,Mobile,5,0,2
U4217,2026-01-25,PC,4,0,2
U4217,2026-01-26,PC,5,1,3
U4217,2026-01-27,Mobile,2,0,0
U4217,2026-01-28,PC,1,0,1
U4218,2026-01-15,Mobile,4,2,1
U4218,2026-01-16,Mobile,1,0,0
U4218,2026-01-17,PC,2,0,0
U4218,2026-01-19,Mobile,4,0,1
U4218,2026-01-20,PC,5,0,2
U4218,2026-01-21,Mobile,4,0,1
U4218,2026-01-22,Mobile,2,0,1
U4218,2026-01-23,Mobile,3,0,2
U4218,2026-01-24,PC,5,0,2
U4218,2026-01-25,PC,5,0,1
U4218,2026-01-26,PC,3,2,0
U4218,2026-01-27,PC,1,0,0
U4218,2026-01-28,Mobile,4,0,1
U4219,2026-01-16,PC,3,0,3
U4219,2026-01-17,PC,3,1,0
U4219,2026-01-18,Mobile,1,1,0
U4219,2026-01-19,Mobile,4,1,0
U4219,2026-01-20,Mobile,5,0,0
U4219,2026-01-21,PC,1,1,0
U4219,2026-01-22,Mobile,2,1,0
U4219,2026-01-23,Mobile,2,1,0
U4219,2026-01-24,PC,4,3,0
U4219,2026-01-25,Mobile,4,0,0
U4219,2026-01-26,PC,1,0,0
U4219,2026-01-28,PC,4,1,2
U4220,2026-01-15,PC,1,1,0
U4220,2026-01-16,Mobile,2,1,1
U4220,2026-01-17,Mobile,2,0,0
U4220,2026-01-18,Mobile,3,0,1
U4220,2026-01-19,PC,5,4,0
U4220,2026-01-20,Mobile,4,1,0
U4220,2026-01-21,Mobile,1,0,0
U4220,2026-01-22,Mobile,5,4,1
U4220,2026-01-23,PC,2,0,0
U4220,2026-01-24,PC,5,4,0
U4220,2026-01-25,PC,4,0,0
U4220,2026-01-27,Mobile,3,1,1
U4221,2026-01-15,PC,4,2,2
U4221,2026-01-16,PC,2,0,0
U4221,2026-01-17,PC,3,0,2
U4221,2026-01-18,PC,2,1,0
U4221,2026-01-19,PC,4,0,0
U4221,2026-01-20,PC,5,1,3
U4221,2026-01-21,PC,4,0,0
U4221,2026-01-22,PC,5,2,2
U4221,2026-01-23,Mobile,3,0,0
U4221,2026-01-25,PC,2,0,0
U4221,2026-01-26,Mobile,2,1,0
U4221,2026-01-27,PC,4,0,3
U4221,2026-01-28,Mobile,2,1,0
U4222,2026-01-15,PC,2,1,1
U4222,2026-01-16,Mobile,4,2,1
U4222,2026-01-17,PC,1,1,0
U4222,2026-01-18,Mobile,3,0,2
U4222,2026-01-20,PC,3,1,1
U4222,2026-01-21,Mobile,2,1,1
U4222,2026-01-22,Mobile,4,0,1
U4222,2026-01-23,Mobile,5,2,0
U4222,2026-01-24,Mobile,2,0,2
U4222,2026-01-25,Mobile,3,0,1
U4222,2026-01-26,PC,2,0,0
U4222,2026-01-27,Mobile,3,2,0
U4222,2026-01-28,PC,4,0,2
U4223,2026-01-15,Mobile,4,0,0
U4223,2026-01-16,Mobile,5,3,1
U4223,2026-01-17,Mobile,5,3,2
U4223,2026-01-18,PC,3,0,1
U4223,2026-01-19,Mobile,3,0,0
U4223,2026-01-21,Mobile,5,0,0
U4223,2026-01-22,Mobile,2,0,1
U4223,2026-01-23,Mobile,3,0,2
U4223,2026-01-24,Mobile,2,1,1
U4223,2026-01-25,Mobile,3,0,0
U4223,2026-01-26,PC,1,0,0
U4223,2026-01-27,Mobile,3,1,1
U4223,2026-01-28,Mobile,2,0,2
U4224,2026-01-15,Mobile,4,0,4
U4224,2026-01-16,PC,5,0,4
U4224,2026-01-18,Mobile,4,0,2
U4224,2026-01-19,Mobile,2,1,0
U4224,2026-01-20,Mobile,4,1,1
U4224,2026-01-22,Mobile,3,1,1
U4224,2026-01-23,Mobile,2,0,0
U4224,2026-01-24,Mobile,5,0,0
U4224,2026-01-25,Mobile,4,0,4
U4224,2026-01-26,PC,2,0,2
U4224,2026-01-27,Mobile,4,1,1
U4224,2026-01-28,Mobile,4,0,0
U4225,2026-01-15,PC,4,1,1
U4225,2026-01-16,PC,5,1,3
U4225,2026-01-17,Mobile,2,2,0
U4225,2026-01-18,PC,3,2,0
U4225,2026-01-19,Mobile,2,1,1
U4225,2026-01-20,Mobile,2,0,0
U4225,2026-01-21,PC,1,0,1
U4225,2026-01-22,Mobile,5,1,2
U4225,2026-01-23,PC,5,0,0
U4225,2026-01-24,Mobile,2,0,2
U4225,2026-01-25,PC,1,0,0
U4225,2026-01-26,PC,3,2,1
U4225,2026-01-27,Mobile,5,1,0
U4225,2026-01-28,Mobile,2,2,0
U4226,2026-01-15,Mobile,1,1,0
U4226,2026-01-16,PC,5,1,3
U4226,2026-01-18,Mobile,4,0,0
U4226,2026-01-19,Mobile,1,0,1
U4226,2026-01-20,Mobile,1,0,0
U4226,2026-01-21,Mobile,4,0,3
U4226,2026-01-22,Mobile,1,0,1
U4226,2026-01-23,Mobile,2,0,1
U4226,2026-01-24,Mobile,3,1,1
U4226,2026-01-25,PC,3,0,0
U4226,2026-01-26,Mobile,3,0,0
U4226,2026-01-27,PC,5,0,1
U4226,2026-01-28,PC,4,1,2
U4227,2026-01-15,Mobile,5,2,2
U4227,2026-01-16,Mobile,1,1,0
U4227,2026-01-17,Mobile,1,0,0
U4227,2026-01-18,Mobile,3,1,1
U4227,2026-01-19,Mobile,4,2,1
U4227,2026-01-21,Mobile,3,0,0
U4227,2026-01-22,Mobile,1,1,0
U4227,2026-01-23,Mobile,4,1,1
U4227,2026-01-24,PC,3,0,1
U4227,2026-01-25,PC,1,0,0
U4227,2026-01-27,Mobile,1,0,0
U4227,2026-01-28,Mobile,1,0,0
U4228,2026-01-15,Mobile,4,0,2
U4228,2026-01-16,PC,2,0,0
U4228,2026-01-17,PC,2,0,0
U4228,2026-01-18,PC,3,1,1
U4228,2026-01-19,Mobile,1,0,0
U4228,2026-01-20,PC,1,1,0
U4228,2026-01-21,PC,3,2,0
U4228,2026-01-22,PC,3,2,0
U4228,2026-01-23,Mobile,1,0,0
U4228,2026-01-24,Mobile,5,2,2
U4228,2026-01-26,PC,1,1,0
U4228,2026-01-27,Mobile,4,0,0
U4228,2026-01-28,Mobile,3,0,1
U4229,2026-01-15,PC,2,2,0
U4229,2026-01-16,PC,5,1,1
U4229,2026-01-17,Mobile,4,0,0
U4229,2026-01-18,PC,1,1,0
U4229,2026-01-19,Mobile,4,1,0
U4229,2026-01-20,PC,3,1,0
U4229,2026-01-21,Mobile,3,0,0
U4229,2026-01-22,PC,3,1,1
U4229,2026-01-23,PC,4,2,0
U4229,2026-01-24,PC,5,0,1
U4229,2026-01-25,Mobile,5,0,0
U4229,2026-01-27,Mobile,2,1,1
U4230,2026-01-15,Mobile,3,0,0
U4230,2026-01-16,Mobile,4,2,1
U4230,2026-01-17,Mobile,2,0,0
U4230,2026-01-18,Mobile,3,1,0
U4230,2026-01-19,Mobile,4,3,0
U4230,2026-01-20,PC,4,0,0
U4230,2026-01-21,Mobile,5,2,1
U4230,2026-01-22,PC,5,1,0
U4230,2026-01-23,Mobile,1,0,1
U4230,2026-01-24,PC,4,2,0
U4230,2026-01-25,Mobile,3,1,0
U4230,2026-01-26,PC,5,0,0
U4230,2026-01-27,Mobile,2,1,0
U4230,2026-01-28,Mobile,2,0,1
U4231,2026-01-17,PC,5,1,0
U4231,2026-01-18,Mobile,2,0,1
U4231,2026-01-19,PC,2,1,1
U4231,2026-01-20,Mobile,1,0,0
U4231,2026-01-21,PC,1,0,1
U4231,2026-01-22,Mobile,1,0,0
U4231,2026-01-23,PC,3,0,0
U4231,2026-01-24,Mobile,1,0,0
U4231,2026-01-25,Mobile,3,0,0
U4231,2026-01-26,PC,1,0,1
U4231,2026-01-27,Mobile,1,0,0
U4231,2026-01-28,Mobile,2,0,0
U4232,2026-01-16,Mobile,4,1,0
U4232,2026-01-17,PC,5,0,3
U4232,2026-01-18,Mobile,2,0,1
U4232,2026-01-19,PC,2,0,0
U4232,2026-01-20,PC,2,0,0
U4232,2026-01-23,Mobile,3,0,0
U4232,2026-01-24,Mobile,5,1,3
U4232,2026-01-25,Mobile,1,0,1
U4232,2026-01-26,Mobile,1,0,0
U4232,2026-01-27,Mobile,5,1,1
U4232,2026-01-28,Mobile,3,0,0
U4233,2026-01-16,Mobile,4,1,0
U4233,2026-01-17,Mobile,3,1,2
U4233,2026-01-18,Mobile,1,0,0
U4233,2026-01-19,Mobile,5,0,0
U4233,2026-01-20,Mobile,1,0,0
U4233,2026-01-21,PC,5,1,2
U4233,2026-01-22,Mobile,3,0,0
U4233,2026-01-23,PC,4,1,0
U4233,2026-01-24,Mobile,4,1,0
U4233,2026-01-25,Mobile,4,1,0
U4233,2026-01-26,Mobile,3,1,0
U4233,2026-01-27,Mobile,2,0,1
U4233,2026-01-28,PC,3,1,1
U4234,2026-01-15,Mobile,5,1,0
U4234,2026-01-16,Mobile,1,0,0
U4234,2026-01-17,Mobile,4,2,1
U4234,2026-01-18,Mobile,2,0,2
U4234,2026-01-19,PC,5,2,1
U4234,2026-01-20,Mobile,3,1,1
U4234,2026-01-21,PC,2,2,0
U4234,2026-01-22,PC,3,1,0
U4234,2026-01-23,Mobile,2,0,0
U4234,2026-01-24,Mobile,2,0,2
U4234,2026-01-25,PC,2,0,1
U4234,2026-01-26,PC,3,1,0
U4234,2026-01-27,PC,1,0,0
U4234,2026-01-28,Mobile,3,3,0
U4235,2026-01-15,Mobile,3,0,0
U4235,2026-01-16,PC,1,0,0
U4235,2026-01-18,Mobile,3,1,2
U4235,2026-01-19,Mobile,4,0,3
U4235,2026-01-20,Mobile,5,2,1
U4235,2026-01-21,Mobile,4,0,3
U4235,2026-01-22,PC,3,1,1
U4235,2026-01-23,Mobile,3,0,1
U4235,2026-01-24,PC,4,0,2
U4235,2026-01-26,PC,3,0,0
U4235,2026-01-27,PC,1,0,1
U4235,2026-01-28,Mobile,1,0,1
U4236,2026-01-15,Mobile,4,0,3
U4236,2026-01-16,Mobile,4,0,2
U4236,2026-01-17,PC,4,2,2
U4236,2026-01-18,Mobile,4,0,3
U4236,2026-01-19,Mobile,4,1,3
U4236,2026-01-20,PC,4,1,3
U4236,2026-01-21,PC,2,0,0
U4236,2026-01-22,Mobile,2,0,0
U4236,2026-01-23,Mobile,4,2,0
U4236,2026-01-24,Mobile,3,0,2
U4236,2026-01-26,PC,3,1,0
U4236,2026-01-27,PC,5,2,2
U4236,2026-01-28,PC,5,2,3
U4237,2026-01-16,PC,4,0,0
U4237,2026-01-17,PC,2,0,0
U4237,2026-01-18,Mobile,4,1,2
U4237,2026-01-19,PC,3,1,1
U4237,2026-01-20,PC,5,0,0
U4237,2026-01-22,PC,1,0,0
U4237,2026-01-23,PC,3,1,1
U4237,2026-01-24,Mobile,5,2,3
U4237,2026-01-25,PC,2,0,1
U4237,2026-01-26,PC,2,0,1
U4237,2026-01-27,PC,1,1,0
U4237,2026-01-28,Mobile,5,3,2
U4238,2026-01-16,Mobile,1,1,0
U4238,2026-01-17,PC,4,0,3
U4238,2026-01-18,Mobile,1,0,0
U4238,2026-01-19,PC,4,0,0
U4238,2026-01-20,Mobile,2,1,0
U4238,2026-01-21,Mobile,3,0,1
U4238,2026-01-22,PC,4,0,0
U4238,2026-01-23,Mobile,4,1,3
U4238,2026-01-24,Mobile,1,0,0
U4238,2026-01-25,Mobile,2,0,0
U4238,2026-01-26,Mobile,2,1,1
U4238,2026-01-27,Mobile,1,1,0
U4239,2026-01-16,PC,4,2,2
U4239,2026-01-17,PC,3,1,2
U4239,2026-01-18,Mobile,5,1,2
U4239,2026-01-19,Mobile,2,0,0
U4239,2026-01-20,PC,2,0,1
U4239,2026-01-21,Mobile,2,0,1
U4239,2026-01-22,PC,3,1,0
U4239,2026-01-23,PC,2,0,2
U4239,2026-01-24,Mobile,3,1,0
U4239,2026-01-25,PC,3,0,3
U4239,2026-01-26,Mobile,5,0,0
U4239,2026-01-28,Mobile,4,0,4
U4240,2026-01-15,Mobile,2,0,1
U4240,2026-01-16,PC,2,0,1
U4240,2026-01-17,PC,1,0,0
U4240,2026-01-18,PC,3,0,3
U4240,2026-01-19,PC,3,1,0
U4240,2026-01-20,Mobile,1,0,0
U4240,2026-01-21,PC,5,0,2
U4240,2026-01-22,Mobile,3,0,0
U4240,2026-01-25,Mobile,2,0,1
U4240,2026-01-26,PC,2,0,0
U4240,2026-01-27,PC,3,2,1
U4240,2026-01-28,Mobile,5,3,2
U4241,2026-01-16,Mobile,3,1,0
U4241,2026-01-17,Mobile,1,0,0
U4241,2026-01-18,PC,3,1,1
U4241,2026-01-19,PC,3,2,1
U4241,2026-01-21,Mobile,2,1,0
U4241,2026-01-22,PC,3,1,0
U4241,2026-01-23,PC,3,2,1
U4241,2026-01-24,Mobile,3,3,0
U4241,2026-01-25,PC,3,0,1
U4241,2026-01-26,Mobile,5,1,2
U4241,2026-01-27,PC,1,0,0
U4241,2026-01-28,Mobile,1,1,0
U4242,2026-01-15,Mobile,2,0,1
U4242,2026-01-16,Mobile,3,3,0
U4242,2026-01-17,PC,2,1,1
U4242,2026-01-18,PC,5,2,0
U4242,2026-01-19,PC,2,0,2
U4242,2026-01-20,PC,1,1,0
U4242,2026-01-21,PC,1,0,1
U4242,2026-01-22,PC,5,0,3
U4242,2026-01-25,Mobile,3,1,0
U4242,2026-01-26,PC,3,0,0
U4242,2026-01-27,PC,2,0,1
U4243,2026-01-15,PC,4,0,1
U4243,2026-01-16,PC,4,0,0
U4243,2026-01-17,Mobile,1,0,0
U4243,2026-01-18,Mobile,5,1,3
U4243,2026-01-19,Mobile,5,1,1
U4243,2026-01-20,PC,4,0,0
U4243,2026-01-21,Mobile,4,2,2
U4243,2026-01-22,Mobile,2,0,0
U4243,2026-01-23,PC,5,2,3
U4243,2026-01-24,PC,4,0,0
U4243,2026-01-25,Mobile,4,0,1
U4243,2026-01-26,Mobile,2,0,0
U4243,2026-01-27,PC,4,0,0
U4243,2026-01-28,Mobile,4,1,3
U4244,2026-01-15,PC,1,0,1
U4244,2026-01-16,PC,3,0,0
U4244,2026-01-17,PC,3,0,0
U4244,2026-01-19,Mobile,5,2,2
U4244,2026-01-20,Mobile,1,0,1
U4244,2026-01-21,Mobile,5,0,0
U4244,2026-01-22,Mobile,3,0,0
U4244,2026-01-23,Mobile,1,1,0
U4244,2026-01-24,Mobile,2,0,0
U4244,2026-01-26,Mobile,3,0,0
U4244,2026-01-27,Mobile,2,0,2
U4244,2026-01-28,Mobile,5,1,3
U4245,2026-01-15,Mobile,3,1,2
U4245,2026-01-16,Mobile,5,0,1
U4245,2026-01-17,PC,1,0,0
U4245,2026-01-19,PC,3,0,0
U4245,2026-01-20,PC,2,0,1
U4245,2026-01-22,PC,4,2,1
U4245,2026-01-23,PC,2,0,0
U4245,2026-01-24,Mobile,1,0,1
U4245,2026-01-25,PC,3,0,0
U4245,2026-01-26,PC,5,0,1
U4245,2026-01-27,PC,3,1,1
U4245,2026-01-28,Mobile,3,2,1
U4246,2026-01-15,Mobile,4,1,2
U4246,2026-01-16,PC,2,1,1
U4246,2026-01-17,PC,5,2,1
U4246,2026-01-18,PC,3,1,1
U4246,2026-01-19,Mobile,2,0,1
U4246,2026-01-20,PC,1,0,0
U4246,2026-01-21,PC,3,1,0
U4246,2026-01-22,Mobile,1,1,0
U4246,2026-01-23,Mobile,1,0,0
U4246,2026-01-24,Mobile,3,1,0
U4246,2026-01-25,PC,1,0,0
U4246,2026-01-26,Mobile,3,0,2
U4246,2026-01-27,Mobile,5,1,1
U4246,2026-01-28,Mobile,4,2,2
U4247,2026-01-15,Mobile,4,1,2
U4247,2026-01-16,Mobile,5,1,4
U4247,2026-01-17,Mobile,1,0,1
U4247,2026-01-18,Mobile,5,0,4
U4247,2026-01-19,PC,3,0,0
U4247,2026-01-20,Mobile,5,0,4
U4247,2026-01-23,Mobile,3,0,0
U4247,2026-01-24,Mobile,2,1,0
U4247,2026-01-25,PC,4,2,1
U4247,2026-01-26,Mobile,3,0,3
U4247,2026-01-27,PC,5,1,3
U4247,2026-01-28,PC,3,0,3
U4248,2026-01-15,Mobile,3,1,1
U4248,2026-01-16,Mobile,2,0,1
U4248,2026-01-17,PC,4,1,3
U4248,2026-01-18,PC,4,2,2
U4248,2026-01-19,PC,4,2,1
U4248,2026-01-20,Mobile,1,1,0
U4248,2026-01-21,Mobile,3,1,2
U4248,2026-01-22,Mobile,1,0,0
U4248,2026-01-23,PC,3,0,0
U4248,2026-01-24,PC,4,3,1
U4248,2026-01-28,Mobile,1,0,0
U4249,2026-01-15,PC,5,0,0
U4249,2026-01-16,Mobile,5,2,2
U4249,2026-01-18,PC,2,0,0
U4249,2026-01-19,Mobile,3,0,1
U4249,2026-01-20,Mobile,3,1,1
U4249,2026-01-22,Mobile,5,0,4
U4249,2026-01-23,PC,4,0,1
U4249,2026-01-24,Mobile,4,1,3
U4249,2026-01-25,Mobile,4,0,2
U4249,2026-01-26,Mobile,3,0,1
U4249,2026-01-27,Mobile,1,1,0
U4249,2026-01-28,PC,5,0,2
U4250,2026-01-15,Mobile,2,0,0
U4250,2026-01-16,Mobile,1,1,0
U4250,2026-01-17,PC,5,0,4
U4250,2026-01-19,Mobile,5,1,4
U4250,2026-01-20,Mobile,5,0,4
U4250,2026-01-21,Mobile,2,0,2
U4250,2026-01-22,Mobile,1,0,1
U4250,2026-01-23,PC,5,1,0
U4250,2026-01-24,Mobile,5,1,2
U4250,2026-01-25,Mobile,4,0,1
U4250,2026-01-26,PC,3,0,3
U4250,2026-01-27,PC,4,0,0
U4250,2026-01-28,PC,2,1,1
U4251,2026-01-15,Mobile,5,0,3
U4251,2026-01-16,Mobile,5,2,3
U4251,2026-01-17,PC,5,2,3
U4251,2026-01-18,Mobile,4,1,3
U4251,2026-01-19,Mobile,4,1,1
U4251,2026-01-20,Mobile,1,0,0
U4251,2026-01-21,Mobile,4,0,0
U4251,2026-01-22,PC,5,2,3
U4251,2026-01-23,Mobile,3,0,3
U4251,2026-01-24,Mobile,4,1,3
U4251,2026-01-25,PC,1,0,0
U4251,2026-01-26,Mobile,2,1,0
U4251,2026-01-27,Mobile,3,0,3
U4251,2026-01-28,Mobile,4,0,0
U4252,2026-01-16,Mobile,1,0,0
U4252,2026-01-17,Mobile,3,1,2
U4252,2026-01-18,PC,2,0,0
U4252,2026-01-19,PC,1,0,0
U4252,2026-01-20,Mobile,5,0,1
U4252,2026-01-22,PC,3,2,1
U4252,2026-01-23,PC,5,0,2
U4252,2026-01-24,Mobile,4,0,4
U4252,2026-01-26,Mobile,2,0,1
U4252,2026-01-27,Mobile,1,0,0
U4252,2026-01-28,PC,2,0,1
U4253,2026-01-15,Mobile,1,1,0
U4253,2026-01-16,Mobile,3,2,0
U4253,2026-01-17,Mobile,3,0,0
U4253,2026-01-18,Mobile,1,0,0
U4253,2026-01-19,Mobile,4,0,0
U4253,2026-01-20,Mobile,1,0,0
U4253,2026-01-21,PC,1,0,0
U4253,2026-01-22,Mobile,3,2,0
U4253,2026-01-23,Mobile,3,1,1
U4253,2026-01-24,Mobile,4,0,0
U4253,2026-01-25,Mobile,3,2,1
U4253,2026-01-26,Mobile,3,0,1
U4253,2026-01-27,Mobile,1,0,0
U4253,2026-01-28,PC,1,1,0
U4254,2026-01-15,PC,2,0,2
U4254,2026-01-16,Mobile,4,0,2
U4254,2026-01-17,Mobile,5,2,0
U4254,2026-01-18,Mobile,3,0,0
U4254,2026-01-19,Mobile,3,0,0
U4254,2026-01-20,Mobile,5,2,1
U4254,2026-01-21,Mobile,2,0,0
U4254,2026-01-23,Mobile,4,0,1
U4254,2026-01-24,Mobile,2,1,1
U4254,2026-01-25,Mobile,1,0,0
U4254,2026-01-26,PC,4,0,3
U4254,2026-01-27,Mobile,3,0,3
U4254,2026-01-28,Mobile,1,0,0
U4255,2026-01-16,Mobile,4,0,3
U4255,2026-01-17,PC,5,1,0
U4255,2026-01-18,Mobile,2,0,0
U4255,2026-01-20,Mobile,5,1,0
U4255,2026-01-22,Mobile,3,1,0
U4255,2026-01-23,PC,3,0,0
U4255,2026-01-24,Mobile,3,1,0
U4255,2026-01-25,Mobile,1,0,1
U4255,2026-01-26,Mobile,1,0,0
U4255,2026-01-27,Mobile,2,0,2
U4255,2026-01-28,Mobile,4,1,2
U4256,2026-01-15,PC,5,1,4
U4256,2026-01-16,PC,1,0,1
U4256,2026-01-17,Mobile,3,0,3
U4256,2026-01-18,Mobile,3,0,3
U4256,2026-01-20,Mobile,1,0,1
U4256,2026-01-21,Mobile,1,0,0
U4256,2026-01-22,PC,4,2,1
U4256,2026-01-23,PC,1,0,1
U4256,2026-01-24,Mobile,3,2,1
U4256,2026-01-25,Mobile,2,0,0
U4256,2026-01-26,Mobile,4,0,4
U4256,2026-01-27,PC,2,1,0
U4256,2026-01-28,Mobile,1,0,0
U4257,2026-01-15,PC,5,0,4
U4257,2026-01-16,Mobile,1,0,0
U4257,2026-01-17,PC,4,1,0
U4257,2026-01-18,Mobile,4,2,2
U4257,2026-01-19,PC,2,0,1
U4257,2026-01-20,PC,1,0,1
U4257,2026-01-21,Mobile,5,2,0
U4257,2026-01-23,PC,3,0,0
U4257,2026-01-25,PC,5,0,4
U4257,2026-01-26,Mobile,2,1,1
U4257,2026-01-27,Mobile,4,1,2
U4257,2026-01-28,Mobile,3,0,3
U4258,2026-01-15,PC,1,0,1
U4258,2026-01-16,PC,4,0,2
U4258,2026-01-17,Mobile,2,0,0
U4258,2026-01-18,Mobile,1,0,0
U4258,2026-01-19,PC,3,2,1
U4258,2026-01-20,Mobile,4,2,0
U4258,2026-01-21,Mobile,3,0,0
U4258,2026-01-22,Mobile,5,1,1
U4258,2026-01-23,PC,4,2,1
U4258,2026-01-24,Mobile,2,0,0
U4258,2026-01-25,Mobile,4,3,1
U4258,2026-01-26,Mobile,4,1,0
U4258,2026-01-27,Mobile,1,0,1
U4258,2026-01-28,Mobile,2,1,0
U4259,2026-01-15,Mobile,3,0,0
U4259,2026-01-16,Mobile,5,0,1
U4259,2026-01-17,Mobile,1,0,0
U4259,2026-01-18,Mobile,1,0,0
U4259,2026-01-19,Mobile,4,0,1
U4259,2026-01-20,PC,2,0,1
U4259,2026-01-21,PC,4,0,3
U4259,2026-01-22,Mobile,1,0,0
U4259,2026-01-23,Mobile,5,2,2
U4259,2026-01-24,Mobile,4,1,3
U4259,2026-01-25,PC,4,0,0
U4259,2026-01-26,Mobile,4,0,4
U4259,2026-01-27,Mobile,4,0,2
U4259,2026-01-28,Mobile,1,0,0
U4260,2026-01-16,PC,1,0,0
U4260,2026-01-17,Mobile,3,0,0
U4260,2026-01-18,Mobile,2,0,0
U4260,2026-01-19,Mobile,3,1,1
U4260,2026-01-20,PC,5,0,0
U4260,2026-01-21,PC,5,2,1
U4260,2026-01-22,PC,3,0,0
U4260,2026-01-23,Mobile,3,0,0
U4260,2026-01-24,PC,1,0,0
U4260,2026-01-25,Mobile,1,0,1
U4260,2026-01-26,Mobile,1,0,0
U4260,2026-01-28,PC,5,1,0
U4261,2026-01-15,PC,1,0,0
U4261,2026-01-16,PC,5,0,1
U4261,2026-01-17,PC,1,0,1
U4261,2026-01-18,Mobile,1,0,1
U4261,2026-01-20,PC,2,0,1
U4261,2026-01-21,Mobile,1,0,0
U4261,2026-01-23,Mobile,3,0,0
U4261,2026-01-24,Mobile,2,1,0
U4261,2026-01-25,Mobile,3,0,0
U4261,2026-01-26,Mobile,3,1,2
U4261,2026-01-27,PC,2,0,0
U4261,2026-01-28,Mobile,2,0,2
U4262,2026-01-15,PC,1,0,0
U4262,2026-01-16,Mobile,2,0,2
U4262,2026-01-17,PC,5,0,0
U4262,2026-01-18,Mobile,4,1,3
U4262,2026-01-20,PC,2,0,1
U4262,2026-01-21,Mobile,5,3,2
U4262,2026-01-22,PC,2,1,1
U4262,2026-01-23,Mobile,1,0,0
U4262,2026-01-24,PC,3,0,2
U4262,2026-01-25,Mobile,5,0,0
U4262,2026-01-26,PC,2,0,0
U4262,2026-01-28,PC,1,0,0
U4263,2026-01-15,PC,5,0,0
U4263,2026-01-16,Mobile,5,0,0
U4263,2026-01-17,Mobile,3,2,1
U4263,2026-01-18,PC,1,0,0
U4263,2026-01-19,PC,3,1,1
U4263,2026-01-20,Mobile,4,0,3
U4263,2026-01-21,Mobile,3,0,0
U4263,2026-01-22,PC,4,0,1
U4263,2026-01-23,PC,4,0,1
U4263,2026-01-24,PC,1,0,0
U4263,2026-01-25,PC,3,1,0
U4263,2026-01-26,PC,3,1,2
U4263,2026-01-27,Mobile,5,2,2
U4263,2026-01-28,PC,4,3,1
U4264,2026-01-15,Mobile,2,0,1
U4264,2026-01-17,Mobile,4,0,0
U4264,2026-01-18,PC,4,2,1
U4264,2026-01-19,PC,1,0,0
U4264,2026-01-21,Mobile,3,2,0
U4264,2026-01-22,Mobile,4,1,0
U4264,2026-01-23,Mobile,3,2,0
U4264,2026-01-24,Mobile,4,2,0
U4264,2026-01-27,PC,5,1,0
U4264,2026-01-28,Mobile,4,0,0
U4265,2026-01-15,Mobile,1,0,1
U4265,2026-01-17,PC,4,0,1
U4265,2026-01-18,PC,3,0,0
U4265,2026-01-19,Mobile,3,0,0
U4265,2026-01-20,PC,4,2,0
U4265,2026-01-22,PC,4,0,0
U4265,2026-01-23,Mobile,4,0,1
U4265,2026-01-24,Mobile,2,0,2
U4265,2026-01-25,Mobile,4,0,1
U4265,2026-01-26,PC,3,1,0
U4265,2026-01-27,Mobile,3,0,1
U4265,2026-01-28,Mobile,2,0,1
U4266,2026-01-15,PC,2,1,0
U4266,2026-01-16,Mobile,3,1,1
U4266,2026-01-17,PC,2,2,0
U4266,2026-01-18,PC,4,0,0
U4266,2026-01-19,Mobile,1,0,1
U4266,2026-01-21,Mobile,5,0,0
U4266,2026-01-22,Mobile,1,0,1
U4266,2026-01-23,Mobile,1,0,0
U4266,2026-01-24,Mobile,5,2,2
U4266,2026-01-25,Mobile,2,0,0
U4266,2026-01-26,Mobile,2,1,0
U4266,2026-01-27,PC,1,0,1
U4266,2026-01-28,Mobile,4,0,1
U4267,2026-01-15,Mobile,1,0,0
U4267,2026-01-17,PC,4,1,3
U4267,2026-01-18,PC,4,0,0
U4267,2026-01-20,Mobile,1,1,0
U4267,2026-01-21,Mobile,3,0,0
U4267,2026-01-22,PC,4,0,0
U4267,2026-01-23,Mobile,1,1,0
U4267,2026-01-24,Mobile,5,2,1
U4267,2026-01-26,PC,5,1,2
U4267,2026-01-27,Mobile,1,0,0
U4267,2026-01-28,PC,1,0,0
U4268,2026-01-15,PC,1,0,0
U4268,2026-01-16,Mobile,1,1,0
U4268,2026-01-17,PC,1,0,0
U4268,2026-01-18,PC,4,0,0
U4268,2026-01-19,Mobile,1,0,1
U4268,2026-01-20,PC,5,1,2
U4268,2026-01-21,Mobile,1,1,0
U4268,2026-01-22,Mobile,1,0,0
U4268,2026-01-23,PC,2,1,1
U4268,2026-01-24,PC,2,0,0
U4268,2026-01-26,Mobile,1,1,0
U4268,2026-01-27,Mobile,4,3,1
U4268,2026-01-28,Mobile,3,1,1
U4269,2026-01-15,Mobile,2,0,0
U4269,2026-01-16,Mobile,4,1,2
U4269,2026-01-17,PC,3,0,0
U4269,2026-01-18,PC,1,0,0
U4269,2026-01-19,Mobile,1,0,0
U4269,2026-01-20,Mobile,2,1,1
U4269,2026-01-22,Mobile,4,1,2
U4269,2026-01-23,Mobile,5,1,1
U4269,2026-01-25,PC,3,0,0
U4269,2026-01-27,PC,4,0,3
U4269,2026-01-28,PC,4,0,2
U4270,2026-01-16,Mobile,3,0,1
U4270,2026-01-17,Mobile,1,0,1
U4270,2026-01-18,Mobile,4,0,4
U4270,2026-01-19,Mobile,4,2,1
U4270,2026-01-20,Mobile,3,0,1
U4270,2026-01-21,Mobile,1,0,1
U4270,2026-01-22,Mobile,2,0,2
U4270,2026-01-23,Mobile,2,0,0
U4270,2026-01-24,PC,5,1,2
U4270,2026-01-26,Mobile,1,0,1
U4271,2026-01-15,PC,5,2,0
U4271,2026-01-16,Mobile,5,2,1
U4271,2026-01-17,PC,5,2,2
U4271,2026-01-18,PC,5,1,1
U4271,2026-01-19,PC,3,1,2
U4271,2026-01-20,Mobile,1,0,0
U4271,2026-01-22,Mobile,1,1,0
U4271,2026-01-23,PC,1,0,0
U4271,2026-01-24,Mobile,5,4,1
U4271,2026-01-26,Mobile,4,2,0
U4271,2026-01-27,PC,4,0,1
U4271,2026-01-28,PC,2,1,1
U4272,2026-01-15,Mobile,3,1,2
U4272,2026-01-17,Mobile,5,1,2
U4272,2026-01-18,PC,5,1,2
U4272,2026-01-19,PC,3,2,1
U4272,2026-01-20,PC,5,1,0
U4272,2026-01-21,Mobile,3,0,1
U4272,2026-01-22,Mobile,2,1,1
U4272,2026-01-23,Mobile,4,3,0
U4272,2026-01-25,Mobile,5,1,0
U4272,2026-01-26,PC,5,1,3
U4272,2026-01-27,PC,1,0,0
U4272,2026-01-28,PC,2,1,1
U4273,2026-01-15,Mobile,5,0,4
U4273,2026-01-16,Mobile,3,0,0
U4273,2026-01-17,Mobile,2,0,1
U4273,2026-01-19,Mobile,2,2,0
U4273,2026-01-20,PC,5,0,2
U4273,2026-01-21,Mobile,3,0,1
U4273,2026-01-22,Mobile,1,0,0
U4273,2026-01-23,Mobile,1,0,0
U4273,2026-01-24,PC,4,0,1
U4273,2026-01-25,Mobile,2,0,0
U4273,2026-01-26,PC,2,1,0
U4273,2026-01-27,PC,4,2,0
U4273,2026-01-28,PC,4,0,3
U4274,2026-01-15,Mobile,5,0,2
U4274,2026-01-16,PC,1,0,0
U4274,2026-01-17,PC,1,0,0
U4274,2026-01-18,PC,2,2,0
U4274,2026-01-19,Mobile,5,0,0
U4274,2026-01-20,Mobile,4,0,1
U4274,2026-01-21,PC,5,0,0
U4274,2026-01-22,PC,4,0,0
U4274,2026-01-23,PC,4,2,2
U4274,2026-01-24,Mobile,4,3,0
U4274,2026-01-25,PC,5,2,2
U4274,2026-01-26,Mobile,5,1,0
U4274,2026-01-27,Mobile,1,1,0
U4274,2026-01-28,PC,3,3,0
U4275,2026-01-15,PC,3,1,1
U4275,2026-01-16,Mobile,3,1,0
U4275,2026-01-17,PC,5,1,2
U4275,2026-01-18,Mobile,5,1,1
U4275,2026-01-19,Mobile,5,0,2
U4275,2026-01-20,Mobile,2,0,2
U4275,2026-01-21,Mobile,5,2,0
U4275,2026-01-22,PC,2,2,0
U4275,2026-01-23,PC,1,1,0
U4275,2026-01-24,Mobile,2,0,0
U4275,2026-01-25,Mobile,1,0,0
U4275,2026-01-26,Mobile,3,0,2
U4275,2026-01-27,Mobile,2,0,0
U4275,2026-01-28,PC,5,0,0
U4276,2026-01-15,Mobile,1,0,1
U4276,2026-01-16,Mobile,5,1,1
U4276,2026-01-17,PC,4,0,4
U4276,2026-01-20,Mobile,4,0,3
U4276,2026-01-22,Mobile,5,0,1
U4276,2026-01-23,PC,2,0,1
U4276,2026-01-24,Mobile,1,0,1
U4276,2026-01-25,Mobile,1,0,1
U4276,2026-01-26,Mobile,3,0,1
U4276,2026-01-27,Mobile,4,2,2
U4276,2026-01-28,Mobile,3,0,1
U4277,2026-01-16,PC,3,0,0
U4277,2026-01-17,Mobile,4,1,2
U4277,2026-01-18,Mobile,3,0,2
U4277,2026-01-19,Mobile,4,0,0
U4277,2026-01-21,Mobile,1,0,0
U4277,2026-01-22,Mobile,4,0,4
U4277,2026-01-23,Mobile,2,0,2
U4277,2026-01-24,PC,4,0,0
U4277,2026-01-26,PC,5,0,3
U4277,2026-01-27,PC,4,1,1
U4277,2026-01-28,Mobile,5,1,3
U4278,2026-01-15,PC,3,1,1
U4278,2026-01-16,PC,5,5,0
U4278,2026-01-17,PC,3,1,0
U4278,2026-01-18,PC,3,2,0
U4278,2026-01-19,PC,3,0,0
U4278,2026-01-20,PC,4,0,0
U4278,2026-01-21,PC,4,2,1
U4278,2026-01-22,Mobile,2,2,0
U4278,2026-01-23,Mobile,1,0,0
U4278,2026-01-24,PC,2,1,1
U4278,2026-01-25,PC,3,2,1
U4278,2026-01-26,Mobile,4,1,1
U4278,2026-01-27,PC,5,0,3
U4278,2026-01-28,PC,5,2,2
U4279,2026-01-15,PC,5,1,1
U4279,2026-01-18,Mobile,1,0,0
U4279,2026-01-19,Mobile,4,1,1
U4279,2026-01-20,Mobile,5,2,1
U4279,2026-01-21,PC,3,0,3
U4279,2026-01-22,Mobile,3,0,0
U4279,2026-01-23,Mobile,4,1,1
U4279,2026-01-24,Mobile,1,0,1
U4279,2026-01-25,Mobile,4,4,0
U4279,2026-01-26,PC,5,0,2
U4279,2026-01-28,Mobile,3,3,0
U4280,2026-01-15,Mobile,4,1,0
U4280,2026-01-18,Mobile,5,1,1
U4280,2026-01-19,PC,1,0,1
U4280,2026-01-20,Mobile,3,0,0
U4280,2026-01-21,Mobile,4,0,0
U4280,2026-01-22,PC,3,1,1
U4280,2026-01-23,Mobile,2,0,0
U4280,2026-01-24,Mobile,2,1,0
U4280,2026-01-26,PC,2,0,2
U4280,2026-01-27,Mobile,4,1,1
U4281,2026-01-15,Mobile,5,0,0
U4281,2026-01-16,Mobile,3,0,0
U4281,2026-01-17,Mobile,3,0,3
U4281,2026-01-18,PC,5,1,2
U4281,2026-01-19,PC,1,0,0
U4281,2026-01-20,Mobile,4,1,2
U4281,2026-01-21,Mobile,5,0,0
U4281,2026-01-22,Mobile,4,1,2
U4281,2026-01-23,Mobile,5,2,2
U4281,2026-01-24,PC,4,0,3
U4281,2026-01-25,PC,3,0,1
U4281,2026-01-26,PC,2,0,1
U4281,2026-01-27,Mobile,2,1,1
U4282,2026-01-15,Mobile,4,3,1
U4282,2026-01-16,Mobile,4,3,0
U4282,2026-01-17,PC,1,1,0
U4282,2026-01-18,PC,1,0,0
U4282,2026-01-19,Mobile,1,0,0
U4282,2026-01-20,PC,3,1,1
U4282,2026-01-21,PC,5,1,2
U4282,2026-01-22,PC,4,0,0
U4282,2026-01-23,PC,4,2,0
U4282,2026-01-24,Mobile,5,1,0
U4282,2026-01-25,PC,4,1,0
U4282,2026-01-26,Mobile,1,0,0
U4282,2026-01-27,Mobile,1,0,1
U4282,2026-01-28,Mobile,4,2,1
U4283,2026-01-15,Mobile,4,1,0
U4283,2026-01-16,Mobile,5,0,4
U4283,2026-01-18,PC,4,0,4
U4283,2026-01-19,Mobile,3,0,0
U4283,2026-01-20,Mobile,3,0,1
U4283,2026-01-21,Mobile,4,1,0
U4283,2026-01-22,PC,4,1,2
U4283,2026-01-23,Mobile,5,0,3
U4283,2026-01-24,PC,2,0,2
U4283,2026-01-25,Mobile,2,0,2
U4283,2026-01-26,Mobile,2,0,2
U4283,2026-01-27,Mobile,1,0,1
U4283,2026-01-28,Mobile,1,0,1
U4284,2026-01-15,PC,3,1,1
U4284,2026-01-16,Mobile,2,1,0
U4284,2026-01-17,Mobile,3,0,0
U4284,2026-01-19,Mobile,3,0,0
U4284,2026-01-20,PC,3,1,0
U4284,2026-01-21,Mobile,5,2,2
U4284,2026-01-22,PC,2,0,0
U4284,2026-01-23,PC,3,1,0
U4284,2026-01-25,PC,2,0,0
U4284,2026-01-26,Mobile,1,0,1
U4284,2026-01-27,PC,5,0,0
U4284,2026-01-28,Mobile,3,0,1
U4285,2026-01-15,PC,2,0,1
U4285,2026-01-16,Mobile,3,0,2
U4285,2026-01-17,PC,1,1,0
U4285,2026-01-18,Mobile,4,0,2
U4285,2026-01-19,PC,5,2,1
U4285,2026-01-20,Mobile,2,0,0
U4285,2026-01-21,Mobile,3,0,2
U4285,2026-01-22,Mobile,2,2,0
U4285,2026-01-23,PC,3,0,1
U4285,2026-01-24,Mobile,2,1,1
U4285,2026-01-25,Mobile,3,0,2
U4285,2026-01-26,Mobile,1,0,0
U4285,2026-01-27,Mobile,1,1,0
U4285,2026-01-28,Mobile,5,0,1
U4286,2026-01-15,PC,3,0,3
U4286,2026-01-16,Mobile,2,0,2
U4286,2026-01-17,PC,3,1,2
U4286,2026-01-18,Mobile,5,1,1
U4286,2026-01-19,PC,3,1,0
U4286,2026-01-20,PC,3,2,0
U4286,2026-01-21,Mobile,3,1,1
U4286,2026-01-22,PC,1,0,0
U4286,2026-01-23,PC,1,0,0
U4286,2026-01-24,PC,1,1,0
U4286,2026-01-25,Mobile,1,1,0
U4286,2026-01-26,Mobile,5,0,0
U4286,2026-01-27,PC,1,0,0
U4287,2026-01-15,PC,5,0,0
U4287,2026-01-16,Mobile,5,4,0
U4287,2026-01-17,Mobile,3,3,0
U4287,2026-01-19,Mobile,1,0,0
U4287,2026-01-20,Mobile,1,0,0
U4287,2026-01-21,PC,2,0,1
U4287,2026-01-22,PC,1,0,1
U4287,2026-01-24,PC,5,0,0
U4287,2026-01-26,Mobile,2,2,0
U4287,2026-01-27,Mobile,4,1,1
U4287,2026-01-28,Mobile,4,0,0
U4288,2026-01-15,PC,5,0,0
U4288,2026-01-17,Mobile,2,0,1
U4288,2026-01-18,Mobile,2,0,2
U4288,2026-01-20,Mobile,2,0,1
U4288,2026-01-21,Mobile,2,0,1
U4288,2026-01-22,Mobile,5,0,4
U4288,2026-01-23,Mobile,5,0,1
U4288,2026-01-24,PC,4,0,0
U4288,2026-01-25,Mobile,3,0,0
U4288,2026-01-26,PC,5,1,3
U4288,2026-01-27,Mobile,1,0,0
U4288,2026-01-28,PC,2,0,0
U4289,2026-01-15,PC,1,1,0
U4289,2026-01-16,Mobile,2,0,2
U4289,2026-01-17,Mobile,1,0,1
U4289,2026-01-18,PC,1,1,0
U4289,2026-01-19,Mobile,4,1,2
U4289,2026-01-21,PC,3,1,2
U4289,2026-01-22,PC,2,0,1
U4289,2026-01-23,Mobile,2,1,1
U4289,2026-01-24,Mobile,1,0,1
U4289,2026-01-25,Mobile,2,0,0
U4289,2026-01-26,Mobile,2,0,0
U4289,2026-01-27,PC,4,0,3
U4289,2026-01-28,PC,4,0,1
U4290,2026-01-15,Mobile,2,1,1
U4290,2026-01-16,PC,1,0,0
U4290,2026-01-17,PC,3,0,2
U4290,2026-01-18,Mobile,3,1,1
U4290,2026-01-19,PC,5,1,4
U4290,2026-01-20,PC,4,0,2
U4290,2026-01-21,Mobile,3,0,1
U4290,2026-01-22,PC,1,0,0
U4290,2026-01-23,Mobile,1,0,1
U4290,2026-01-24,Mobile,4,0,3
U4290,2026-01-25,PC,1,0,0
U4290,2026-01-26,PC,3,0,3
U4290,2026-01-27,Mobile,4,1,0
U4290,2026-01-28,Mobile,4,0,1
U4291,2026-01-15,Mobile,5,2,3
U4291,2026-01-16,PC,5,0,0
U4291,2026-01-17,Mobile,1,1,0
U4291,2026-01-18,PC,1,0,1
U4291,2026-01-19,Mobile,2,1,0
U4291,2026-01-20,PC,5,0,0
U4291,2026-01-21,Mobile,5,0,0
U4291,2026-01-22,PC,4,0,1
U4291,2026-01-23,Mobile,3,1,1
U4291,2026-01-25,PC,4,1,1
U4291,2026-01-26,Mobile,1,0,0
U4291,2026-01-27,PC,1,0,0
U4291,2026-01-28,Mobile,4,0,0
U4292,2026-01-15,Mobile,1,0,0
U4292,2026-01-16,PC,5,0,0
U4292,2026-01-17,Mobile,4,2,1
U4292,2026-01-18,Mobile,5,0,0
U4292,2026-01-19,PC,2,0,0
U4292,2026-01-20,Mobile,5,1,0
U4292,2026-01-21,PC,1,1,0
U4292,2026-01-22,Mobile,5,2,0
U4292,2026-01-23,Mobile,1,0,1
U4292,2026-01-24,PC,3,3,0
U4292,2026-01-25,PC,1,0,0
U4292,2026-01-26,PC,4,2,2
U4292,2026-01-27,PC,3,0,1
U4292,2026-01-28,PC,5,1,1
U4293,2026-01-15,Mobile,4,0,0
U4293,2026-01-16,Mobile,1,0,0
U4293,2026-01-17,Mobile,1,0,0
U4293,2026-01-18,PC,5,1,3
U4293,2026-01-19,Mobile,4,2,0
U4293,2026-01-20,PC,2,1,0
U4293,2026-01-21,PC,3,0,1
U4293,2026-01-22,Mobile,2,0,2
U4293,2026-01-23,Mobile,5,1,1
U4293,2026-01-24,Mobile,4,0,1
U4293,2026-01-25,Mobile,3,0,0
U4293,2026-01-26,PC,5,1,0
U4293,2026-01-27,PC,2,2,0
U4294,2026-01-15,Mobile,1,0,0
U4294,2026-01-16,PC,4,0,1
U4294,2026-01-17,Mobile,4,2,2
U4294,2026-01-18,PC,2,1,1
U4294,2026-01-19,Mobile,3,0,0
U4294,2026-01-20,Mobile,4,2,2
U4294,2026-01-21,Mobile,5,0,0
U4294,2026-01-22,Mobile,1,0,0
U4294,2026-01-23,Mobile,1,0,0
U4294,2026-01-24,PC,4,0,0
U4294,2026-01-25,Mobile,1,1,0
U4294,2026-01-26,Mobile,5,3,2
U4294,2026-01-27,Mobile,1,1,0
U4294,2026-01-28,Mobile,3,0,0
U4295,2026-01-15,Mobile,3,1,1
U4295,2026-01-16,Mobile,1,1,0
U4295,2026-01-17,Mobile,2,0,0
U4295,2026-01-18,PC,1,1,0
U4295,2026-01-19,PC,5,5,0
U4295,2026-01-20,Mobile,5,1,0
U4295,2026-01-21,PC,5,3,1
U4295,2026-01-22,PC,3,1,0
U4295,2026-01-23,PC,1,1,0
U4295,2026-01-24,PC,5,0,0
U4295,2026-01-25,Mobile,1,0,1
U4295,2026-01-26,Mobile,1,1,0
U4295,2026-01-27,Mobile,1,0,0
U4295,2026-01-28,Mobile,1,0,0
U4296,2026-01-15,Mobile,1,0,0
U4296,2026-01-16,Mobile,2,0,0
U4296,2026-01-17,PC,2,0,0
U4296,2026-01-19,Mobile,2,1,1
U4296,2026-01-20,PC,2,0,0
U4296,2026-01-21,Mobile,2,1,0
U4296,2026-01-22,PC,3,0,2
U4296,2026-01-23,Mobile,1,0,1
U4296,2026-01-24,Mobile,2,1,0
U4296,2026-01-25,PC,2,0,0
U4296,2026-01-26,PC,4,1,1
U4296,2026-01-27,Mobile,4,0,0
U4297,2026-01-15,Mobile,2,0,2
U4297,2026-01-16,Mobile,2,0,0
U4297,2026-01-17,Mobile,3,1,1
U4297,2026-01-18,Mobile,4,0,0
U4297,2026-01-19,PC,1,0,0
U4297,2026-01-20,Mobile,5,0,1
U4297,2026-01-21,Mobile,1,0,1
U4297,2026-01-22,Mobile,5,0,4
U4297,2026-01-23,Mobile,1,1,0
U4297,2026-01-24,PC,1,0,1
U4297,2026-01-26,Mobile,2,0,1
U4297,2026-01-28,Mobile,5,1,0
U4298,2026-01-15,PC,4,0,1
U4298,2026-01-16,PC,2,0,1
U4298,2026-01-17,Mobile,3,0,2
U4298,2026-01-18,Mobile,2,0,0
U4298,2026-01-19,Mobile,5,1,4
U4298,2026-01-20,Mobile,1,1,0
U4298,2026-01-21,PC,3,0,1
U4298,2026-01-23,Mobile,2,0,0
U4298,2026-01-24,PC,5,2,2
U4298,2026-01-25,PC,5,1,2
U4298,2026-01-26,PC,5,1,2
U4298,2026-01-28,Mobile,4,0,2
U4299,2026-01-15,Mobile,4,0,1
U4299,2026-01-16,Mobile,1,1,0
U4299,2026-01-17,PC,1,0,0
U4299,2026-01-18,Mobile,4,0,3
U4299,2026-01-19,PC,2,0,2
U4299,2026-01-21,PC,2,0,0
U4299,2026-01-22,Mobile,1,0,0
U4299,2026-01-23,Mobile,1,0,1
U4299,2026-01-24,PC,1,0,1
U4299,2026-01-25,PC,1,0,0
U4299,2026-01-26,Mobile,3,0,2
U4299,2026-01-27,PC,1,1,0
U4299,2026-01-28,Mobile,5,2,3
U4300,2026-01-15,Mobile,5,0,0
U4300,2026-01-16,PC,4,1,2
U4300,2026-01-19,PC,1,0,1
U4300,2026-01-20,Mobile,5,1,2
U4300,2026-01-21,Mobile,5,2,2
U4300,2026-01-22,Mobile,2,0,0
U4300,2026-01-23,Mobile,2,0,0
U4300,2026-01-24,Mobile,2,0,0
U4300,2026-01-25,PC,2,0,1
U4300,2026-01-26,Mobile,4,0,0
U4300,2026-01-27,Mobile,2,0,0
U4300,2026-01-28,Mobile,3,0,0
U4301,2026-01-15,Mobile,5,2,3
U4301,2026-01-16,PC,3,0,1
U4301,2026-01-18,PC,1,1,0
U4301,2026-01-19,Mobile,3,0,0
U4301,2026-01-20,PC,4,0,2
U4301,2026-01-21,PC,3,0,2
U4301,2026-01-22,Mobile,4,0,2
U4301,2026-01-23,PC,1,0,1
U4301,2026-01-24,PC,1,0,0
U4301,2026-01-25,Mobile,4,0,3
U4301,2026-01-26,Mobile,3,0,2
U4301,2026-01-27,PC,3,1,2
U4301,2026-01-28,PC,4,1,3
U4302,2026-01-15,PC,4,0,2
U4302,2026-01-17,PC,3,1,2
U4302,2026-01-18,Mobile,1,0,1
U4302,2026-01-19,Mobile,2,1,1
U4302,2026-01-20,Mobile,5,0,2
U4302,2026-01-21,PC,1,0,0
U4302,2026-01-23,PC,2,0,0
U4302,2026-01-24,Mobile,4,0,1
U4302,2026-01-25,Mobile,5,0,3
U4302,2026-01-26,Mobile,3,0,1
U4302,2026-01-27,Mobile,4,0,0
U4302,2026-01-28,PC,5,0,1
U4303,2026-01-15,Mobile,4,3,0
U4303,2026-01-16,Mobile,3,0,0
U4303,2026-01-17,Mobile,1,0,1
U4303,2026-01-18,Mobile,5,0,2
U4303,2026-01-19,Mobile,2,1,0
U4303,2026-01-20,PC,1,1,0
U4303,2026-01-21,Mobile,2,2,0
U4303,2026-01-22,Mobile,3,2,0
U4303,2026-01-23,Mobile,5,1,0
U4303,2026-01-24,Mobile,3,1,0
U4303,2026-01-25,PC,5,2,1
U4303,2026-01-26,PC,2,1,1
U4303,2026-01-27,Mobile,1,0,0
U4304,2026-01-15,Mobile,2,0,0
U4304,2026-01-16,PC,1,0,1
U4304,2026-01-17,Mobile,2,0,2
U4304,2026-01-18,PC,3,0,0
U4304,2026-01-19,Mobile,4,0,4
U4304,2026-01-20,Mobile,3,0,0
U4304,2026-01-21,Mobile,5,1,0
U4304,2026-01-22,Mobile,3,0,2
U4304,2026-01-23,PC,2,0,0
U4304,2026-01-25,Mobile,2,0,1
U4304,2026-01-28,PC,1,1,0
U4305,2026-01-15,Mobile,5,0,2
U4305,2026-01-16,Mobile,3,0,2
U4305,2026-01-17,Mobile,4,3,1
U4305,2026-01-18,Mobile,2,2,0
U4305,2026-01-19,Mobile,2,0,2
U4305,2026-01-20,Mobile,3,2,1
U4305,2026-01-21,Mobile,2,0,0
U4305,2026-01-22,Mobile,2,0,2
U4305,2026-01-23,PC,4,1,2
U4305,2026-01-24,PC,5,0,0
U4305,2026-01-26,PC,4,2,2
U4305,2026-01-27,PC,3,0,3
U4305,2026-01-28,PC,2,1,1
U4306,2026-01-15,PC,4,0,1
U4306,2026-01-16,Mobile,5,0,3
U4306,2026-01-17,PC,1,0,1
U4306,2026-01-18,Mobile,3,1,1
U4306,2026-01-19,PC,5,0,0
U4306,2026-01-21,Mobile,3,1,1
U4306,2026-01-22,Mobile,4,0,1
U4306,2026-01-23,Mobile,4,0,1
U4306,2026-01-24,Mobile,3,0,0
U4306,2026-01-25,Mobile,4,0,2
U4306,2026-01-26,Mobile,1,0,0
U4306,2026-01-27,Mobile,3,0,2
U4306,2026-01-28,PC,2,1,0
U4307,2026-01-15,Mobile,3,0,2
U4307,2026-01-16,PC,4,3,0
U4307,2026-01-17,Mobile,3,0,0
U4307,2026-01-18,Mobile,4,1,1
U4307,2026-01-19,Mobile,5,0,2
U4307,2026-01-20,Mobile,1,0,1
U4307,2026-01-21,Mobile,3,1,2
U4307,2026-01-22,PC,5,0,0
U4307,2026-01-23,PC,1,0,0
U4307,2026-01-24,PC,4,1,2
U4307,2026-01-25,PC,1,1,0
U4307,2026-01-26,Mobile,5,0,0
U4307,2026-01-27,Mobile,1,0,0
U4307,2026-01-28,PC,3,2,1
U4308,2026-01-15,Mobile,1,0,0
U4308,2026-01-16,Mobile,4,0,0
U4308,2026-01-18,Mobile,3,0,1
U4308,2026-01-19,PC,1,0,0
U4308,2026-01-20,Mobile,2,0,1
U4308,2026-01-21,Mobile,3,1,2
U4308,2026-01-22,PC,3,0,1
U4308,2026-01-23,PC,4,1,1
U4308,2026-01-24,PC,2,0,0
U4308,2026-01-25,Mobile,1,0,0
U4308,2026-01-26,Mobile,4,2,2
U4308,2026-01-27,Mobile,3,0,0
U4308,2026-01-28,Mobile,1,0,0
U4309,2026-01-16,Mobile,1,1,0
U4309,2026-01-17,Mobile,5,2,1
U4309,2026-01-18,PC,5,0,0
U4309,2026-01-19,PC,4,0,0
U4309,2026-01-20,Mobile,4,0,0
U4309,2026-01-21,Mobile,5,1,3
U4309,2026-01-22,PC,5,3,0
U4309,2026-01-23,PC,1,1,0
U4309,2026-01-24,Mobile,1,0,0
U4309,2026-01-25,Mobile,1,0,0
U4309,2026-01-26,Mobile,1,0,1
U4309,2026-01-27,Mobile,4,2,2
U4309,2026-01-28,Mobile,5,0,0
U4310,2026-01-15,Mobile,3,0,2
U4310,2026-01-16,PC,4,1,1
U4310,2026-01-17,PC,4,0,0
U4310,2026-01-18,Mobile,2,0,1
U4310,2026-01-19,Mobile,2,0,1
U4310,2026-01-20,Mobile,4,0,0
U4310,2026-01-21,Mobile,4,0,0
U4310,2026-01-22,PC,4,1,1
U4310,2026-01-23,Mobile,1,0,0
U4310,2026-01-25,Mobile,3,1,2
U4310,2026-01-26,Mobile,1,1,0
U4310,2026-01-27,PC,1,0,0
U4310,2026-01-28,PC,5,2,3
U4311,2026-01-15,Mobile,3,0,2
U4311,2026-01-16,PC,5,0,2
U4311,2026-01-17,PC,1,0,1
U4311,2026-01-18,Mobile,2,0,1
U4311,2026-01-19,PC,2,1,1
U4311,2026-01-21,Mobile,4,2,0
U4311,2026-01-22,Mobile,4,2,2
U4311,2026-01-23,Mobile,4,0,1
U4311,2026-01-24,Mobile,1,0,1
U4311,2026-01-25,PC,1,0,1
U4311,2026-01-26,Mobile,3,1,2
U4311,2026-01-27,Mobile,1,0,0
U4311,2026-01-28,PC,3,0,2
U4312,2026-01-16,PC,4,0,4
U4312,2026-01-17,Mobile,5,1,0
U4312,2026-01-18,Mobile,3,2,1
U4312,2026-01-19,PC,5,0,0
U4312,2026-01-20,PC,3,2,1
U4312,2026-01-21,Mobile,5,1,2
U4312,2026-01-22,PC,3,1,0
U4312,2026-01-23,PC,2,1,0
U4312,2026-01-24,PC,4,3,0
U4312,2026-01-25,Mobile,4,3,1
U4312,2026-01-26,Mobile,1,0,0
U4312,2026-01-27,Mobile,3,0,2
U4313,2026-01-15,PC,4,4,0
U4313,2026-01-16,Mobile,5,3,2
U4313,2026-01-17,PC,5,1,4
U4313,2026-01-18,Mobile,5,0,0
U4313,2026-01-19,PC,4,0,0
U4313,2026-01-21,Mobile,1,0,0
U4313,2026-01-22,Mobile,5,1,0
U4313,2026-01-23,PC,4,0,0
U4313,2026-01-24,Mobile,3,3,0
U4313,2026-01-25,Mobile,1,1,0
U4313,2026-01-26,Mobile,4,1,0
U4313,2026-01-27,Mobile,4,1,0
U4313,2026-01-28,PC,5,3,2
U4314,2026-01-15,PC,5,1,1
U4314,2026-01-16,Mobile,2,1,0
U4314,2026-01-17,Mobile,2,0,1
U4314,2026-01-18,Mobile,4,4,0
U4314,2026-01-19,Mobile,5,1,2
U4314,2026-01-20,PC,2,0,1
U4314,2026-01-21,PC,5,1,0
U4314,2026-01-22,PC,1,0,0
U4314,2026-01-23,Mobile,4,0,0
U4314,2026-01-24,PC,5,2,3
U4314,2026-01-25,Mobile,3,0,0
U4314,2026-01-26,Mobile,3,1,0
U4314,2026-01-27,PC,3,0,0
U4314,2026-01-28,Mobile,4,1,0
U4315,2026-01-15,PC,4,0,4
U4315,2026-01-16,Mobile,5,0,2
U4315,2026-01-17,Mobile,1,0,1
U4315,2026-01-18,PC,2,0,1
U4315,2026-01-19,Mobile,2,0,2
U4315,2026-01-20,Mobile,4,1,0
U4315,2026-01-21,PC,5,1,2
U4315,2026-01-22,Mobile,2,0,0
U4315,2026-01-23,PC,3,0,3
U4315,2026-01-24,PC,4,0,4
U4315,2026-01-25,PC,2,0,1
U4315,2026-01-26,Mobile,3,0,1
U4315,2026-01-28,PC,5,0,0
U4316,2026-01-15,Mobile,3,2,0
U4316,2026-01-16,Mobile,4,0,0
U4316,2026-01-17,Mobile,1,0,0
U4316,2026-01-18,PC,4,1,1
U4316,2026-01-19,PC,4,1,0
U4316,2026-01-20,Mobile,3,2,1
U4316,2026-01-21,PC,1,0,0
U4316,2026-01-23,Mobile,1,1,0
U4316,2026-01-24,Mobile,5,0,0
U4316,2026-01-25,PC,3,0,1
U4316,2026-01-26,Mobile,2,1,1
U4316,2026-01-27,PC,1,1,0
U4316,2026-01-28,PC,2,1,1
U4317,2026-01-15,Mobile,1,0,0
U4317,2026-01-16,Mobile,4,1,1
U4317,2026-01-17,PC,5,1,2
U4317,2026-01-20,PC,5,0,0
U4317,2026-01-21,PC,3,1,2
U4317,2026-01-22,Mobile,3,0,2
U4317,2026-01-23,Mobile,4,0,0
U4317,2026-01-24,Mobile,5,2,1
U4317,2026-01-25,Mobile,1,0,0
U4317,2026-01-28,PC,1,0,1
U4318,2026-01-15,PC,1,0,0
U4318,2026-01-16,Mobile,3,2,1
U4318,2026-01-17,Mobile,2,0,0
U4318,2026-01-18,Mobile,2,0,0
U4318,2026-01-19,PC,4,3,1
U4318,2026-01-20,Mobile,1,0,0
U4318,2026-01-21,Mobile,2,0,1
U4318,2026-01-22,PC,2,0,0
U4318,2026-01-23,Mobile,2,0,0
U4318,2026-01-24,PC,3,0,1
U4318,2026-01-26,Mobile,4,0,0
U4318,2026-01-27,PC,4,0,2
U4318,2026-01-28,Mobile,1,0,0
U4319,2026-01-15,PC,1,1,0
U4319,2026-01-16,PC,5,1,1
U4319,2026-01-17,Mobile,2,0,0
U4319,2026-01-18,Mobile,1,1,0
U4319,2026-01-19,Mobile,2,0,0
U4319,2026-01-20,Mobile,4,1,1
U4319,2026-01-21,Mobile,4,1,2
U4319,2026-01-22,Mobile,4,0,2
U4319,2026-01-23,Mobile,5,2,1
U4319,2026-01-25,Mobile,1,0,0
U4319,2026-01-26,PC,1,0,0
U4319,2026-01-27,Mobile,2,2,0
U4319,2026-01-28,Mobile,2,1,1
U4320,2026-01-15,Mobile,3,0,1
U4320,2026-01-16,PC,4,0,0
U4320,2026-01-17,Mobile,2,0,0
U4320,2026-01-18,Mobile,2,0,0
U4320,2026-01-19,PC,2,0,0
U4320,2026-01-20,Mobile,1,0,0
U4320,2026-01-21,PC,5,1,1
U4320,2026-01-22,Mobile,5,1,1
U4320,2026-01-23,PC,2,0,2
U4320,2026-01-25,Mobile,3,0,0
U4320,2026-01-26,Mobile,2,0,2
U4320,2026-01-27,PC,2,0,0
U4321,2026-01-15,Mobile,3,1,0
U4321,2026-01-16,Mobile,2,0,2
U4321,2026-01-17,Mobile,5,0,0
U4321,2026-01-18,Mobile,4,0,0
U4321,2026-01-19,PC,3,1,2
U4321,2026-01-20,PC,1,0,0
U4321,2026-01-21,PC,3,0,0
U4321,2026-01-22,Mobile,2,0,2
U4321,2026-01-23,PC,2,0,2
U4321,2026-01-24,Mobile,5,2,2
U4321,2026-01-25,PC,3,1,2
U4321,2026-01-26,Mobile,2,1,0
U4321,2026-01-28,Mobile,5,1,0
U4322,2026-01-15,Mobile,2,2,0
U4322,2026-01-16,Mobile,2,0,0
U4322,2026-01-17,Mobile,4,2,1
U4322,2026-01-18,PC,4,1,0
U4322,2026-01-19,PC,2,0,2
U4322,2026-01-20,PC,4,1,3
U4322,2026-01-21,PC,4,1,0
U4322,2026-01-23,Mobile,1,1,0
U4322,2026-01-24,PC,1,0,0
U4322,2026-01-25,Mobile,3,1,0
U4322,2026-01-26,Mobile,4,0,1
U4322,2026-01-27,Mobile,3,1,2
U4322,2026-01-28,Mobile,1,0,0
U4323,2026-01-15,Mobile,3,1,2
U4323,2026-01-16,PC,2,0,1
U4323,2026-01-17,PC,3,1,1
U4323,2026-01-18,Mobile,5,1,1
U4323,2026-01-19,PC,1,0,0
U4323,2026-01-21,Mobile,1,0,0
U4323,2026-01-22,PC,5,3,0
U4323,2026-01-23,PC,3,0,0
U4323,2026-01-24,Mobile,3,0,0
U4323,2026-01-25,PC,2,0,1
U4323,2026-01-26,PC,5,3,0
U4323,2026-01-27,Mobile,5,3,2
U4323,2026-01-28,Mobile,4,1,0
U4324,2026-01-15,PC,1,1,0
U4324,2026-01-16,Mobile,5,0,0
U4324,2026-01-18,PC,3,0,0
U4324,2026-01-19,PC,3,0,1
U4324,2026-01-20,PC,4,0,2
U4324,2026-01-21,PC,5,0,4
U4324,2026-01-22,Mobile,3,2,1
U4324,2026-01-23,PC,4,2,2
U4324,2026-01-25,Mobile,3,0,1
U4324,2026-01-26,Mobile,3,0,0
U4324,2026-01-27,PC,4,0,0
U4324,2026-01-28,Mobile,4,0,0
U4325,2026-01-15,Mobile,5,1,4
U4325,2026-01-16,Mobile,1,0,1
U4325,2026-01-17,PC,1,0,1
U4325,2026-01-18,Mobile,2,0,2
U4325,2026-01-20,Mobile,5,0,5
U4325,2026-01-21,PC,3,0,1
U4325,2026-01-22,Mobile,5,0,0
U4325,2026-01-23,PC,5,1,4
U4325,2026-01-24,PC,4,1,2
U4325,2026-01-25,Mobile,4,0,3
U4325,2026-01-26,Mobile,2,0,0
U4325,2026-01-27,Mobile,5,0,2
U4326,2026-01-15,PC,1,0,1
U4326,2026-01-16,Mobile,5,1,4
U4326,2026-01-17,Mobile,4,0,0
U4326,2026-01-18,Mobile,4,0,3
U4326,2026-01-19,Mobile,3,0,3
U4326,2026-01-20,PC,1,0,0
U4326,2026-01-21,PC,4,1,0
U4326,2026-01-23,Mobile,2,0,2
U4326,2026-01-24,PC,3,0,0
U4326,2026-01-25,Mobile,1,1,0
U4326,2026-01-26,Mobile,4,1,1
U4326,2026-01-27,PC,2,0,1
U4326,2026-01-28,PC,1,0,0
U4327,2026-01-15,Mobile,5,0,0
U4327,2026-01-16,Mobile,1,0,1
U4327,2026-01-18,PC,3,0,0
U4327,2026-01-19,Mobile,5,0,0
U4327,2026-01-20,Mobile,2,1,0
U4327,2026-01-21,Mobile,3,2,1
U4327,2026-01-22,Mobile,1,0,0
U4327,2026-01-23,Mobile,5,2,2
U4327,2026-01-24,PC,1,0,1
U4327,2026-01-25,Mobile,3,1,1
U4327,2026-01-26,Mobile,5,2,3
U4327,2026-01-27,Mobile,5,1,3
U4327,2026-01-28,Mobile,4,1,1
U4328,2026-01-15,Mobile,3,0,0
U4328,2026-01-16,Mobile,3,0,1
U4328,2026-01-17,Mobile,1,0,0
U4328,2026-01-18,Mobile,5,2,2
U4328,2026-01-19,PC,3,0,2
U4328,2026-01-20,Mobile,5,2,2
U4328,2026-01-21,Mobile,4,0,4
U4328,2026-01-22,Mobile,5,0,2
U4328,2026-01-23,PC,1,1,0
U4328,2026-01-24,Mobile,5,0,2
U4328,2026-01-26,PC,5,1,0
U4328,2026-01-27,Mobile,4,0,2
U4328,2026-01-28,Mobile,4,0,2
U4329,2026-01-15,Mobile,4,0,0
U4329,2026-01-17,PC,3,1,2
U4329,2026-01-18,Mobile,2,0,0
U4329,2026-01-19,PC,2,0,0
U4329,2026-01-20,PC,5,1,2
U4329,2026-01-21,PC,2,0,1
U4329,2026-01-22,PC,2,0,0
U4329,2026-01-23,Mobile,2,0,1
U4329,2026-01-24,Mobile,3,0,2
U4329,2026-01-25,Mobile,4,0,2
U4329,2026-01-26,Mobile,2,1,1
U4329,2026-01-27,PC,2,0,1
U4329,2026-01-28,Mobile,5,0,2
U4330,2026-01-15,Mobile,1,0,0
U4330,2026-01-16,Mobile,4,2,1
U4330,2026-01-17,Mobile,3,2,0
U4330,2026-01-18,Mobile,1,0,0
U4330,2026-01-19,Mobile,3,0,1
U4330,2026-01-20,Mobile,4,0,1
U4330,2026-01-21,Mobile,2,0,1
U4330,2026-01-22,PC,4,2,1
U4330,2026-01-23,PC,2,0,0
U4330,2026-01-24,PC,4,2,0
U4330,2026-01-25,PC,4,0,0
U4330,2026-01-26,Mobile,4,2,2
U4330,2026-01-27,Mobile,1,0,0
U4330,2026-01-28,PC,2,0,0
U4331,2026-01-15,PC,5,4,0
U4331,2026-01-16,Mobile,2,0,0
U4331,2026-01-17,Mobile,5,1,0
U4331,2026-01-18,PC,5,0,0
U4331,2026-01-19,PC,4,1,0
U4331,2026-01-20,PC,1,0,0
U4331,2026-01-21,PC,1,0,0
U4331,2026-01-22,Mobile,3,0,0
U4331,2026-01-23,PC,1,0,0
U4331,2026-01-24,PC,3,1,2
U4331,2026-01-25,PC,4,1,0
U4331,2026-01-26,Mobile,1,0,1
U4331,2026-01-27,PC,5,2,1
U4332,2026-01-15,PC,4,0,0
U4332,2026-01-16,PC,1,0,0
U4332,2026-01-18,Mobile,1,0,0
U4332,2026-01-19,PC,5,1,0
U4332,2026-01-20,Mobile,4,0,1
U4332,2026-01-21,Mobile,2,0,0
U4332,2026-01-22,Mobile,5,1,2
U4332,2026-01-24,PC,1,0,0
U4332,2026-01-25,Mobile,5,0,0
U4332,2026-01-26,PC,1,0,0
U4332,2026-01-27,PC,1,0,1
U4332,2026-01-28,Mobile,3,0,2
U4333,2026-01-15,PC,1,0,1
U4333,2026-01-16,PC,3,1,2
U4333,2026-01-17,PC,3,1,1
U4333,2026-01-18,Mobile,5,1,1
U4333,2026-01-19,Mobile,4,2,2
U4333,2026-01-20,PC,3,0,0
U4333,2026-01-21,Mobile,2,0,0
U4333,2026-01-23,PC,5,0,2
U4333,2026-01-24,Mobile,5,0,0
U4333,2026-01-25,Mobile,4,1,2
U4333,2026-01-26,Mobile,5,4,1
U4333,2026-01-27,Mobile,5,2,1
U4333,2026-01-28,PC,3,1,0
U4334,2026-01-15,PC,3,0,3
U4334,2026-01-16,Mobile,2,0,0
U4334,2026-01-17,Mobile,3,0,2
U4334,2026-01-19,PC,4,0,0
U4334,2026-01-20,Mobile,3,1,1
U4334,2026-01-22,Mobile,5,1,1
U4334,2026-01-23,Mobile,5,1,4
U4334,2026-01-24,Mobile,1,0,1
U4334,2026-01-25,Mobile,3,0,2
U4334,2026-01-26,PC,1,1,0
U4334,2026-01-27,Mobile,1,0,0
U4334,2026-01-28,Mobile,3,1,1
U4335,2026-01-15,Mobile,2,0,0
U4335,2026-01-16,Mobile,1,0,0
U4335,2026-01-17,Mobile,3,0,1
U4335,2026-01-18,PC,5,0,1
U4335,2026-01-19,PC,5,0,1
U4335,2026-01-20,Mobile,3,0,1
U4335,2026-01-21,PC,1,0,1
U4335,2026-01-22,Mobile,4,0,0
U4335,2026-01-23,Mobile,2,0,0
U4335,2026-01-24,Mobile,1,1,0
U4335,2026-01-25,Mobile,2,0,0
U4335,2026-01-26,Mobile,1,0,1
U4335,2026-01-27,Mobile,4,0,0
U4335,2026-01-28,PC,2,0,0
U4336,2026-01-15,PC,5,5,0
U4336,2026-01-16,Mobile,5,1,1
U4336,2026-01-17,Mobile,1,0,0
U4336,2026-01-18,PC,4,2,1
U4336,2026-01-19,Mobile,4,1,0
U4336,2026-01-20,Mobile,4,2,0
U4336,2026-01-21,Mobile,4,2,1
U4336,2026-01-22,Mobile,3,1,2
U4336,2026-01-23,Mobile,4,0,0
U4336,2026-01-24,PC,3,2,0
U4336,2026-01-25,Mobile,4,1,1
U4336,2026-01-26,PC,4,1,0
U4336,2026-01-28,PC,4,3,0
U4337,2026-01-15,PC,1,0,1
U4337,2026-01-16,PC,2,1,0
U4337,2026-01-17,PC,2,0,1
U4337,2026-01-18,Mobile,4,2,1
U4337,2026-01-20,Mobile,1,0,0
U4337,2026-01-21,PC,5,2,2
U4337,2026-01-22,Mobile,3,0,2
U4337,2026-01-23,Mobile,4,2,0
U4337,2026-01-24,Mobile,2,1,1
U4337,2026-01-25,PC,2,1,1
U4337,2026-01-26,Mobile,1,0,0
U4337,2026-01-27,PC,5,1,1
U4337,2026-01-28,Mobile,2,2,0
U4338,2026-01-15,Mobile,3,2,0
U4338,2026-01-17,Mobile,2,1,0
U4338,2026-01-18,PC,5,1,0
U4338,2026-01-19,Mobile,4,0,2
U4338,2026-01-20,Mobile,1,1,0
U4338,2026-01-21,Mobile,5,0,0
U4338,2026-01-22,Mobile,4,1,2
U4338,2026-01-23,Mobile,3,0,2
U4338,2026-01-24,Mobile,4,0,1
U4338,2026-01-25,Mobile,5,0,0
U4338,2026-01-26,PC,1,1,0
U4338,2026-01-27,Mobile,5,2,1
U4338,2026-01-28,Mobile,1,0,0
U4339,2026-01-16,Mobile,5,0,3
U4339,2026-01-17,Mobile,3,0,1
U4339,2026-01-18,PC,5,3,2
U4339,2026-01-19,Mobile,4,1,1
U4339,2026-01-20,Mobile,4,1,2
U4339,2026-01-21,PC,2,0,0
U4339,2026-01-22,Mobile,3,0,1
U4339,2026-01-23,Mobile,3,1,0
U4339,2026-01-24,PC,5,1,2
U4339,2026-01-25,Mobile,3,0,2
U4339,2026-01-26,PC,5,1,2
U4339,2026-01-27,Mobile,5,2,2
U4339,2026-01-28,Mobile,4,0,3
U4340,2026-01-15,Mobile,4,0,1
U4340,2026-01-16,PC,1,0,0
U4340,2026-01-17,Mobile,4,0,1
U4340,2026-01-18,PC,4,0,0
U4340,2026-01-19,Mobile,2,0,1
U4340,2026-01-20,Mobile,3,0,3
U4340,2026-01-21,PC,2,1,1
U4340,2026-01-22,Mobile,3,0,0
U4340,2026-01-23,PC,4,0,0
U4340,2026-01-25,PC,5,1,0
U4340,2026-01-26,Mobile,4,3,1
U4340,2026-01-27,PC,2,1,0
U4340,2026-01-28,Mobile,2,0,0
U4341,2026-01-15,Mobile,3,0,1
U4341,2026-01-17,PC,2,0,2
U4341,2026-01-18,Mobile,4,0,2
U4341,2026-01-19,Mobile,4,0,3
U4341,2026-01-20,Mobile,3,0,0
U4341,2026-01-21,Mobile,3,0,0
U4341,2026-01-23,Mobile,2,0,2
U4341,2026-01-24,Mobile,2,0,2
U4341,2026-01-25,PC,1,0,0
U4341,2026-01-28,Mobile,5,0,1
U4342,2026-01-15,Mobile,2,0,0
U4342,2026-01-16,PC,2,0,0
U4342,2026-01-17,Mobile,5,0,5
U4342,2026-01-18,Mobile,5,0,0
U4342,2026-01-19,Mobile,3,2,1
U4342,2026-01-20,PC,3,0,2
U4342,2026-01-21,Mobile,1,1,0
U4342,2026-01-22,PC,3,0,1
U4342,2026-01-23,Mobile,2,1,1
U4342,2026-01-24,Mobile,3,0,3
U4342,2026-01-25,Mobile,5,0,0
U4342,2026-01-26,Mobile,1,0,0
U4342,2026-01-27,Mobile,2,2,0
U4342,2026-01-28,PC,1,0,1
U4343,2026-01-15,Mobile,5,1,1
U4343,2026-01-16,PC,1,0,1
U4343,2026-01-18,Mobile,4,1,1
U4343,2026-01-19,Mobile,2,0,0
U4343,2026-01-20,Mobile,5,0,1
U4343,2026-01-21,PC,2,0,1
U4343,2026-01-22,PC,3,0,0
U4343,2026-01-23,PC,2,0,0
U4343,2026-01-24,Mobile,3,0,2
U4343,2026-01-25,Mobile,3,0,0
U4343,2026-01-26,Mobile,3,0,1
U4343,2026-01-27,Mobile,1,0,0
U4343,2026-01-28,PC,3,0,1
U4344,2026-01-15,Mobile,4,0,1
U4344,2026-01-16,Mobile,3,0,0
U4344,2026-01-17,PC,3,0,0
U4344,2026-01-18,Mobile,1,0,0
U4344,2026-01-19,PC,4,1,0
U4344,2026-01-20,Mobile,2,0,2
U4344,2026-01-21,PC,5,1,4
U4344,2026-01-22,Mobile,1,0,1
U4344,2026-01-23,Mobile,5,0,2
U4344,2026-01-24,Mobile,5,0,1
U4344,2026-01-25,Mobile,2,1,1
U4344,2026-01-26,Mobile,1,0,0
U4344,2026-01-27,PC,1,0,0
U4344,2026-01-28,PC,1,0,0
U4345,2026-01-15,Mobile,2,1,0
U4345,2026-01-16,PC,5,1,0
U4345,2026-01-17,PC,5,1,1
U4345,2026-01-18,Mobile,3,0,0
U4345,2026-01-19,PC,4,1,0
U4345,2026-01-20,Mobile,4,0,1
U4345,2026-01-22,Mobile,1,0,0
U4345,2026-01-23,Mobile,3,1,1
U4345,2026-01-24,Mobile,5,2,2
U4345,2026-01-25,Mobile,3,2,0
U4345,2026-01-26,Mobile,3,1,1
U4345,2026-01-27,PC,5,1,3
U4345,2026-01-28,PC,3,1,1
U4346,2026-01-15,Mobile,2,1,1
U4346,2026-01-16,Mobile,1,0,0
U4346,2026-01-17,PC,2,0,0
U4346,2026-01-18,PC,2,0,2
U4346,2026-01-19,Mobile,5,0,1
U4346,2026-01-20,PC,1,0,0
U4346,2026-01-21,PC,3,0,2
U4346,2026-01-22,PC,5,2,1
U4346,2026-01-23,Mobile,1,0,0
U4346,2026-01-24,Mobile,1,1,0
U4346,2026-01-25,PC,2,0,0
U4346,2026-01-26,Mobile,2,1,1
U4346,2026-01-28,Mobile,3,0,0
U4347,2026-01-15,PC,3,1,0
U4347,2026-01-16,Mobile,4,1,1
U4347,2026-01-17,Mobile,4,0,1
U4347,2026-01-18,PC,1,1,0
U4347,2026-01-19,Mobile,1,0,0
U4347,2026-01-20,Mobile,2,0,2
U4347,2026-01-21,Mobile,3,1,1
U4347,2026-01-22,Mobile,3,1,0
U4347,2026-01-23,Mobile,3,0,3
U4347,2026-01-24,PC,5,0,0
U4347,2026-01-25,Mobile,5,0,0
U4347,2026-01-26,Mobile,1,1,0
U4347,2026-01-27,Mobile,2,0,1
U4348,2026-01-15,Mobile,3,1,1
U4348,2026-01-16,PC,2,1,1
U4348,2026-01-17,Mobile,4,4,0
U4348,2026-01-18,Mobile,5,1,1
U4348,2026-01-20,Mobile,4,1,0
U4348,2026-01-21,Mobile,2,1,1
U4348,2026-01-22,PC,1,0,0
U4348,2026-01-23,PC,3,1,0
U4348,2026-01-24,PC,1,0,0
U4348,2026-01-25,Mobile,4,0,1
U4348,2026-01-26,Mobile,5,2,0
U4348,2026-01-27,Mobile,2,0,0
U4348,2026-01-28,PC,3,0,0
U4349,2026-01-15,Mobile,5,2,1
U4349,2026-01-16,PC,2,0,0
U4349,2026-01-17,Mobile,2,0,1
U4349,2026-01-18,Mobile,3,2,0
U4349,2026-01-19,Mobile,1,0,0
U4349,2026-01-20,PC,4,0,3
U4349,2026-01-21,Mobile,4,1,2
U4349,2026-01-22,Mobile,1,0,1
U4349,2026-01-23,PC,1,1,0
U4349,2026-01-24,PC,4,1,1
U4349,2026-01-25,PC,3,0,0
U4349,2026-01-26,PC,1,1,0
U4349,2026-01-28,Mobile,1,0,1
U4350,2026-01-15,Mobile,1,0,0
U4350,2026-01-17,Mobile,3,0,0
U4350,2026-01-18,PC,5,0,2
U4350,2026-01-19,Mobile,1,0,0
U4350,2026-01-20,PC,2,0,1
U4350,2026-01-21,PC,1,0,0
U4350,2026-01-23,Mobile,4,0,1
U4350,2026-01-24,Mobile,5,1,0
U4350,2026-01-25,Mobile,5,0,0
U4350,2026-01-26,Mobile,1,0,1
U4350,2026-01-27,Mobile,5,1,4
U4351,2026-01-15,Mobile,5,2,1
U4351,2026-01-16,Mobile,4,1,3
U4351,2026-01-17,Mobile,4,0,0
U4351,2026-01-18,Mobile,3,1,2
U4351,2026-01-19,PC,5,1,0
U4351,2026-01-20,PC,3,0,0
U4351,2026-01-21,Mobile,1,0,1
U4351,2026-01-22,PC,5,1,4
U4351,2026-01-23,PC,4,1,1
U4351,2026-01-24,Mobile,3,2,0
U4351,2026-01-25,PC,1,0,0
U4351,2026-01-26,Mobile,5,1,1
U4351,2026-01-27,Mobile,2,0,1
U4351,2026-01-28,Mobile,1,0,1
U4352,2026-01-15,Mobile,1,0,0
U4352,2026-01-16,Mobile,3,2,1
U4352,2026-01-17,Mobile,3,2,0
U4352,2026-01-19,Mobile,4,2,0
U4352,2026-01-20,Mobile,5,2,1
U4352,2026-01-22,PC,4,1,2
U4352,2026-01-23,PC,2,0,0
U4352,2026-01-24,Mobile,1,0,0
U4352,2026-01-25,PC,2,0,0
U4352,2026-01-26,Mobile,3,2,1
U4352,2026-01-27,Mobile,2,0,1
U4352,2026-01-28,PC,1,0,0
U4353,2026-01-15,Mobile,5,0,1
U4353,2026-01-16,PC,2,1,1
U4353,2026-01-17,PC,2,1,1
U4353,2026-01-18,Mobile,5,0,0
U4353,2026-01-19,PC,1,0,0
U4353,2026-01-20,PC,2,0,1
U4353,2026-01-21,Mobile,2,1,0
U4353,2026-01-22,PC,3,1,2
U4353,2026-01-23,Mobile,2,1,1
U4353,2026-01-24,PC,1,1,0
U4353,2026-01-25,Mobile,3,0,0
U4353,2026-01-26,Mobile,2,0,2
U4353,2026-01-27,Mobile,2,1,1
U4353,2026-01-28,Mobile,1,0,0
U4354,2026-01-15,Mobile,2,0,2
U4354,2026-01-17,Mobile,5,2,3
U4354,2026-01-18,PC,1,0,1
U4354,2026-01-19,PC,2,0,1
U4354,2026-01-20,PC,1,0,1
U4354,2026-01-21,Mobile,1,0,0
U4354,2026-01-22,PC,1,0,1
U4354,2026-01-23,Mobile,2,0,1
U4354,2026-01-25,Mobile,3,0,0
U4354,2026-01-26,PC,3,0,2
U4354,2026-01-27,Mobile,2,0,0
U4354,2026-01-28,PC,2,1,1
U4355,2026-01-15,PC,4,1,1
U4355,2026-01-16,Mobile,4,0,2
U4355,2026-01-18,Mobile,5,1,0
U4355,2026-01-19,PC,4,0,0
U4355,2026-01-20,Mobile,1,0,1
U4355,2026-01-21,Mobile,1,0,1
U4355,2026-01-22,PC,1,0,0
U4355,2026-01-23,Mobile,1,0,1
U4355,2026-01-24,Mobile,5,1,2
U4355,2026-01-25,Mobile,5,3,1
U4355,2026-01-26,Mobile,4,2,2
U4355,2026-01-27,PC,1,1,0
U4355,2026-01-28,Mobile,4,0,2
U4356,2026-01-15,PC,2,0,1
U4356,2026-01-16,PC,2,0,0
U4356,2026-01-17,Mobile,3,1,0
U4356,2026-01-19,Mobile,2,0,2
U4356,2026-01-20,PC,2,0,2
U4356,2026-01-21,Mobile,2,0,0
U4356,2026-01-22,PC,1,0,0
U4356,2026-01-23,Mobile,2,0,0
U4356,2026-01-24,Mobile,1,0,1
U4356,2026-01-25,PC,3,0,3
U4356,2026-01-26,Mobile,4,0,1
U4356,2026-01-27,PC,5,0,2
U4356,2026-01-28,Mobile,3,0,1
U4357,2026-01-15,Mobile,2,0,1
U4357,2026-01-16,PC,3,0,2
U4357,2026-01-17,Mobile,4,1,1
U4357,2026-01-18,Mobile,2,0,0
U4357,2026-01-19,Mobile,5,1,2
U4357,2026-01-20,PC,1,1,0
U4357,2026-01-21,PC,1,0,0
U4357,2026-01-22,Mobile,4,3,1
U4357,2026-01-23,PC,2,1,1
U4357,2026-01-24,PC,3,1,0
U4357,2026-01-26,PC,2,0,0
U4357,2026-01-27,Mobile,4,1,1
U4357,2026-01-28,Mobile,3,1,0
U4358,2026-01-15,Mobile,5,0,3
U4358,2026-01-17,PC,4,2,2
U4358,2026-01-18,Mobile,1,0,0
U4358,2026-01-19,PC,1,0,1
U4358,2026-01-20,Mobile,5,0,0
U4358,2026-01-21,Mobile,5,0,0
U4358,2026-01-22,Mobile,1,0,1
U4358,2026-01-23,PC,2,1,0
U4358,2026-01-24,PC,3,0,0
U4358,2026-01-25,Mobile,4,3,0
U4358,2026-01-26,Mobile,1,1,0
U4358,2026-01-27,Mobile,4,4,0
U4358,2026-01-28,PC,5,1,2
U4359,2026-01-15,Mobile,2,0,0
U4359,2026-01-16,Mobile,3,1,0
U4359,2026-01-17,Mobile,5,0,0
U4359,2026-01-18,Mobile,1,0,1
U4359,2026-01-19,PC,2,0,1
U4359,2026-01-20,Mobile,3,1,2
U4359,2026-01-22,PC,4,0,1
U4359,2026-01-23,Mobile,3,0,0
U4359,2026-01-24,Mobile,1,1,0
U4359,2026-01-26,Mobile,5,1,3
U4359,2026-01-27,Mobile,3,0,2
U4359,2026-01-28,Mobile,3,0,1
U4360,2026-01-15,Mobile,4,1,3
U4360,2026-01-16,Mobile,2,0,0
U4360,2026-01-17,PC,4,0,0
U4360,2026-01-18,Mobile,1,0,1
U4360,2026-01-19,Mobile,5,1,3
U4360,2026-01-20,Mobile,3,0,0
U4360,2026-01-21,Mobile,5,0,4
U4360,2026-01-22,Mobile,2,0,0
U4360,2026-01-23,PC,5,1,3
U4360,2026-01-25,PC,1,0,1
U4360,2026-01-26,PC,5,0,0
U4360,2026-01-27,Mobile,1,0,1
U4360,2026-01-28,PC,4,0,0
U4361,2026-01-15,PC,5,0,1
U4361,2026-01-16,Mobile,1,1,0
U4361,2026-01-17,Mobile,3,0,1
U4361,2026-01-18,PC,1,0,1
U4361,2026-01-19,PC,5,1,1
U4361,2026-01-20,Mobile,1,0,0
U4361,2026-01-21,PC,1,1,0
U4361,2026-01-23,Mobile,1,1,0
U4361,2026-01-24,Mobile,4,4,0
U4361,2026-01-25,PC,1,1,0
U4361,2026-01-26,Mobile,5,3,1
U4361,2026-01-27,Mobile,4,0,0
U4361,2026-01-28,PC,4,0,0
U4362,2026-01-16,Mobile,4,0,0
U4362,2026-01-17,Mobile,5,1,2
U4362,2026-01-18,Mobile,1,0,1
U4362,2026-01-19,Mobile,4,0,1
U4362,2026-01-20,PC,4,0,2
U4362,2026-01-21,Mobile,5,0,1
U4362,2026-01-22,Mobile,4,0,0
U4362,2026-01-23,Mobile,3,0,1
U4362,2026-01-24,PC,5,2,1
U4362,2026-01-26,Mobile,2,1,0
U4362,2026-01-27,PC,5,0,0
U4362,2026-01-28,PC,3,0,2
U4363,2026-01-15,Mobile,1,0,0
U4363,2026-01-16,Mobile,3,1,0
U4363,2026-01-17,Mobile,2,0,2
U4363,2026-01-19,Mobile,1,0,0
U4363,2026-01-20,Mobile,3,1,1
U4363,2026-01-21,Mobile,2,2,0
U4363,2026-01-22,Mobile,4,2,2
U4363,2026-01-24,Mobile,3,2,1
U4363,2026-01-25,Mobile,4,1,0
U4363,2026-01-26,Mobile,3,1,1
U4363,2026-01-27,Mobile,1,0,0
U4363,2026-01-28,PC,3,0,1
U4364,2026-01-15,PC,5,0,1
U4364,2026-01-16,PC,2,1,1
U4364,2026-01-17,PC,2,2,0
U4364,2026-01-18,Mobile,2,0,1
U4364,2026-01-19,Mobile,3,0,1
U4364,2026-01-20,PC,5,2,2
U4364,2026-01-21,Mobile,2,1,1
U4364,2026-01-22,Mobile,4,2,1
U4364,2026-01-23,PC,5,1,0
U4364,2026-01-24,PC,2,2,0
U4364,2026-01-26,PC,5,2,2
U4364,2026-01-27,Mobile,4,2,2
U4364,2026-01-28,PC,2,0,0
U4365,2026-01-15,Mobile,5,1,4
U4365,2026-01-16,Mobile,4,0,2
U4365,2026-01-17,PC,2,1,0
U4365,2026-01-19,Mobile,2,0,0
U4365,2026-01-20,Mobile,4,0,0
U4365,2026-01-21,PC,4,2,2
U4365,2026-01-22,PC,4,0,0
U4365,2026-01-24,PC,1,0,1
U4365,2026-01-25,Mobile,5,0,0
U4365,2026-01-27,Mobile,3,0,0
U4365,2026-01-28,PC,4,0,1
U4366,2026-01-15,PC,5,3,2
U4366,2026-01-17,Mobile,5,0,0
U4366,2026-01-18,PC,5,0,5
U4366,2026-01-19,PC,5,0,1
U4366,2026-01-20,Mobile,2,0,0
U4366,2026-01-22,PC,5,4,0
U4366,2026-01-23,Mobile,2,0,2
U4366,2026-01-24,Mobile,5,1,1
U4366,2026-01-25,PC,4,0,1
U4366,2026-01-26,PC,2,1,0
U4366,2026-01-27,PC,3,0,0
U4366,2026-01-28,PC,3,2,1
U4367,2026-01-15,Mobile,5,0,4
U4367,2026-01-16,Mobile,3,1,2
U4367,2026-01-17,Mobile,4,0,0
U4367,2026-01-18,Mobile,3,0,1
U4367,2026-01-19,PC,5,0,5
U4367,2026-01-20,PC,5,0,2
U4367,2026-01-21,Mobile,4,1,2
U4367,2026-01-22,Mobile,3,1,0
U4367,2026-01-23,Mobile,3,0,1
U4367,2026-01-24,PC,2,0,0
U4367,2026-01-25,PC,2,1,1
U4367,2026-01-27,PC,4,0,1
U4367,2026-01-28,PC,3,0,2
U4368,2026-01-15,Mobile,1,0,0
U4368,2026-01-16,Mobile,1,1,0
U4368,2026-01-17,PC,4,0,0
U4368,2026-01-18,Mobile,1,1,0
U4368,2026-01-19,PC,2,2,0
U4368,2026-01-20,Mobile,2,0,0
U4368,2026-01-21,Mobile,2,2,0
U4368,2026-01-22,Mobile,3,0,0
U4368,2026-01-23,Mobile,2,1,1
U4368,2026-01-24,PC,5,1,2
U4368,2026-01-25,PC,3,1,2
U4368,2026-01-26,Mobile,2,0,0
U4368,2026-01-27,PC,1,0,0
U4368,2026-01-28,PC,3,0,0
U4369,2026-01-15,PC,2,0,0
U4369,2026-01-16,Mobile,4,0,1
U4369,2026-01-17,Mobile,3,1,0
U4369,2026-01-18,Mobile,2,0,0
U4369,2026-01-19,Mobile,2,0,1
U4369,2026-01-20,Mobile,1,0,1
U4369,2026-01-21,Mobile,3,0,0
U4369,2026-01-22,PC,1,0,0
U4369,2026-01-23,Mobile,3,1,2
U4369,2026-01-24,PC,2,0,0
U4369,2026-01-25,PC,4,0,2
U4369,2026-01-26,PC,1,0,0
U4369,2026-01-27,PC,5,0,4
U4369,2026-01-28,PC,1,0,1
U4370,2026-01-15,Mobile,5,1,2
U4370,2026-01-16,PC,4,0,2
U4370,2026-01-17,Mobile,2,1,0
U4370,2026-01-18,Mobile,5,0,0
U4370,2026-01-19,Mobile,5,0,0
U4370,2026-01-20,Mobile,1,0,0
U4370,2026-01-21,PC,2,0,0
U4370,2026-01-22,Mobile,3,2,0
U4370,2026-01-23,PC,5,2,2
U4370,2026-01-24,PC,4,0,0
U4370,2026-01-25,Mobile,5,1,1
U4370,2026-01-26,Mobile,4,1,3
U4370,2026-01-27,PC,2,0,0
U4370,2026-01-28,Mobile,3,0,0
U4371,2026-01-15,Mobile,4,1,0
U4371,2026-01-17,Mobile,1,1,0
U4371,2026-01-18,Mobile,2,1,1
U4371,2026-01-19,Mobile,2,1,1
U4371,2026-01-20,Mobile,5,0,1
U4371,2026-01-21,Mobile,5,2,2
U4371,2026-01-22,PC,2,0,0
U4371,2026-01-23,Mobile,3,0,0
U4371,2026-01-24,Mobile,4,2,0
U4371,2026-01-25,PC,5,0,1
U4371,2026-01-27,Mobile,5,3,0
U4371,2026-01-28,PC,2,1,1
U4372,2026-01-16,Mobile,1,1,0
U4372,2026-01-17,Mobile,5,0,2
U4372,2026-01-18,Mobile,4,1,2
U4372,2026-01-19,Mobile,3,0,0
U4372,2026-01-20,Mobile,2,1,1
U4372,2026-01-21,PC,5,1,4
U4372,2026-01-22,Mobile,5,0,5
U4372,2026-01-23,Mobile,3,0,0
U4372,2026-01-25,PC,1,0,0
U4372,2026-01-27,Mobile,5,1,4
U4372,2026-01-28,Mobile,2,0,0
U4373,2026-01-15,PC,3,1,1
U4373,2026-01-16,Mobile,3,1,0
U4373,2026-01-17,PC,4,1,0
U4373,2026-01-18,Mobile,4,1,0
U4373,2026-01-20,PC,1,1,0
U4373,2026-01-21,Mobile,4,2,0
U4373,2026-01-22,Mobile,1,1,0
U4373,2026-01-23,Mobile,1,0,0
U4373,2026-01-24,Mobile,2,0,0
U4373,2026-01-25,PC,5,3,1
U4373,2026-01-26,Mobile,2,1,1
U4373,2026-01-27,PC,5,2,0
U4373,2026-01-28,Mobile,4,1,0
U4374,2026-01-15,PC,1,0,0
U4374,2026-01-16,Mobile,5,1,1
U4374,2026-01-17,PC,2,1,1
U4374,2026-01-18,PC,5,0,5
U4374,2026-01-19,Mobile,2,0,2
U4374,2026-01-21,Mobile,2,0,0
U4374,2026-01-22,Mobile,5,1,2
U4374,2026-01-23,PC,1,0,0
U4374,2026-01-24,Mobile,2,0,1
U4374,2026-01-25,Mobile,3,0,2
U4374,2026-01-26,PC,2,0,0
U4374,2026-01-27,PC,1,0,0
U4374,2026-01-28,Mobile,5,3,0
U4375,2026-01-15,Mobile,4,2,1
U4375,2026-01-16,PC,3,1,1
U4375,2026-01-17,Mobile,5,2,3
U4375,2026-01-18,Mobile,3,0,1
U4375,2026-01-19,Mobile,3,1,0
U4375,2026-01-20,PC,2,0,0
U4375,2026-01-21,Mobile,2,0,0
U4375,2026-01-22,PC,4,1,2
U4375,2026-01-23,Mobile,1,0,1
U4375,2026-01-24,PC,4,1,0
U4375,2026-01-25,Mobile,3,1,2
U4375,2026-01-26,Mobile,4,2,1
U4375,2026-01-28,Mobile,4,0,0
U4376,2026-01-16,Mobile,5,0,2
U4376,2026-01-17,Mobile,4,2,2
U4376,2026-01-18,Mobile,5,0,4
U4376,2026-01-19,PC,1,0,0
U4376,2026-01-20,Mobile,4,0,2
U4376,2026-01-21,Mobile,1,0,0
U4376,2026-01-22,Mobile,3,0,0
U4376,2026-01-23,Mobile,4,0,4
U4376,2026-01-24,PC,1,0,0
U4376,2026-01-25,Mobile,2,0,2
U4376,2026-01-26,PC,2,1,0
U4376,2026-01-27,Mobile,2,1,1
U4376,2026-01-28,Mobile,1,0,0
U4377,2026-01-15,Mobile,3,1,2
U4377,2026-01-16,Mobile,2,0,2
U4377,2026-01-18,PC,2,1,1
U4377,2026-01-19,Mobile,1,0,0
U4377,2026-01-20,Mobile,1,0,0
U4377,2026-01-21,Mobile,4,0,1
U4377,2026-01-22,PC,1,0,0
U4377,2026-01-23,PC,2,0,2
U4377,2026-01-24,PC,4,1,2
U4377,2026-01-25,Mobile,4,0,0
U4377,2026-01-26,Mobile,1,0,0
U4377,2026-01-27,Mobile,5,0,2
U4377,2026-01-28,Mobile,5,0,3
U4378,2026-01-15,PC,2,2,0
U4378,2026-01-16,Mobile,4,0,4
U4378,2026-01-17,PC,5,3,1
U4378,2026-01-19,PC,2,1,0
U4378,2026-01-20,PC,1,0,1
U4378,2026-01-21,Mobile,5,1,3
U4378,2026-01-22,Mobile,5,0,3
U4378,2026-01-23,Mobile,1,0,0
U4378,2026-01-24,PC,3,1,0
U4378,2026-01-25,Mobile,4,1,1
U4378,2026-01-26,Mobile,2,0,0
U4378,2026-01-27,PC,2,0,0
U4378,2026-01-28,Mobile,1,0,0
U4379,2026-01-15,Mobile,1,0,0
U4379,2026-01-16,Mobile,4,3,1
U4379,2026-01-17,Mobile,3,0,0
U4379,2026-01-18,Mobile,1,1,0
U4379,2026-01-19,PC,4,0,0
U4379,2026-01-20,PC,1,0,0
U4379,2026-01-23,Mobile,1,1,0
U4379,2026-01-24,Mobile,2,0,1
U4379,2026-01-25,PC,1,0,1
U4379,2026-01-26,PC,5,1,1
U4379,2026-01-27,Mobile,2,0,0
U4380,2026-01-15,Mobile,4,1,0
U4380,2026-01-16,PC,3,0,0
U4380,2026-01-17,PC,4,2,1
U4380,2026-01-18,PC,4,3,0
U4380,2026-01-19,Mobile,2,1,0
U4380,2026-01-20,PC,4,1,1
U4380,2026-01-21,PC,3,2,1
U4380,2026-01-22,Mobile,5,0,1
U4380,2026-01-23,Mobile,5,2,3
U4380,2026-01-25,PC,3,2,0
U4380,2026-01-26,Mobile,1,1,0
U4380,2026-01-27,Mobile,2,0,0
U4380,2026-01-28,PC,5,2,3
U4381,2026-01-15,Mobile,3,1,1
U4381,2026-01-18,Mobile,4,1,3
U4381,2026-01-20,Mobile,4,1,3
U4381,2026-01-21,Mobile,3,0,1
U4381,2026-01-22,Mobile,4,0,4
U4381,2026-01-24,Mobile,4,1,1
U4381,2026-01-25,PC,4,1,0
U4381,2026-01-26,PC,4,0,2
U4381,2026-01-27,Mobile,1,0,1
U4381,2026-01-28,PC,4,0,0
U4382,2026-01-15,Mobile,1,0,1
U4382,2026-01-16,Mobile,4,0,1
U4382,2026-01-17,Mobile,3,1,0
U4382,2026-01-18,PC,4,1,0
U4382,2026-01-19,Mobile,3,0,2
U4382,2026-01-20,PC,5,2,2
U4382,2026-01-21,PC,3,0,2
U4382,2026-01-22,Mobile,4,0,0
U4382,2026-01-24,Mobile,2,0,0
U4382,2026-01-25,Mobile,5,1,0
U4382,2026-01-26,PC,2,2,0
U4382,2026-01-28,Mobile,1,1,0
U4383,2026-01-15,Mobile,1,0,0
U4383,2026-01-16,Mobile,4,0,0
U4383,2026-01-17,Mobile,4,0,2
U4383,2026-01-18,Mobile,5,1,0
U4383,2026-01-19,Mobile,3,1,2
U4383,2026-01-21,Mobile,4,0,0
U4383,2026-01-22,Mobile,2,0,2
U4383,2026-01-23,Mobile,3,0,0
U4383,2026-01-24,Mobile,3,0,1
U4383,2026-01-25,Mobile,2,0,1
U4383,2026-01-26,Mobile,2,1,0
U4383,2026-01-27,Mobile,3,1,1
U4383,2026-01-28,Mobile,3,1,2
U4384,2026-01-15,PC,3,3,0
U4384,2026-01-16,Mobile,4,1,0
U4384,2026-01-17,Mobile,5,0,0
U4384,2026-01-18,PC,5,0,0
U4384,2026-01-19,PC,1,1,0
U4384,2026-01-20,PC,1,1,0
U4384,2026-01-21,PC,2,0,1
U4384,2026-01-22,PC,5,2,1
U4384,2026-01-23,PC,5,1,0
U4384,2026-01-24,PC,5,0,2
U4384,2026-01-27,Mobile,3,2,0
U4384,2026-01-28,Mobile,5,0,0
U4385,2026-01-15,Mobile,2,1,1
U4385,2026-01-16,PC,3,0,1
U4385,2026-01-17,Mobile,2,0,0
U4385,2026-01-18,Mobile,2,1,1
U4385,2026-01-19,Mobile,3,1,2
U4385,2026-01-20,Mobile,2,2,0
U4385,2026-01-21,Mobile,2,0,2
U4385,2026-01-22,PC,1,0,0
U4385,2026-01-23,Mobile,3,1,2
U4385,2026-01-25,Mobile,3,0,2
U4385,2026-01-27,PC,1,0,0
U4385,2026-01-28,Mobile,3,0,0
U4386,2026-01-15,Mobile,3,0,0
U4386,2026-01-16,Mobile,4,0,2
U4386,2026-01-18,Mobile,3,0,3
U4386,2026-01-19,PC,4,0,0
U4386,2026-01-20,PC,1,0,1
U4386,2026-01-21,Mobile,5,0,2
U4386,2026-01-22,PC,2,0,1
U4386,2026-01-23,PC,3,0,0
U4386,2026-01-24,PC,2,0,0
U4386,2026-01-25,Mobile,1,0,1
U4386,2026-01-26,Mobile,1,0,1
U4386,2026-01-27,Mobile,3,1,1
U4387,2026-01-15,Mobile,3,0,1
U4387,2026-01-16,Mobile,3,0,0
U4387,2026-01-18,Mobile,2,0,0
U4387,2026-01-19,Mobile,2,1,0
U4387,2026-01-20,Mobile,4,3,0
U4387,2026-01-21,Mobile,1,0,1
U4387,2026-01-22,PC,5,1,2
U4387,2026-01-23,PC,5,1,0
U4387,2026-01-24,Mobile,3,1,2
U4387,2026-01-25,PC,5,2,1
U4387,2026-01-26,Mobile,3,1,2
U4387,2026-01-27,Mobile,3,1,1
U4387,2026-01-28,Mobile,4,1,1
U4388,2026-01-15,Mobile,5,2,2
U4388,2026-01-16,PC,1,0,1
U4388,2026-01-18,PC,1,0,0
U4388,2026-01-19,Mobile,3,2,0
U4388,2026-01-20,PC,2,1,1
U4388,2026-01-21,PC,3,1,0
U4388,2026-01-22,PC,2,0,0
U4388,2026-01-24,Mobile,3,2,1
U4388,2026-01-25,PC,1,0,0
U4388,2026-01-26,PC,2,1,0
U4388,2026-01-27,PC,4,0,1
U4388,2026-01-28,PC,3,0,1
U4389,2026-01-15,Mobile,2,0,2
U4389,2026-01-16,PC,3,1,2
U4389,2026-01-17,Mobile,3,1,1
U4389,2026-01-18,Mobile,4,1,0
U4389,2026-01-19,PC,1,1,0
U4389,2026-01-20,Mobile,3,1,2
U4389,2026-01-21,Mobile,2,0,1
U4389,2026-01-22,PC,2,0,1
U4389,2026-01-24,Mobile,1,1,0
U4389,2026-01-25,Mobile,1,0,0
U4389,2026-01-27,PC,1,0,1
U4389,2026-01-28,Mobile,3,2,1
U4390,2026-01-15,Mobile,1,0,0
U4390,2026-01-16,Mobile,5,0,1
U4390,2026-01-17,Mobile,5,1,1
U4390,2026-01-18,PC,2,1,1
U4390,2026-01-19,Mobile,2,0,0
U4390,2026-01-20,Mobile,2,1,1
U4390,2026-01-22,PC,2,1,1
U4390,2026-01-23,Mobile,1,1,0
U4390,2026-01-25,Mobile,5,2,0
U4390,2026-01-26,Mobile,5,1,0
U4390,2026-01-27,PC,2,0,1
U4390,2026-01-28,PC,5,0,2
U4391,2026-01-15,Mobile,1,0,1
U4391,2026-01-16,Mobile,2,1,1
U4391,2026-01-17,Mobile,3,1,2
U4391,2026-01-18,PC,3,0,2
U4391,2026-01-19,Mobile,3,0,2
U4391,2026-01-20,PC,2,0,0
U4391,2026-01-21,Mobile,3,0,1
U4391,2026-01-22,Mobile,3,0,0
U4391,2026-01-23,PC,4,0,0
U4391,2026-01-24,Mobile,4,0,0
U4391,2026-01-25,Mobile,1,0,1
U4391,2026-01-26,Mobile,3,0,0
U4391,2026-01-27,PC,2,0,2
U4391,2026-01-28,Mobile,3,1,2
U4392,2026-01-15,PC,3,0,2
U4392,2026-01-16,PC,3,0,1
U4392,2026-01-17,PC,1,1,0
U4392,2026-01-18,Mobile,3,0,0
U4392,2026-01-19,PC,1,1,0
U4392,2026-01-20,Mobile,1,0,0
U4392,2026-01-22,Mobile,5,0,0
U4392,2026-01-23,Mobile,3,0,3
U4392,2026-01-24,PC,3,0,0
U4392,2026-01-25,Mobile,2,1,0
U4392,2026-01-26,Mobile,2,0,0
U4392,2026-01-27,Mobile,2,2,0
U4392,2026-01-28,Mobile,5,0,2
U4393,2026-01-15,Mobile,1,0,0
U4393,2026-01-16,Mobile,1,0,0
U4393,2026-01-17,Mobile,3,0,1
U4393,2026-01-19,Mobile,3,1,2
U4393,2026-01-20,Mobile,3,0,3
U4393,2026-01-21,PC,2,0,2
U4393,2026-01-22,Mobile,3,0,0
U4393,2026-01-23,Mobile,5,1,4
U4393,2026-01-24,Mobile,2,0,2
U4393,2026-01-25,Mobile,3,0,1
U4393,2026-01-26,PC,4,0,4
U4393,2026-01-27,PC,3,0,2
U4393,2026-01-28,PC,2,2,0
U4394,2026-01-15,Mobile,5,3,2
U4394,2026-01-16,Mobile,3,1,1
U4394,2026-01-17,PC,3,0,1
U4394,2026-01-18,PC,4,4,0
U4394,2026-01-19,PC,2,0,0
U4394,2026-01-20,Mobile,5,0,0
U4394,2026-01-21,Mobile,3,0,1
U4394,2026-01-22,PC,2,0,0
U4394,2026-01-23,PC,3,0,1
U4394,2026-01-24,Mobile,3,1,0
U4394,2026-01-25,PC,4,1,0
U4394,2026-01-26,PC,1,1,0
U4394,2026-01-27,Mobile,3,1,1
U4394,2026-01-28,Mobile,1,0,0
U4395,2026-01-15,PC,4,2,2
U4395,2026-01-16,PC,3,2,0
U4395,2026-01-17,Mobile,2,0,0
U4395,2026-01-18,Mobile,5,3,2
U4395,2026-01-19,Mobile,4,0,4
U4395,2026-01-20,Mobile,3,0,1
U4395,2026-01-21,Mobile,2,0,0
U4395,2026-01-22,PC,2,0,2
U4395,2026-01-23,Mobile,3,0,2
U4395,2026-01-25,Mobile,4,1,2
U4395,2026-01-26,Mobile,4,1,2
U4395,2026-01-27,PC,4,0,1
U4395,2026-01-28,Mobile,5,0,0
U4396,2026-01-15,PC,3,0,0
U4396,2026-01-16,PC,2,1,0
U4396,2026-01-17,Mobile,5,3,0
U4396,2026-01-18,Mobile,5,2,3
U4396,2026-01-19,Mobile,4,1,1
U4396,2026-01-20,Mobile,2,1,0
U4396,2026-01-21,PC,5,0,1
U4396,2026-01-22,Mobile,3,0,0
U4396,2026-01-23,Mobile,3,1,0
U4396,2026-01-24,PC,5,0,0
U4396,2026-01-25,Mobile,1,0,1
U4396,2026-01-26,Mobile,3,0,1
U4396,2026-01-27,Mobile,4,1,2
U4396,2026-01-28,PC,5,0,0
U4397,2026-01-15,Mobile,2,0,2
U4397,2026-01-17,Mobile,5,1,0
U4397,2026-01-18,PC,5,0,3
U4397,2026-01-19,PC,3,0,3
U4397,2026-01-21,PC,2,0,1
U4397,2026-01-22,PC,5,0,0
U4397,2026-01-23,Mobile,3,0,2
U4397,2026-01-25,Mobile,1,0,0
U4397,2026-01-26,PC,2,1,1
U4397,2026-01-27,Mobile,1,0,1
U4397,2026-01-28,PC,3,1,1
U4398,2026-01-15,PC,3,0,1
U4398,2026-01-17,PC,4,3,1
U4398,2026-01-18,Mobile,3,1,1
U4398,2026-01-19,PC,3,2,0
U4398,2026-01-20,Mobile,5,0,0
U4398,2026-01-21,Mobile,5,0,1
U4398,2026-01-22,Mobile,4,1,1
U4398,2026-01-23,Mobile,5,1,0
U4398,2026-01-24,PC,4,0,4
U4398,2026-01-25,PC,3,0,3
U4398,2026-01-26,PC,3,0,0
U4398,2026-01-27,Mobile,5,0,0
U4398,2026-01-28,Mobile,5,2,1
U4399,2026-01-16,PC,2,0,1
U4399,2026-01-17,PC,1,0,1
U4399,2026-01-18,Mobile,2,0,1
U4399,2026-01-19,Mobile,2,0,0
U4399,2026-01-20,PC,1,0,0
U4399,2026-01-21,PC,5,0,2
U4399,2026-01-22,PC,4,1,1
U4399,2026-01-23,Mobile,2,1,0
U4399,2026-01-24,PC,5,0,2
U4399,2026-01-25,Mobile,1,0,0
U4399,2026-01-26,Mobile,2,1,0
U4399,2026-01-27,PC,3,0,1
U4400,2026-01-15,PC,1,1,0
U4400,2026-01-17,Mobile,5,0,1
U4400,2026-01-18,PC,3,1,1
U4400,2026-01-20,Mobile,4,3,1
U4400,2026-01-21,Mobile,3,1,2
U4400,2026-01-22,Mobile,2,0,1
U4400,2026-01-23,Mobile,3,1,0
U4400,2026-01-24,Mobile,1,0,0
U4400,2026-01-25,Mobile,4,3,0
U4400,2026-01-26,Mobile,4,1,3
U4400,2026-01-27,PC,2,1,1
U4400,2026-01-28,Mobile,1,0,0
U4401,2026-01-15,Mobile,4,0,0
U4401,2026-01-16,Mobile,1,0,1
U4401,2026-01-17,Mobile,3,0,1
U4401,2026-01-18,PC,2,1,1
U4401,2026-01-19,PC,2,0,0
U4401,2026-01-20,Mobile,4,1,0
U4401,2026-01-21,PC,4,2,2
U4401,2026-01-23,Mobile,3,1,1
U4401,2026-01-24,Mobile,4,1,0
U4401,2026-01-25,PC,1,0,0
U4401,2026-01-26,PC,3,1,0
U4401,2026-01-28,PC,2,0,0
U4402,2026-01-15,PC,2,0,1
U4402,2026-01-16,Mobile,2,0,1
U4402,2026-01-17,Mobile,3,0,2
U4402,2026-01-18,PC,1,0,0
U4402,2026-01-19,Mobile,3,0,0
U4402,2026-01-20,PC,3,0,1
U4402,2026-01-22,Mobile,4,1,2
U4402,2026-01-23,Mobile,5,1,2
U4402,2026-01-26,PC,3,0,2
U4402,2026-01-27,Mobile,2,1,0
U4403,2026-01-15,Mobile,3,1,2
U4403,2026-01-16,Mobile,2,0,1
U4403,2026-01-17,Mobile,2,0,2
U4403,2026-01-18,Mobile,5,0,0
U4403,2026-01-19,Mobile,1,0,0
U4403,2026-01-20,Mobile,1,0,0
U4403,2026-01-21,Mobile,2,1,1
U4403,2026-01-22,PC,4,0,0
U4403,2026-01-23,Mobile,3,2,1
U4403,2026-01-24,Mobile,1,0,0
U4403,2026-01-25,Mobile,5,1,0
U4403,2026-01-26,PC,3,0,0
U4403,2026-01-27,Mobile,3,1,1
U4403,2026-01-28,PC,3,0,0
U4404,2026-01-15,PC,1,1,0
U4404,2026-01-17,Mobile,2,0,0
U4404,2026-01-18,PC,2,1,1
U4404,2026-01-19,PC,1,0,0
U4404,2026-01-20,Mobile,5,0,0
U4404,2026-01-21,Mobile,3,1,1
U4404,2026-01-23,Mobile,3,0,0
U4404,2026-01-24,PC,1,0,1
U4404,2026-01-25,PC,1,0,1
U4404,2026-01-27,Mobile,3,0,0
U4404,2026-01-28,Mobile,4,1,1
U4405,2026-01-15,Mobile,5,1,3
U4405,2026-01-16,PC,5,1,4
U4405,2026-01-17,Mobile,2,0,2
U4405,2026-01-18,Mobile,2,0,0
U4405,2026-01-19,Mobile,2,0,0
U4405,2026-01-21,Mobile,1,1,0
U4405,2026-01-22,PC,3,0,1
U4405,2026-01-23,Mobile,2,0,1
U4405,2026-01-24,Mobile,3,0,0
U4405,2026-01-25,Mobile,2,0,0
U4405,2026-01-26,Mobile,1,0,1
U4405,2026-01-28,Mobile,5,0,2
U4406,2026-01-16,PC,1,0,0
U4406,2026-01-17,Mobile,1,1,0
U4406,2026-01-18,Mobile,1,0,0
U4406,2026-01-19,Mobile,4,1,1
U4406,2026-01-20,PC,1,0,0
U4406,2026-01-21,Mobile,4,2,1
U4406,2026-01-22,PC,3,0,1
U4406,2026-01-23,Mobile,1,0,0
U4406,2026-01-24,Mobile,2,1,0
U4406,2026-01-25,PC,3,0,3
U4406,2026-01-26,Mobile,3,2,0
U4406,2026-01-27,Mobile,5,0,0
U4407,2026-01-15,PC,1,0,1
U4407,2026-01-16,Mobile,5,1,0
U4407,2026-01-17,PC,4,1,3
U4407,2026-01-18,PC,2,0,0
U4407,2026-01-19,Mobile,2,0,1
U4407,2026-01-20,Mobile,4,1,2
U4407,2026-01-22,Mobile,2,0,0
U4407,2026-01-23,PC,1,1,0
U4407,2026-01-24,Mobile,5,0,1
U4407,2026-01-25,Mobile,5,0,1
U4407,2026-01-26,Mobile,3,2,0
U4407,2026-01-27,Mobile,2,1,0
U4407,2026-01-28,PC,5,0,1
U4408,2026-01-15,Mobile,4,0,1
U4408,2026-01-17,Mobile,3,1,2
U4408,2026-01-18,Mobile,4,1,0
U4408,2026-01-19,Mobile,2,1,1
U4408,2026-01-20,Mobile,2,1,0
U4408,2026-01-21,Mobile,5,2,2
U4408,2026-01-22,Mobile,3,0,2
U4408,2026-01-23,PC,4,0,1
U4408,2026-01-24,Mobile,5,4,1
U4408,2026-01-25,Mobile,5,2,2
U4408,2026-01-26,Mobile,2,0,1
U4408,2026-01-27,Mobile,3,3,0
U4408,2026-01-28,Mobile,3,2,1
U4409,2026-01-15,Mobile,2,0,1
U4409,2026-01-16,Mobile,3,0,0
U4409,2026-01-17,PC,2,0,2
U4409,2026-01-18,PC,1,1,0
U4409,2026-01-19,Mobile,2,1,1
U4409,2026-01-20,Mobile,3,1,2
U4409,2026-01-21,Mobile,3,0,1
U4409,2026-01-22,Mobile,4,0,3
U4409,2026-01-24,Mobile,5,0,1
U4409,2026-01-25,Mobile,5,0,5
U4409,2026-01-26,Mobile,4,1,0
U4409,2026-01-27,Mobile,3,2,1
U4409,2026-01-28,Mobile,4,1,2
U4410,2026-01-15,PC,3,2,0
U4410,2026-01-16,PC,3,0,0
U4410,2026-01-17,Mobile,5,0,2
U4410,2026-01-18,Mobile,5,2,3
U4410,2026-01-19,PC,5,0,0
U4410,2026-01-20,Mobile,2,1,1
U4410,2026-01-21,PC,1,0,0
U4410,2026-01-22,PC,4,2,2
U4410,2026-01-23,Mobile,5,1,3
U4410,2026-01-24,Mobile,2,0,1
U4410,2026-01-25,Mobile,3,1,0
U4410,2026-01-26,PC,5,2,0
U4410,2026-01-27,Mobile,5,1,0
U4410,2026-01-28,Mobile,3,2,1
U4411,2026-01-15,PC,4,1,1
U4411,2026-01-16,Mobile,4,1,1
U4411,2026-01-17,PC,3,0,1
U4411,2026-01-18,PC,2,0,1
U4411,2026-01-19,Mobile,1,0,0
U4411,2026-01-20,Mobile,2,0,0
U4411,2026-01-22,PC,3,0,0
U4411,2026-01-23,PC,4,0,3
U4411,2026-01-24,Mobile,5,0,0
U4411,2026-01-25,PC,1,1,0
U4411,2026-01-27,Mobile,3,0,1
U4412,2026-01-15,Mobile,2,1,0
U4412,2026-01-16,Mobile,4,2,2
U4412,2026-01-17,Mobile,4,0,0
U4412,2026-01-19,Mobile,3,0,1
U4412,2026-01-20,Mobile,1,0,0
U4412,2026-01-21,Mobile,5,3,1
U4412,2026-01-22,PC,2,0,2
U4412,2026-01-23,Mobile,3,0,0
U4412,2026-01-24,PC,2,1,0
U4412,2026-01-25,PC,3,1,1
U4412,2026-01-26,Mobile,2,1,0
U4412,2026-01-28,Mobile,5,2,3
U4413,2026-01-15,Mobile,4,0,2
U4413,2026-01-16,Mobile,5,0,0
U4413,2026-01-17,Mobile,5,1,1
U4413,2026-01-18,PC,3,0,0
U4413,2026-01-19,PC,3,0,3
U4413,2026-01-20,Mobile,3,0,1
U4413,2026-01-21,Mobile,5,0,1
U4413,2026-01-22,Mobile,2,0,0
U4413,2026-01-23,PC,2,0,1
U4413,2026-01-24,PC,3,0,3
U4413,2026-01-25,Mobile,3,0,1
U4413,2026-01-26,Mobile,3,0,0
U4413,2026-01-27,PC,3,1,2
U4413,2026-01-28,Mobile,2,0,0
U4414,2026-01-15,PC,3,0,0
U4414,2026-01-17,PC,2,0,0
U4414,2026-01-18,PC,5,3,2
U4414,2026-01-19,Mobile,1,0,1
U4414,2026-01-20,Mobile,2,0,0
U4414,2026-01-21,Mobile,4,2,2
U4414,2026-01-22,PC,3,2,1
U4414,2026-01-23,Mobile,1,0,0
U4414,2026-01-24,Mobile,1,1,0
U4414,2026-01-25,Mobile,2,0,0
U4414,2026-01-26,Mobile,1,0,1
U4414,2026-01-27,PC,2,0,0
U4414,2026-01-28,Mobile,5,1,1
U4415,2026-01-15,Mobile,3,1,1
U4415,2026-01-16,PC,3,1,2
U4415,2026-01-17,Mobile,2,0,1
U4415,2026-01-18,PC,3,0,0
U4415,2026-01-19,PC,1,0,1
U4415,2026-01-20,PC,3,0,0
U4415,2026-01-21,Mobile,2,0,0
U4415,2026-01-22,Mobile,3,1,1
U4415,2026-01-23,PC,1,0,0
U4415,2026-01-24,PC,4,0,0
U4415,2026-01-25,PC,5,2,3
U4415,2026-01-26,Mobile,5,3,0
U4415,2026-01-27,Mobile,2,1,0
U4415,2026-01-28,Mobile,4,0,1
U4416,2026-01-15,Mobile,2,1,0
U4416,2026-01-16,Mobile,2,1,0
U4416,2026-01-18,PC,2,0,0
U4416,2026-01-19,Mobile,3,0,0
U4416,2026-01-20,Mobile,5,2,3
U4416,2026-01-21,Mobile,1,0,0
U4416,2026-01-22,PC,2,0,0
U4416,2026-01-23,Mobile,2,1,1
U4416,2026-01-24,Mobile,1,0,1
U4416,2026-01-25,PC,5,0,2
U4416,2026-01-27,PC,1,0,0
U4416,2026-01-28,Mobile,1,1,0
U4417,2026-01-16,Mobile,2,0,0
U4417,2026-01-17,PC,1,0,0
U4417,2026-01-18,PC,1,0,1
U4417,2026-01-19,Mobile,3,0,0
U4417,2026-01-20,Mobile,3,0,1
U4417,2026-01-21,Mobile,1,0,1
U4417,2026-01-22,PC,1,1,0
U4417,2026-01-23,Mobile,1,1,0
U4417,2026-01-25,Mobile,4,3,0
U4417,2026-01-26,Mobile,3,0,1
U4417,2026-01-27,Mobile,5,0,4
U4417,2026-01-28,Mobile,4,2,1
U4418,2026-01-15,PC,3,0,0
U4418,2026-01-16,Mobile,5,0,2
U4418,2026-01-17,PC,4,1,1
U4418,2026-01-18,PC,1,0,0
U4418,2026-01-20,PC,4,0,0
U4418,2026-01-21,Mobile,2,0,0
U4418,2026-01-22,Mobile,5,0,5
U4418,2026-01-23,PC,2,1,1
U4418,2026-01-24,PC,4,0,2
U4418,2026-01-25,Mobile,3,0,3
U4418,2026-01-26,Mobile,3,0,1
U4418,2026-01-27,Mobile,5,0,2
U4418,2026-01-28,PC,4,0,1
U4419,2026-01-16,PC,3,0,3
U4419,2026-01-17,Mobile,1,0,1
U4419,2026-01-18,Mobile,1,0,0
U4419,2026-01-19,PC,3,1,1
U4419,2026-01-20,Mobile,1,0,0
U4419,2026-01-21,Mobile,2,0,0
U4419,2026-01-22,PC,5,0,5
U4419,2026-01-23,Mobile,3,1,0
U4419,2026-01-24,Mobile,3,0,1
U4419,2026-01-25,PC,2,1,0
U4419,2026-01-26,Mobile,2,1,1
U4419,2026-01-27,PC,1,0,1
U4419,2026-01-28,Mobile,3,0,0
U4420,2026-01-15,Mobile,2,2,0
U4420,2026-01-16,Mobile,3,1,0
U4420,2026-01-17,PC,4,2,0
U4420,2026-01-18,Mobile,3,1,1
U4420,2026-01-19,Mobile,2,0,0
U4420,2026-01-20,Mobile,5,0,1
U4420,2026-01-21,PC,2,2,0
U4420,2026-01-23,Mobile,5,1,1
U4420,2026-01-24,Mobile,5,2,1
U4420,2026-01-25,PC,5,0,3
U4420,2026-01-26,PC,2,2,0
U4420,2026-01-27,Mobile,1,1,0
U4420,2026-01-28,PC,3,0,1
U4421,2026-01-15,PC,4,2,2
U4421,2026-01-16,PC,2,0,0
U4421,2026-01-17,PC,5,1,2
U4421,2026-01-19,Mobile,2,1,0
U4421,2026-01-20,Mobile,4,2,0
U4421,2026-01-21,PC,5,1,0
U4421,2026-01-23,PC,5,1,2
U4421,2026-01-25,Mobile,3,1,0
U4421,2026-01-26,PC,3,0,3
U4422,2026-01-15,PC,5,1,0
U4422,2026-01-16,PC,5,0,0
U4422,2026-01-17,PC,1,0,0
U4422,2026-01-18,PC,4,1,0
U4422,2026-01-19,PC,1,0,0
U4422,2026-01-20,Mobile,1,0,1
U4422,2026-01-22,PC,5,2,2
U4422,2026-01-23,Mobile,4,1,0
U4422,2026-01-24,Mobile,1,1,0
U4422,2026-01-25,Mobile,5,2,1
U4422,2026-01-26,PC,4,0,1
U4422,2026-01-27,Mobile,5,3,1
U4422,2026-01-28,Mobile,5,2,1
U4423,2026-01-15,Mobile,1,0,0
U4423,2026-01-16,Mobile,4,3,1
U4423,2026-01-17,Mobile,4,0,3
U4423,2026-01-18,PC,3,0,1
U4423,2026-01-19,PC,3,1,2
U4423,2026-01-20,Mobile,5,1,2
U4423,2026-01-21,Mobile,3,0,1
U4423,2026-01-22,PC,2,1,0
U4423,2026-01-23,PC,1,0,1
U4423,2026-01-25,PC,3,0,1
U4423,2026-01-26,PC,5,0,1
U4423,2026-01-27,Mobile,3,0,3
U4423,2026-01-28,PC,5,0,2
U4424,2026-01-15,PC,3,1,2
U4424,2026-01-16,PC,5,1,0
U4424,2026-01-17,Mobile,1,0,0
U4424,2026-01-18,Mobile,1,0,0
U4424,2026-01-19,PC,4,0,3
U4424,2026-01-20,Mobile,3,0,0
U4424,2026-01-21,Mobile,5,0,1
U4424,2026-01-22,PC,5,0,1
U4424,2026-01-23,PC,3,1,2
U4424,2026-01-24,Mobile,5,2,3
U4424,2026-01-25,Mobile,4,1,0
U4424,2026-01-26,PC,4,1,1
U4424,2026-01-27,Mobile,2,0,2
U4424,2026-01-28,Mobile,1,0,0
U4425,2026-01-15,Mobile,2,0,0
U4425,2026-01-16,PC,5,1,1
U4425,2026-01-18,PC,1,0,0
U4425,2026-01-19,PC,5,0,2
U4425,2026-01-20,PC,4,0,2
U4425,2026-01-21,Mobile,3,0,0
U4425,2026-01-22,Mobile,1,0,1
U4425,2026-01-23,PC,4,0,3
U4425,2026-01-25,PC,1,0,0
U4425,2026-01-27,PC,1,0,0
U4426,2026-01-15,PC,1,1,0
U4426,2026-01-16,Mobile,1,0,1
U4426,2026-01-17,Mobile,3,1,0
U4426,2026-01-19,PC,3,0,0
U4426,2026-01-20,Mobile,3,0,2
U4426,2026-01-21,PC,1,0,0
U4426,2026-01-22,PC,1,0,0
U4426,2026-01-23,Mobile,2,0,1
U4426,2026-01-24,PC,4,0,0
U4426,2026-01-25,Mobile,4,0,3
U4426,2026-01-26,PC,2,1,1
U4426,2026-01-27,Mobile,1,0,0
U4426,2026-01-28,PC,4,0,0
U4427,2026-01-15,Mobile,4,1,3
U4427,2026-01-16,Mobile,2,1,0
U4427,2026-01-17,Mobile,2,0,0
U4427,2026-01-18,Mobile,4,0,0
U4427,2026-01-20,PC,5,1,2
U4427,2026-01-21,Mobile,4,1,1
U4427,2026-01-22,Mobile,5,1,3
U4427,2026-01-23,Mobile,5,0,3
U4427,2026-01-24,PC,1,0,1
U4427,2026-01-25,PC,2,0,2
U4427,2026-01-26,Mobile,4,3,1
U4427,2026-01-27,PC,2,0,2
U4427,2026-01-28,Mobile,4,0,1
U4428,2026-01-16,PC,5,0,0
U4428,2026-01-17,Mobile,2,0,0
U4428,2026-01-18,PC,3,0,1
U4428,2026-01-19,Mobile,1,1,0
U4428,2026-01-20,Mobile,3,1,0
U4428,2026-01-21,Mobile,4,1,0
U4428,2026-01-22,Mobile,4,1,0
U4428,2026-01-23,Mobile,2,0,0
U4428,2026-01-24,Mobile,5,2,1
U4428,2026-01-25,PC,2,1,1
U4428,2026-01-27,Mobile,4,1,1
U4428,2026-01-28,Mobile,4,0,0
U4429,2026-01-15,PC,2,0,0
U4429,2026-01-16,PC,4,3,1
U4429,2026-01-17,Mobile,1,0,0
U4429,2026-01-18,PC,2,1,0
U4429,2026-01-19,Mobile,4,2,2
U4429,2026-01-20,PC,2,1,1
U4429,2026-01-21,Mobile,5,0,0
U4429,2026-01-22,Mobile,3,2,1
U4429,2026-01-23,Mobile,2,0,0
U4429,2026-01-24,PC,2,2,0
U4429,2026-01-25,PC,3,0,0
U4429,2026-01-26,PC,5,0,0
U4429,2026-01-28,PC,3,0,0
U4430,2026-01-15,Mobile,3,0,2
U4430,2026-01-16,PC,1,0,0
U4430,2026-01-17,PC,4,0,3
U4430,2026-01-18,Mobile,3,0,0
U4430,2026-01-19,Mobile,2,0,0
U4430,2026-01-20,Mobile,2,0,0
U4430,2026-01-21,PC,1,0,0
U4430,2026-01-22,Mobile,5,0,2
U4430,2026-01-23,Mobile,5,1,4
U4430,2026-01-24,Mobile,2,0,0
U4430,2026-01-25,PC,4,0,2
U4430,2026-01-26,PC,3,0,1
U4430,2026-01-27,Mobile,4,0,2
U4430,2026-01-28,Mobile,5,0,1
U4431,2026-01-15,PC,1,1,0
U4431,2026-01-16,Mobile,2,0,1
U4431,2026-01-17,Mobile,1,0,0
U4431,2026-01-18,Mobile,2,1,1
U4431,2026-01-19,Mobile,3,2,1
U4431,2026-01-21,PC,5,0,2
U4431,2026-01-22,Mobile,3,0,0
U4431,2026-01-23,Mobile,2,0,2
U4431,2026-01-24,PC,5,1,3
U4431,2026-01-26,Mobile,3,2,0
U4431,2026-01-27,Mobile,1,0,1
U4431,2026-01-28,Mobile,4,1,1
U4432,2026-01-15,PC,3,0,3
U4432,2026-01-16,Mobile,1,0,0
U4432,2026-01-18,PC,4,2,2
U4432,2026-01-19,PC,1,1,0
U4432,2026-01-20,PC,3,0,2
U4432,2026-01-21,PC,5,3,1
U4432,2026-01-22,Mobile,1,1,0
U4432,2026-01-23,Mobile,5,2,0
U4432,2026-01-24,PC,2,1,0
U4432,2026-01-25,PC,4,0,1
U4432,2026-01-26,Mobile,3,0,0
U4432,2026-01-27,Mobile,4,1,0
U4432,2026-01-28,Mobile,3,2,1
U4433,2026-01-15,Mobile,1,0,1
U4433,2026-01-17,Mobile,5,1,2
U4433,2026-01-19,PC,3,0,1
U4433,2026-01-21,Mobile,3,2,1
U4433,2026-01-23,PC,1,1,0
U4433,2026-01-24,Mobile,1,0,0
U4433,2026-01-25,Mobile,3,0,0
U4433,2026-01-27,Mobile,3,0,0
U4433,2026-01-28,Mobile,2,1,1
U4434,2026-01-15,PC,4,0,0
U4434,2026-01-16,PC,4,1,3
U4434,2026-01-17,PC,1,0,0
U4434,2026-01-18,Mobile,3,0,1
U4434,2026-01-19,Mobile,3,1,2
U4434,2026-01-20,PC,3,0,0
U4434,2026-01-21,PC,5,0,1
U4434,2026-01-22,Mobile,5,0,3
U4434,2026-01-23,Mobile,5,0,0
U4434,2026-01-24,Mobile,5,1,4
U4434,2026-01-25,PC,4,0,0
U4434,2026-01-26,PC,1,0,1
U4434,2026-01-27,Mobile,2,0,0
U4434,2026-01-28,Mobile,5,1,3
U4435,2026-01-15,Mobile,4,1,3
U4435,2026-01-16,Mobile,5,0,5
U4435,2026-01-17,PC,2,1,1
U4435,2026-01-18,Mobile,3,1,1
U4435,2026-01-19,PC,1,1,0
U4435,2026-01-20,Mobile,3,0,1
U4435,2026-01-21,PC,3,1,1
U4435,2026-01-22,Mobile,5,2,1
U4435,2026-01-23,Mobile,1,0,1
U4435,2026-01-24,Mobile,5,2,3
U4435,2026-01-25,Mobile,5,4,1
U4435,2026-01-26,Mobile,4,0,4
U4435,2026-01-27,PC,1,0,0
U4435,2026-01-28,Mobile,5,0,1
U4436,2026-01-16,Mobile,5,1,0
U4436,2026-01-17,PC,3,0,0
U4436,2026-01-18,Mobile,3,1,0
U4436,2026-01-19,PC,2,1,0
U4436,2026-01-20,PC,1,0,1
U4436,2026-01-21,Mobile,1,0,0
U4436,2026-01-22,Mobile,4,1,1
U4436,2026-01-23,PC,3,2,1
U4436,2026-01-24,Mobile,4,1,2
U4436,2026-01-25,Mobile,1,1,0
U4436,2026-01-26,Mobile,5,1,3
U4436,2026-01-27,PC,1,0,0
U4436,2026-01-28,PC,5,1,0
U4437,2026-01-15,PC,5,0,0
U4437,2026-01-16,PC,1,1,0
U4437,2026-01-17,PC,2,1,0
U4437,2026-01-18,PC,3,1,1
U4437,2026-01-19,Mobile,3,2,0
U4437,2026-01-20,Mobile,4,0,1
U4437,2026-01-21,PC,2,1,1
U4437,2026-01-22,Mobile,5,0,1
U4437,2026-01-23,PC,4,0,0
U4437,2026-01-24,Mobile,5,0,0
U4437,2026-01-25,PC,1,0,0
U4437,2026-01-26,PC,2,0,0
U4437,2026-01-27,PC,4,1,2
U4438,2026-01-15,Mobile,5,1,2
U4438,2026-01-17,PC,2,0,0
U4438,2026-01-18,PC,4,0,1
U4438,2026-01-19,Mobile,1,0,1
U4438,2026-01-20,PC,4,0,1
U4438,2026-01-21,PC,4,0,0
U4438,2026-01-23,Mobile,2,0,2
U4438,2026-01-25,PC,4,1,2
U4438,2026-01-26,PC,3,0,0
U4438,2026-01-27,PC,5,0,3
U4438,2026-01-28,Mobile,4,0,0
U4439,2026-01-15,Mobile,1,0,0
U4439,2026-01-16,PC,2,0,1
U4439,2026-01-17,PC,4,0,1
U4439,2026-01-18,PC,1,0,0
U4439,2026-01-19,PC,3,0,1
U4439,2026-01-20,Mobile,3,1,0
U4439,2026-01-21,Mobile,5,0,0
U4439,2026-01-23,PC,1,0,1
U4439,2026-01-24,Mobile,3,0,1
U4439,2026-01-25,PC,2,0,0
U4439,2026-01-26,Mobile,5,1,1
U4439,2026-01-27,Mobile,2,0,0
U4439,2026-01-28,Mobile,2,0,0
U4440,2026-01-15,Mobile,2,0,2
U4440,2026-01-16,Mobile,1,0,0
U4440,2026-01-17,PC,1,0,0
U4440,2026-01-18,PC,4,1,2
U4440,2026-01-19,PC,3,1,0
U4440,2026-01-21,Mobile,5,1,2
U4440,2026-01-22,PC,2,0,0
U4440,2026-01-23,Mobile,5,0,3
U4440,2026-01-24,PC,2,1,0
U4440,2026-01-25,Mobile,1,1,0
U4440,2026-01-26,Mobile,2,1,1
U4440,2026-01-27,Mobile,4,0,0
U4441,2026-01-15,PC,5,1,1
U4441,2026-01-16,PC,5,0,5
U4441,2026-01-17,Mobile,4,0,3
U4441,2026-01-18,Mobile,1,0,1
U4441,2026-01-20,Mobile,1,0,1
U4441,2026-01-21,Mobile,4,0,1
U4441,2026-01-22,PC,3,0,3
U4441,2026-01-23,Mobile,1,0,0
U4441,2026-01-24,Mobile,1,0,1
U4441,2026-01-26,PC,4,0,0
U4441,2026-01-27,Mobile,4,0,4
U4441,2026-01-28,PC,5,1,4
U4442,2026-01-15,Mobile,2,0,1
U4442,2026-01-16,Mobile,5,0,1
U4442,2026-01-17,Mobile,1,0,0
U4442,2026-01-18,PC,2,1,0
U4442,2026-01-19,PC,1,0,0
U4442,2026-01-20,PC,3,2,0
U4442,2026-01-21,PC,1,0,0
U4442,2026-01-23,Mobile,2,0,0
U4442,2026-01-24,PC,1,1,0
U4442,2026-01-25,Mobile,3,1,0
U4442,2026-01-26,Mobile,2,0,0
U4442,2026-01-28,PC,3,1,1
U4443,2026-01-15,Mobile,4,0,1
U4443,2026-01-16,Mobile,5,2,2
U4443,2026-01-17,Mobile,4,1,1
U4443,2026-01-18,Mobile,5,4,1
U4443,2026-01-19,PC,1,0,0
U4443,2026-01-21,Mobile,3,0,0
U4443,2026-01-22,Mobile,4,0,1
U4443,2026-01-23,PC,1,0,0
U4443,2026-01-24,PC,1,1,0
U4443,2026-01-25,Mobile,3,1,0
U4443,2026-01-27,PC,4,1,0
U4443,2026-01-28,Mobile,4,1,1
U4444,2026-01-15,PC,5,3,1
U4444,2026-01-16,PC,4,0,1
U4444,2026-01-17,Mobile,2,0,1
U4444,2026-01-18,Mobile,3,1,1
U4444,2026-01-19,PC,3,0,1
U4444,2026-01-20,PC,5,2,3
U4444,2026-01-21,PC,1,1,0
U4444,2026-01-22,Mobile,4,0,4
U4444,2026-01-23,PC,4,0,1
U4444,2026-01-24,Mobile,1,0,1
U4444,2026-01-25,PC,2,0,1
U4444,2026-01-26,Mobile,1,0,0
U4444,2026-01-27,PC,5,1,4
U4444,2026-01-28,Mobile,5,0,0
U4445,2026-01-15,PC,1,1,0
U4445,2026-01-17,Mobile,3,1,1
U4445,2026-01-18,Mobile,5,3,1
U4445,2026-01-19,Mobile,1,0,0
U4445,2026-01-20,PC,5,1,2
U4445,2026-01-21,PC,4,0,0
U4445,2026-01-22,PC,3,1,0
U4445,2026-01-24,Mobile,2,0,0
U4445,2026-01-26,PC,2,1,0
U4445,2026-01-27,Mobile,3,3,0
U4445,2026-01-28,PC,4,1,1
U4446,2026-01-15,Mobile,4,2,0
U4446,2026-01-16,Mobile,1,0,0
U4446,2026-01-17,PC,5,1,3
U4446,2026-01-18,Mobile,3,2,1
U4446,2026-01-19,PC,1,1,0
U4446,2026-01-20,PC,3,0,0
U4446,2026-01-21,Mobile,1,1,0
U4446,2026-01-22,Mobile,2,1,0
U4446,2026-01-23,Mobile,3,3,0
U4446,2026-01-24,PC,1,0,0
U4446,2026-01-25,PC,2,1,1
U4446,2026-01-26,Mobile,4,2,2
U4446,2026-01-27,Mobile,3,0,3
U4446,2026-01-28,Mobile,5,2,1
U4447,2026-01-15,Mobile,4,1,3
U4447,2026-01-16,PC,1,0,0
U4447,2026-01-17,Mobile,1,1,0
U4447,2026-01-18,Mobile,4,0,2
U4447,2026-01-19,Mobile,1,0,1
U4447,2026-01-20,Mobile,4,3,1
U4447,2026-01-21,Mobile,5,3,2
U4447,2026-01-22,PC,4,0,1
U4447,2026-01-23,Mobile,2,0,1
U4447,2026-01-24,Mobile,1,0,0
U4447,2026-01-25,Mobile,5,0,0
U4448,2026-01-16,PC,4,2,0
U4448,2026-01-17,PC,1,0,0
U4448,2026-01-18,Mobile,1,0,0
U4448,2026-01-19,Mobile,3,3,0
U4448,2026-01-20,PC,2,1,1
U4448,2026-01-21,PC,5,1,1
U4448,2026-01-22,Mobile,4,2,0
U4448,2026-01-23,Mobile,4,1,1
U4448,2026-01-24,Mobile,3,1,1
U4448,2026-01-25,PC,4,2,0
U4448,2026-01-27,Mobile,3,3,0
U4448,2026-01-28,PC,5,2,1
U4449,2026-01-15,Mobile,1,1,0
U4449,2026-01-16,Mobile,2,1,0
U4449,2026-01-17,Mobile,1,0,0
U4449,2026-01-18,Mobile,5,1,0
U4449,2026-01-19,PC,5,1,0
U4449,2026-01-20,PC,5,1,2
U4449,2026-01-21,Mobile,2,1,1
U4449,2026-01-22,PC,2,0,0
U4449,2026-01-23,Mobile,2,0,2
U4449,2026-01-24,Mobile,1,1,0
U4449,2026-01-25,PC,1,0,0
U4449,2026-01-26,Mobile,1,0,1
U4449,2026-01-27,Mobile,2,1,1
U4449,2026-01-28,PC,2,1,0
U4450,2026-01-15,Mobile,2,0,0
U4450,2026-01-16,PC,4,0,0
U4450,2026-01-17,Mobile,3,0,3
U4450,2026-01-18,Mobile,2,0,1
U4450,2026-01-19,Mobile,5,0,3
U4450,2026-01-20,Mobile,5,0,3
U4450,2026-01-22,Mobile,1,1,0
U4450,2026-01-23,PC,2,0,1
U4450,2026-01-24,Mobile,2,0,0
U4450,2026-01-25,Mobile,1,0,0
U4450,2026-01-26,Mobile,1,0,1
U4450,2026-01-27,PC,1,0,1
U4450,2026-01-28,PC,3,0,0
U4451,2026-01-15,Mobile,4,1,0
U4451,2026-01-16,PC,3,0,1
U4451,2026-01-17,PC,1,0,1
U4451,2026-01-18,Mobile,1,0,0
U4451,2026-01-19,PC,1,0,0
U4451,2026-01-20,Mobile,5,0,1
U4451,2026-01-21,PC,3,0,3
U4451,2026-01-22,Mobile,1,0,0
U4451,2026-01-23,Mobile,2,0,2
U4451,2026-01-24,PC,1,0,0
U4451,2026-01-25,Mobile,3,0,3
U4451,2026-01-26,Mobile,3,1,1
U4451,2026-01-27,Mobile,1,0,0
U4451,2026-01-28,Mobile,5,0,0
U4452,2026-01-15,Mobile,1,0,1
U4452,2026-01-16,Mobile,3,3,0
U4452,2026-01-17,PC,4,4,0
U4452,2026-01-18,Mobile,2,0,0
U4452,2026-01-20,Mobile,1,0,0
U4452,2026-01-22,Mobile,1,1,0
U4452,2026-01-23,PC,5,2,2
U4452,2026-01-24,PC,3,2,0
U4452,2026-01-25,Mobile,5,3,2
U4452,2026-01-27,PC,5,0,0
U4452,2026-01-28,Mobile,2,0,0
U4453,2026-01-15,Mobile,3,0,1
U4453,2026-01-16,Mobile,5,0,0
U4453,2026-01-17,Mobile,2,0,0
U4453,2026-01-18,PC,2,0,2
U4453,2026-01-19,Mobile,3,1,2
U4453,2026-01-21,PC,5,2,0
U4453,2026-01-22,Mobile,5,0,1
U4453,2026-01-23,Mobile,4,2,2
U4453,2026-01-24,Mobile,2,1,0
U4453,2026-01-25,Mobile,4,3,1
U4453,2026-01-26,Mobile,4,2,2
U4453,2026-01-27,PC,4,3,0
U4453,2026-01-28,PC,5,2,2
U4454,2026-01-15,PC,1,0,0
U4454,2026-01-16,Mobile,5,2,0
U4454,2026-01-17,PC,4,0,2
U4454,2026-01-18,PC,1,0,0
U4454,2026-01-19,PC,5,1,0
U4454,2026-01-20,Mobile,2,1,0
U4454,2026-01-21,PC,3,2,1
U4454,2026-01-22,Mobile,5,1,3
U4454,2026-01-23,Mobile,4,2,0
U4454,2026-01-24,PC,1,0,0
U4454,2026-01-26,Mobile,2,0,0
U4454,2026-01-27,PC,5,1,1
U4454,2026-01-28,Mobile,1,1,0
U4455,2026-01-15,Mobile,4,1,1
U4455,2026-01-17,PC,5,0,3
U4455,2026-01-18,Mobile,5,0,1
U4455,2026-01-19,Mobile,3,0,3
U4455,2026-01-20,Mobile,4,0,1
U4455,2026-01-21,Mobile,5,1,1
U4455,2026-01-22,Mobile,3,0,2
U4455,2026-01-23,PC,1,0,1
U4455,2026-01-24,Mobile,3,0,3
U4455,2026-01-25,Mobile,2,0,2
U4455,2026-01-27,PC,1,0,0
U4455,2026-01-28,Mobile,1,0,0
U4456,2026-01-16,Mobile,3,0,0
U4456,2026-01-17,Mobile,4,0,1
U4456,2026-01-18,Mobile,1,0,0
U4456,2026-01-19,PC,3,0,0
U4456,2026-01-20,PC,2,0,0
U4456,2026-01-21,PC,4,0,0
U4456,2026-01-22,Mobile,5,1,0
U4456,2026-01-23,Mobile,2,0,1
U4456,2026-01-24,Mobile,2,0,0
U4456,2026-01-25,Mobile,5,2,0
U4456,2026-01-26,Mobile,3,0,1
U4456,2026-01-27,PC,2,1,0
U4456,2026-01-28,PC,3,0,2
U4457,2026-01-15,Mobile,1,0,1
U4457,2026-01-17,Mobile,3,0,3
U4457,2026-01-19,Mobile,2,0,2
U4457,2026-01-20,PC,2,2,0
U4457,2026-01-21,Mobile,3,1,2
U4457,2026-01-23,PC,4,0,2
U4457,2026-01-24,PC,2,0,0
U4457,2026-01-25,Mobile,2,0,1
U4457,2026-01-26,Mobile,1,1,0
U4457,2026-01-27,PC,1,0,0
U4457,2026-01-28,PC,5,0,3
U4458,2026-01-15,PC,4,1,3
U4458,2026-01-16,Mobile,4,0,0
U4458,2026-01-17,Mobile,5,1,3
U4458,2026-01-18,PC,1,0,1
U4458,2026-01-19,Mobile,2,0,2
U4458,2026-01-20,Mobile,5,0,0
U4458,2026-01-21,PC,5,1,1
U4458,2026-01-22,Mobile,3,2,1
U4458,2026-01-23,Mobile,3,0,0
U4458,2026-01-24,Mobile,2,1,1
U4458,2026-01-25,Mobile,2,1,1
U4458,2026-01-26,Mobile,3,1,1
U4458,2026-01-27,PC,3,1,2
U4458,2026-01-28,Mobile,5,0,0
U4459,2026-01-15,Mobile,3,0,0
U4459,2026-01-16,Mobile,2,0,1
U4459,2026-01-17,Mobile,5,0,2
U4459,2026-01-18,Mobile,4,1,0
U4459,2026-01-19,PC,1,0,0
U4459,2026-01-20,Mobile,2,0,0
U4459,2026-01-21,PC,2,0,0
U4459,2026-01-23,PC,4,0,3
U4459,2026-01-24,Mobile,3,0,1
U4459,2026-01-25,Mobile,5,0,0
U4459,2026-01-26,PC,3,1,2
U4459,2026-01-27,PC,2,0,2
U4459,2026-01-28,Mobile,3,0,0
U4460,2026-01-15,PC,1,0,0
U4460,2026-01-17,PC,3,1,1
U4460,2026-01-18,Mobile,2,0,0
U4460,2026-01-19,Mobile,4,0,1
U4460,2026-01-20,Mobile,3,1,1
U4460,2026-01-21,Mobile,1,0,1
U4460,2026-01-22,Mobile,4,0,1
U4460,2026-01-23,Mobile,1,0,1
U4460,2026-01-24,PC,4,0,1
U4460,2026-01-25,PC,5,2,1
U4460,2026-01-26,Mobile,2,0,1
U4460,2026-01-27,PC,1,0,1
U4460,2026-01-28,Mobile,1,0,1
U4461,2026-01-15,Mobile,1,1,0
U4461,2026-01-16,PC,3,1,2
U4461,2026-01-17,PC,2,0,1
U4461,2026-01-18,Mobile,1,0,1
U4461,2026-01-19,Mobile,1,1,0
U4461,2026-01-20,Mobile,4,0,0
U4461,2026-01-23,PC,1,0,0
U4461,2026-01-24,PC,1,0,0
U4461,2026-01-25,Mobile,1,0,0
U4461,2026-01-26,Mobile,4,0,0
U4461,2026-01-27,Mobile,5,0,0
U4461,2026-01-28,PC,4,1,0
U4462,2026-01-15,Mobile,5,0,2
U4462,2026-01-16,Mobile,3,1,1
U4462,2026-01-17,Mobile,1,0,0
U4462,2026-01-18,Mobile,4,2,2
U4462,2026-01-19,PC,2,0,0
U4462,2026-01-20,Mobile,5,1,0
U4462,2026-01-21,PC,3,0,0
U4462,2026-01-22,PC,5,1,2
U4462,2026-01-24,PC,4,0,0
U4462,2026-01-26,Mobile,1,0,0
U4462,2026-01-27,Mobile,4,1,1
U4462,2026-01-28,Mobile,3,0,2
U4463,2026-01-15,PC,4,0,4
U4463,2026-01-16,PC,4,1,0
U4463,2026-01-17,PC,4,1,2
U4463,2026-01-18,PC,2,1,1
U4463,2026-01-19,Mobile,3,0,0
U4463,2026-01-20,Mobile,2,0,0
U4463,2026-01-21,PC,2,0,1
U4463,2026-01-22,Mobile,4,0,1
U4463,2026-01-23,PC,5,2,3
U4463,2026-01-24,Mobile,3,0,1
U4463,2026-01-25,Mobile,4,2,2
U4463,2026-01-26,Mobile,5,0,1
U4463,2026-01-27,Mobile,4,0,1
U4463,2026-01-28,PC,1,0,1
U4464,2026-01-16,PC,5,0,2
U4464,2026-01-17,PC,4,0,0
U4464,2026-01-18,Mobile,5,0,2
U4464,2026-01-19,PC,4,1,3
U4464,2026-01-20,Mobile,5,1,1
U4464,2026-01-21,Mobile,5,2,0
U4464,2026-01-22,PC,1,0,0
U4464,2026-01-23,Mobile,2,0,0
U4464,2026-01-24,Mobile,2,0,0
U4464,2026-01-25,Mobile,4,0,0
U4464,2026-01-26,PC,3,1,1
U4464,2026-01-27,PC,1,0,0
U4464,2026-01-28,Mobile,2,1,0
U4465,2026-01-15,PC,1,0,0
U4465,2026-01-16,Mobile,4,0,0
U4465,2026-01-17,PC,1,0,1
U4465,2026-01-19,PC,4,0,0
U4465,2026-01-20,Mobile,4,0,2
U4465,2026-01-21,Mobile,1,0,1
U4465,2026-01-22,Mobile,3,1,0
U4465,2026-01-23,Mobile,2,0,2
U4465,2026-01-24,Mobile,4,0,2
U4465,2026-01-25,Mobile,1,0,0
U4465,2026-01-26,PC,3,0,0
U4465,2026-01-27,PC,5,0,3
U4465,2026-01-28,Mobile,3,0,2
U4466,2026-01-15,Mobile,4,1,2
U4466,2026-01-16,PC,2,0,0
U4466,2026-01-19,Mobile,4,1,2
U4466,2026-01-20,Mobile,3,0,3
U4466,2026-01-21,PC,2,0,0
U4466,2026-01-22,Mobile,4,0,0
U4466,2026-01-23,Mobile,2,1,0
U4466,2026-01-24,Mobile,3,2,0
U4466,2026-01-25,PC,3,1,0
U4466,2026-01-27,Mobile,5,5,0
U4466,2026-01-28,PC,4,0,1
U4467,2026-01-15,Mobile,2,1,0
U4467,2026-01-16,PC,5,2,0
U4467,2026-01-17,Mobile,4,2,1
U4467,2026-01-18,Mobile,5,1,0
U4467,2026-01-19,PC,5,1,0
U4467,2026-01-20,PC,3,1,2
U4467,2026-01-21,PC,2,1,0
U4467,2026-01-22,PC,4,1,3
U4467,2026-01-23,Mobile,1,0,0
U4467,2026-01-24,Mobile,5,0,0
U4467,2026-01-25,Mobile,3,0,1
U4467,2026-01-27,PC,2,1,1
U4467,2026-01-28,PC,4,0,1
U4468,2026-01-15,Mobile,3,2,0
U4468,2026-01-16,PC,2,1,1
U4468,2026-01-17,Mobile,4,2,1
U4468,2026-01-18,PC,3,0,1
U4468,2026-01-19,PC,5,1,0
U4468,2026-01-21,Mobile,1,0,0
U4468,2026-01-22,Mobile,4,1,2
U4468,2026-01-23,PC,5,3,0
U4468,2026-01-24,Mobile,1,0,1
U4468,2026-01-25,Mobile,4,1,2
U4468,2026-01-26,Mobile,1,0,1
U4468,2026-01-27,Mobile,5,1,1
U4468,2026-01-28,PC,3,2,1
U4469,2026-01-15,Mobile,5,1,0
U4469,2026-01-16,PC,2,0,0
U4469,2026-01-17,Mobile,1,0,0
U4469,2026-01-18,Mobile,5,1,1
U4469,2026-01-19,PC,3,0,1
U4469,2026-01-20,Mobile,5,4,1
U4469,2026-01-21,Mobile,1,0,0
U4469,2026-01-22,PC,4,0,1
U4469,2026-01-23,Mobile,4,3,1
U4469,2026-01-24,PC,3,2,1
U4469,2026-01-25,PC,1,1,0
U4469,2026-01-26,PC,1,0,0
U4469,2026-01-27,Mobile,3,0,0
U4469,2026-01-28,PC,3,0,0
U4470,2026-01-15,Mobile,5,0,5
U4470,2026-01-16,Mobile,2,1,0
U4470,2026-01-18,Mobile,4,0,0
U4470,2026-01-19,PC,4,1,2
U4470,2026-01-20,Mobile,5,4,1
U4470,2026-01-21,Mobile,1,0,0
U4470,2026-01-22,PC,2,0,1
U4470,2026-01-23,PC,2,0,0
U4470,2026-01-24,Mobile,2,0,0
U4470,2026-01-25,Mobile,1,0,0
U4470,2026-01-26,PC,1,0,0
U4470,2026-01-27,PC,3,0,2
U4470,2026-01-28,Mobile,1,0,1
U4471,2026-01-15,Mobile,2,0,1
U4471,2026-01-16,PC,2,0,0
U4471,2026-01-17,Mobile,1,0,0
U4471,2026-01-18,Mobile,3,0,1
U4471,2026-01-19,PC,3,0,1
U4471,2026-01-20,Mobile,4,0,2
U4471,2026-01-21,PC,5,1,3
U4471,2026-01-22,Mobile,3,0,3
U4471,2026-01-23,Mobile,4,0,0
U4471,2026-01-24,PC,2,0,2
U4471,2026-01-25,Mobile,2,0,0
U4471,2026-01-26,Mobile,5,0,4
U4471,2026-01-27,Mobile,5,0,0
U4471,2026-01-28,Mobile,4,0,0
U4472,2026-01-15,Mobile,5,0,0
U4472,2026-01-16,Mobile,5,2,2
U4472,2026-01-17,PC,2,0,1
U4472,2026-01-18,Mobile,5,1,0
U4472,2026-01-19,PC,3,0,0
U4472,2026-01-20,Mobile,4,1,1
U4472,2026-01-21,PC,5,2,0
U4472,2026-01-22,PC,3,0,0
U4472,2026-01-23,PC,3,2,0
U4472,2026-01-24,Mobile,2,0,1
U4472,2026-01-25,PC,3,3,0
U4472,2026-01-26,Mobile,3,1,0
U4472,2026-01-27,Mobile,3,0,0
U4472,2026-01-28,PC,1,0,0
U4473,2026-01-15,Mobile,1,0,0
U4473,2026-01-16,Mobile,1,0,1
U4473,2026-01-17,PC,5,0,0
U4473,2026-01-18,Mobile,2,2,0
U4473,2026-01-19,Mobile,3,1,2
U4473,2026-01-20,Mobile,5,1,3
U4473,2026-01-21,Mobile,3,2,1
U4473,2026-01-22,PC,1,1,0
U4473,2026-01-24,PC,5,2,1
U4473,2026-01-25,PC,3,0,2
U4473,2026-01-26,Mobile,1,0,1
U4473,2026-01-27,Mobile,3,1,0
U4473,2026-01-28,Mobile,3,1,0
U4474,2026-01-15,Mobile,4,0,0
U4474,2026-01-16,Mobile,4,0,3
U4474,2026-01-17,Mobile,3,2,0
U4474,2026-01-18,Mobile,1,0,0
U4474,2026-01-19,Mobile,3,1,1
U4474,2026-01-21,PC,1,0,0
U4474,2026-01-22,Mobile,1,0,1
U4474,2026-01-23,Mobile,1,0,0
U4474,2026-01-25,PC,1,0,1
U4474,2026-01-26,Mobile,2,0,2
U4474,2026-01-27,PC,2,0,1
U4474,2026-01-28,Mobile,5,2,3
U4475,2026-01-15,Mobile,2,0,0
U4475,2026-01-16,PC,1,1,0
U4475,2026-01-17,PC,2,1,1
U4475,2026-01-18,Mobile,5,1,1
U4475,2026-01-19,PC,5,0,1
U4475,2026-01-20,PC,2,0,2
U4475,2026-01-21,PC,2,0,2
U4475,2026-01-23,PC,2,1,1
U4475,2026-01-24,PC,4,2,2
U4475,2026-01-25,Mobile,3,0,1
U4475,2026-01-26,PC,2,0,1
U4475,2026-01-27,Mobile,2,0,2
U4475,2026-01-28,PC,5,0,0
U4476,2026-01-15,Mobile,4,2,0
U4476,2026-01-16,Mobile,4,1,1
U4476,2026-01-17,Mobile,3,1,2
U4476,2026-01-18,Mobile,5,0,1
U4476,2026-01-19,PC,3,1,0
U4476,2026-01-20,PC,1,1,0
U4476,2026-01-21,PC,2,1,1
U4476,2026-01-22,Mobile,4,3,1
U4476,2026-01-23,PC,4,0,0
U4476,2026-01-24,PC,4,0,1
U4476,2026-01-26,Mobile,3,0,0
U4476,2026-01-27,Mobile,5,1,1
U4476,2026-01-28,Mobile,2,1,1
U4477,2026-01-15,PC,2,0,1
U4477,2026-01-16,Mobile,2,0,0
U4477,2026-01-17,Mobile,1,1,0
U4477,2026-01-18,Mobile,4,0,3
U4477,2026-01-19,PC,4,0,0
U4477,2026-01-20,Mobile,5,0,0
U4477,2026-01-21,Mobile,4,2,1
U4477,2026-01-22,Mobile,5,0,2
U4477,2026-01-23,PC,5,0,0
U4477,2026-01-25,PC,3,1,2
U4477,2026-01-27,PC,2,1,0
U4477,2026-01-28,PC,4,0,0
U4478,2026-01-15,Mobile,3,1,2
U4478,2026-01-16,Mobile,2,1,1
U4478,2026-01-17,PC,4,2,1
U4478,2026-01-19,Mobile,4,1,0
U4478,2026-01-20,Mobile,5,3,1
U4478,2026-01-22,PC,1,0,0
U4478,2026-01-24,Mobile,4,3,0
U4478,2026-01-25,Mobile,4,1,0
U4478,2026-01-26,Mobile,1,1,0
U4478,2026-01-27,Mobile,2,2,0
U4478,2026-01-28,Mobile,1,0,0
U4479,2026-01-15,Mobile,1,0,0
U4479,2026-01-16,Mobile,5,0,1
U4479,2026-01-17,Mobile,3,0,1
U4479,2026-01-18,Mobile,2,0,0
U4479,2026-01-19,Mobile,1,0,1
U4479,2026-01-20,Mobile,2,1,1
U4479,2026-01-21,PC,2,0,0
U4479,2026-01-22,PC,3,0,2
U4479,2026-01-23,Mobile,1,0,0
U4479,2026-01-24,Mobile,4,1,3
U4479,2026-01-25,PC,3,0,0
U4479,2026-01-26,Mobile,1,0,0
U4479,2026-01-27,Mobile,5,0,2
U4479,2026-01-28,Mobile,1,1,0
U4480,2026-01-15,Mobile,2,1,1
U4480,2026-01-16,Mobile,4,0,3
U4480,2026-01-17,Mobile,4,0,3
U4480,2026-01-18,Mobile,5,0,0
U4480,2026-01-19,PC,5,1,1
U4480,2026-01-20,Mobile,3,0,3
U4480,2026-01-21,Mobile,4,0,0
U4480,2026-01-22,PC,4,0,3
U4480,2026-01-23,PC,1,0,1
U4480,2026-01-24,Mobile,3,1,2
U4480,2026-01-25,Mobile,5,0,2
U4480,2026-01-26,Mobile,1,0,0
U4480,2026-01-28,PC,5,0,0
U4481,2026-01-15,Mobile,4,0,0
U4481,2026-01-16,PC,1,0,0
U4481,2026-01-17,Mobile,2,0,0
U4481,2026-01-18,Mobile,2,0,0
U4481,2026-01-19,PC,1,0,0
U4481,2026-01-21,Mobile,2,1,1
U4481,2026-01-22,Mobile,3,1,0
U4481,2026-01-23,Mobile,3,0,1
U4481,2026-01-24,Mobile,3,0,2
U4481,2026-01-25,PC,5,0,1
U4481,2026-01-26,Mobile,2,0,0
U4481,2026-01-27,PC,3,0,2
U4481,2026-01-28,Mobile,1,0,1
U4482,2026-01-15,PC,2,0,0
U4482,2026-01-16,Mobile,2,1,1
U4482,2026-01-17,Mobile,2,0,0
U4482,2026-01-18,PC,2,0,0
U4482,2026-01-20,Mobile,1,1,0
U4482,2026-01-21,PC,3,1,2
U4482,2026-01-22,PC,1,0,0
U4482,2026-01-23,Mobile,5,2,2
U4482,2026-01-24,PC,5,0,1
U4482,2026-01-26,Mobile,2,0,0
U4482,2026-01-27,PC,3,0,0
U4482,2026-01-28,PC,1,0,0
U4483,2026-01-15,PC,1,0,1
U4483,2026-01-16,Mobile,2,2,0
U4483,2026-01-17,PC,4,1,2
U4483,2026-01-18,Mobile,4,3,1
U4483,2026-01-19,Mobile,5,0,2
U4483,2026-01-20,PC,3,1,0
U4483,2026-01-21,PC,1,0,0
U4483,2026-01-22,PC,2,1,1
U4483,2026-01-24,PC,1,1,0
U4483,2026-01-25,PC,5,2,2
U4483,2026-01-26,PC,2,0,0
U4483,2026-01-27,Mobile,3,1,1
U4484,2026-01-15,PC,2,0,2
U4484,2026-01-17,PC,2,0,1
U4484,2026-01-18,PC,4,1,1
U4484,2026-01-19,Mobile,2,0,2
U4484,2026-01-20,Mobile,5,1,1
U4484,2026-01-21,Mobile,3,0,1
U4484,2026-01-22,Mobile,1,0,0
U4484,2026-01-23,PC,4,1,2
U4484,2026-01-24,PC,5,0,2
U4484,2026-01-25,PC,2,0,0
U4484,2026-01-27,Mobile,4,1,0
U4484,2026-01-28,Mobile,1,0,1
U4485,2026-01-15,PC,5,1,0
U4485,2026-01-16,Mobile,5,1,4
U4485,2026-01-17,Mobile,4,1,0
U4485,2026-01-18,Mobile,3,1,2
U4485,2026-01-19,PC,4,3,1
U4485,2026-01-21,Mobile,2,1,1
U4485,2026-01-22,Mobile,5,0,0
U4485,2026-01-24,Mobile,3,1,0
U4485,2026-01-25,PC,4,2,0
U4485,2026-01-26,Mobile,3,2,0
U4485,2026-01-27,Mobile,1,0,0
U4485,2026-01-28,PC,3,1,2
U4486,2026-01-15,Mobile,2,0,2
U4486,2026-01-16,PC,4,0,0
U4486,2026-01-17,PC,2,0,1
U4486,2026-01-18,Mobile,4,2,1
U4486,2026-01-19,Mobile,3,2,1
U4486,2026-01-20,Mobile,3,1,1
U4486,2026-01-21,Mobile,1,0,0
U4486,2026-01-22,Mobile,5,2,1
U4486,2026-01-24,Mobile,3,0,0
U4486,2026-01-25,PC,4,2,1
U4486,2026-01-26,Mobile,1,1,0
U4486,2026-01-27,Mobile,5,1,4
U4486,2026-01-28,PC,4,0,1
U4487,2026-01-15,PC,3,0,3
U4487,2026-01-16,PC,3,1,1
U4487,2026-01-17,PC,2,0,0
U4487,2026-01-18,Mobile,1,0,0
U4487,2026-01-19,Mobile,2,0,0
U4487,2026-01-20,Mobile,5,2,2
U4487,2026-01-21,Mobile,1,0,1
U4487,2026-01-22,PC,5,3,2
U4487,2026-01-23,PC,1,0,0
U4487,2026-01-24,PC,1,0,1
U4487,2026-01-26,Mobile,5,0,0
U4487,2026-01-27,Mobile,3,2,1
U4487,2026-01-28,PC,3,0,0
U4488,2026-01-15,Mobile,5,1,1
U4488,2026-01-16,PC,3,2,1
U4488,2026-01-17,Mobile,5,3,2
U4488,2026-01-18,Mobile,3,0,0
U4488,2026-01-19,PC,2,2,0
U4488,2026-01-20,PC,3,0,0
U4488,2026-01-21,Mobile,4,0,0
U4488,2026-01-22,PC,3,2,1
U4488,2026-01-23,Mobile,1,0,1
U4488,2026-01-24,Mobile,1,0,0
U4488,2026-01-25,Mobile,3,0,1
U4488,2026-01-26,Mobile,1,1,0
U4488,2026-01-27,PC,2,1,1
U4488,2026-01-28,Mobile,4,0,0
U4489,2026-01-15,PC,4,0,0
U4489,2026-01-16,Mobile,5,0,0
U4489,2026-01-17,PC,5,0,1
U4489,2026-01-18,Mobile,2,0,0
U4489,2026-01-19,Mobile,3,1,1
U4489,2026-01-20,PC,3,1,1
U4489,2026-01-21,PC,2,1,1
U4489,2026-01-22,PC,1,1,0
U4489,2026-01-23,Mobile,4,1,0
U4489,2026-01-24,PC,5,3,0
U4489,2026-01-25,PC,2,1,1
U4489,2026-01-26,PC,2,0,1
U4489,2026-01-27,PC,4,0,1
U4490,2026-01-15,PC,5,2,1
U4490,2026-01-16,PC,5,2,2
U4490,2026-01-17,Mobile,4,0,1
U4490,2026-01-18,Mobile,1,1,0
U4490,2026-01-19,PC,5,0,0
U4490,2026-01-20,Mobile,4,2,1
U4490,2026-01-21,PC,4,0,3
U4490,2026-01-22,PC,5,1,3
U4490,2026-01-23,Mobile,2,2,0
U4490,2026-01-24,Mobile,3,2,1
U4490,2026-01-25,PC,3,2,0
U4490,2026-01-26,PC,4,0,0
U4490,2026-01-27,PC,4,1,1
U4490,2026-01-28,Mobile,1,0,0
U4491,2026-01-15,PC,3,0,2
U4491,2026-01-16,Mobile,2,0,0
U4491,2026-01-17,Mobile,4,0,1
U4491,2026-01-18,Mobile,3,1,0
U4491,2026-01-19,Mobile,1,0,0
U4491,2026-01-20,PC,5,0,0
U4491,2026-01-21,PC,4,0,2
U4491,2026-01-22,PC,4,0,0
U4491,2026-01-23,PC,1,1,0
U4491,2026-01-24,PC,5,1,2
U4491,2026-01-25,Mobile,4,0,0
U4491,2026-01-27,Mobile,4,1,1
U4491,2026-01-28,PC,2,0,0
U4492,2026-01-16,Mobile,5,1,1
U4492,2026-01-17,Mobile,5,0,2
U4492,2026-01-18,Mobile,4,0,2
U4492,2026-01-19,PC,2,1,1
U4492,2026-01-20,Mobile,2,0,0
U4492,2026-01-21,PC,5,3,1
U4492,2026-01-23,PC,2,0,2
U4492,2026-01-24,Mobile,2,1,0
U4492,2026-01-25,Mobile,3,0,1
U4492,2026-01-26,Mobile,2,0,1
U4492,2026-01-27,Mobile,4,0,2
U4492,2026-01-28,Mobile,5,0,0
U4493,2026-01-15,Mobile,3,0,0
U4493,2026-01-16,PC,4,0,0
U4493,2026-01-17,PC,3,0,3
U4493,2026-01-18,PC,1,0,0
U4493,2026-01-19,Mobile,5,3,0
U4493,2026-01-20,PC,5,1,1
U4493,2026-01-21,PC,5,1,0
U4493,2026-01-22,PC,2,0,0
U4493,2026-01-23,Mobile,3,0,1
U4493,2026-01-24,PC,2,0,0
U4493,2026-01-25,PC,3,0,0
U4493,2026-01-26,Mobile,1,0,0
U4493,2026-01-27,PC,1,0,1
U4493,2026-01-28,Mobile,1,0,1
U4494,2026-01-15,Mobile,3,1,0
U4494,2026-01-16,Mobile,2,0,2
U4494,2026-01-17,Mobile,4,0,1
U4494,2026-01-19,PC,4,2,0
U4494,2026-01-20,PC,3,0,3
U4494,2026-01-21,PC,1,0,1
U4494,2026-01-22,Mobile,3,1,1
U4494,2026-01-24,PC,3,1,1
U4494,2026-01-25,PC,4,0,3
U4494,2026-01-26,PC,3,1,1
U4494,2026-01-27,PC,5,1,3
U4494,2026-01-28,Mobile,4,1,1
U4495,2026-01-15,Mobile,3,1,2
U4495,2026-01-16,PC,5,2,1
U4495,2026-01-17,Mobile,5,0,0
U4495,2026-01-18,PC,4,0,4
U4495,2026-01-19,Mobile,5,0,4
U4495,2026-01-20,Mobile,4,2,1
U4495,2026-01-21,PC,3,0,2
U4495,2026-01-22,PC,1,1,0
U4495,2026-01-23,PC,2,1,0
U4495,2026-01-24,PC,1,0,1
U4495,2026-01-25,Mobile,3,0,1
U4495,2026-01-26,Mobile,2,0,0
U4495,2026-01-27,Mobile,3,1,0
U4495,2026-01-28,PC,1,0,1
U4496,2026-01-15,PC,1,0,0
U4496,2026-01-17,Mobile,1,0,0
U4496,2026-01-18,PC,2,0,2
U4496,2026-01-19,PC,5,0,0
U4496,2026-01-20,Mobile,4,0,4
U4496,2026-01-21,Mobile,3,0,1
U4496,2026-01-22,Mobile,3,1,2
U4496,2026-01-23,Mobile,2,0,2
U4496,2026-01-24,Mobile,1,0,0
U4496,2026-01-25,Mobile,2,0,2
U4496,2026-01-26,PC,3,0,1
U4496,2026-01-27,PC,1,0,0
U4496,2026-01-28,Mobile,4,1,2
U4497,2026-01-15,PC,3,0,1
U4497,2026-01-16,Mobile,4,0,1
U4497,2026-01-17,Mobile,2,0,1
U4497,2026-01-19,Mobile,3,0,1
U4497,2026-01-20,Mobile,4,1,1
U4497,2026-01-22,PC,5,1,3
U4497,2026-01-23,PC,2,0,1
U4497,2026-01-24,Mobile,3,0,3
U4497,2026-01-26,Mobile,4,2,1
U4497,2026-01-27,PC,3,0,0
U4498,2026-01-15,Mobile,5,1,1
U4498,2026-01-16,PC,1,0,1
U4498,2026-01-17,PC,2,0,0
U4498,2026-01-18,Mobile,3,2,1
U4498,2026-01-19,Mobile,3,0,2
U4498,2026-01-20,PC,3,0,0
U4498,2026-01-21,Mobile,4,0,1
U4498,2026-01-22,Mobile,5,0,0
U4498,2026-01-23,Mobile,3,1,0
U4498,2026-01-24,Mobile,5,0,4
U4498,2026-01-25,Mobile,3,1,2
U4498,2026-01-26,PC,2,0,2
U4498,2026-01-27,Mobile,2,0,0
U4498,2026-01-28,Mobile,3,0,0
U4499,2026-01-15,PC,4,0,2
U4499,2026-01-16,PC,4,3,1
U4499,2026-01-17,Mobile,5,0,1
U4499,2026-01-18,PC,4,0,3
U4499,2026-01-20,Mobile,1,0,1
U4499,2026-01-21,Mobile,2,0,2
U4499,2026-01-22,Mobile,5,0,0
U4499,2026-01-23,PC,4,0,3
U4499,2026-01-24,Mobile,4,0,1
U4499,2026-01-26,Mobile,3,0,2
U4499,2026-01-27,Mobile,2,0,2
U4499,2026-01-28,Mobile,4,1,3
U4500,2026-01-15,PC,4,0,1
U4500,2026-01-16,PC,1,0,1
U4500,2026-01-17,Mobile,5,3,2
U4500,2026-01-18,Mobile,4,2,2
U4500,2026-01-19,PC,2,0,2
U4500,2026-01-20,PC,4,1,0
U4500,2026-01-21,Mobile,4,1,2
U4500,2026-01-22,PC,4,3,1
U4500,2026-01-23,Mobile,5,2,2
U4500,2026-01-24,Mobile,3,1,0
U4500,2026-01-25,Mobile,2,0,0
U4500,2026-01-26,PC,1,1,0
U4500,2026-01-28,Mobile,4,2,1
U4501,2026-01-15,Mobile,1,0,0
U4501,2026-01-16,PC,4,2,2
U4501,2026-01-17,Mobile,3,0,0
U4501,2026-01-18,PC,4,1,2
U4501,2026-01-19,PC,3,1,2
U4501,2026-01-20,PC,1,1,0
U4501,2026-01-21,Mobile,2,0,0
U4501,2026-01-22,PC,1,0,1
U4501,2026-01-23,Mobile,1,1,0
U4501,2026-01-24,Mobile,2,0,0
U4501,2026-01-25,PC,2,0,0
U4501,2026-01-26,Mobile,4,2,2
U4501,2026-01-27,PC,1,0,1
U4501,2026-01-28,Mobile,1,1,0
U4502,2026-01-15,Mobile,4,1,0
U4502,2026-01-16,PC,1,0,1
U4502,2026-01-18,Mobile,1,0,1
U4502,2026-01-19,PC,5,1,1
U4502,2026-01-20,PC,3,0,0
U4502,2026-01-22,Mobile,1,0,1
U4502,2026-01-23,PC,3,0,0
U4502,2026-01-24,Mobile,2,0,1
U4502,2026-01-25,PC,4,1,2
U4502,2026-01-26,PC,2,0,0
U4502,2026-01-27,Mobile,1,0,0
U4502,2026-01-28,Mobile,5,1,4
U4503,2026-01-15,Mobile,3,0,0
U4503,2026-01-16,Mobile,5,1,3
U4503,2026-01-18,Mobile,5,1,4
U4503,2026-01-19,PC,1,0,1
U4503,2026-01-20,Mobile,1,0,1
U4503,2026-01-21,Mobile,2,0,2
U4503,2026-01-22,PC,4,0,2
U4503,2026-01-23,PC,5,0,2
U4503,2026-01-24,PC,3,0,0
U4503,2026-01-25,Mobile,4,1,0
U4503,2026-01-26,PC,5,3,1
U4503,2026-01-27,Mobile,4,1,2
U4503,2026-01-28,PC,1,0,0
U4504,2026-01-15,Mobile,3,0,0
U4504,2026-01-16,Mobile,1,0,0
U4504,2026-01-17,PC,1,0,1
U4504,2026-01-18,PC,1,0,0
U4504,2026-01-19,PC,2,0,1
U4504,2026-01-20,Mobile,3,0,0
U4504,2026-01-21,PC,4,0,0
U4504,2026-01-22,Mobile,4,1,0
U4504,2026-01-23,Mobile,1,0,0
U4504,2026-01-24,PC,4,0,4
U4504,2026-01-25,Mobile,1,1,0
U4504,2026-01-26,Mobile,1,0,0
U4504,2026-01-27,Mobile,4,1,2
U4504,2026-01-28,Mobile,2,0,1
U4505,2026-01-16,PC,2,1,1
U4505,2026-01-17,Mobile,5,0,0
U4505,2026-01-18,Mobile,1,0,0
U4505,2026-01-19,PC,2,0,0
U4505,2026-01-20,PC,3,0,0
U4505,2026-01-21,PC,4,0,0
U4505,2026-01-22,Mobile,5,0,0
U4505,2026-01-23,Mobile,4,1,3
U4505,2026-01-24,Mobile,2,0,1
U4505,2026-01-25,Mobile,2,1,1
U4505,2026-01-26,PC,4,1,3
U4505,2026-01-27,PC,3,0,0
U4505,2026-01-28,Mobile,5,2,2
U4506,2026-01-15,PC,2,0,0
U4506,2026-01-16,Mobile,1,0,0
U4506,2026-01-17,PC,3,1,1
U4506,2026-01-18,Mobile,1,0,0
U4506,2026-01-19,Mobile,2,0,2
U4506,2026-01-20,PC,3,0,1
U4506,2026-01-21,PC,2,1,0
U4506,2026-01-22,Mobile,5,0,2
U4506,2026-01-23,Mobile,5,2,1
U4506,2026-01-24,PC,3,0,0
U4506,2026-01-25,Mobile,5,2,1
U4506,2026-01-26,PC,1,0,0
U4506,2026-01-27,PC,4,0,3
U4506,2026-01-28,PC,1,0,0
U4507,2026-01-15,PC,1,0,0
U4507,2026-01-16,Mobile,4,0,3
U4507,2026-01-17,Mobile,5,0,0
U4507,2026-01-18,Mobile,3,0,2
U4507,2026-01-19,PC,1,0,0
U4507,2026-01-20,PC,2,1,1
U4507,2026-01-21,PC,2,0,2
U4507,2026-01-22,Mobile,4,0,3
U4507,2026-01-23,Mobile,2,0,1
U4507,2026-01-24,PC,2,0,1
U4507,2026-01-25,Mobile,3,1,1
U4507,2026-01-26,PC,5,1,1
U4507,2026-01-27,Mobile,1,0,1
U4507,2026-01-28,Mobile,4,1,2
U4508,2026-01-15,PC,2,1,0
U4508,2026-01-16,Mobile,1,0,0
U4508,2026-01-17,PC,1,0,0
U4508,2026-01-18,Mobile,5,0,1
U4508,2026-01-19,Mobile,1,1,0
U4508,2026-01-20,PC,1,0,1
U4508,2026-01-21,PC,3,1,1
U4508,2026-01-22,Mobile,2,0,2
U4508,2026-01-23,Mobile,3,0,0
U4508,2026-01-24,Mobile,1,1,0
U4508,2026-01-25,Mobile,5,3,2
U4508,2026-01-26,PC,3,0,2
U4508,2026-01-27,PC,5,5,0
U4508,2026-01-28,Mobile,1,0,1
U4509,2026-01-15,Mobile,5,2,2
U4509,2026-01-16,Mobile,3,1,2
U4509,2026-01-17,PC,5,0,4
U4509,2026-01-18,PC,1,0,0
U4509,2026-01-19,Mobile,2,0,0
U4509,2026-01-20,Mobile,5,1,3
U4509,2026-01-21,Mobile,4,0,4
U4509,2026-01-22,Mobile,5,1,2
U4509,2026-01-23,PC,2,0,0
U4509,2026-01-24,PC,5,0,0
U4509,2026-01-25,PC,5,1,4
U4509,2026-01-26,Mobile,1,0,1
U4509,2026-01-27,Mobile,2,0,2
U4509,2026-01-28,Mobile,3,0,3
U4510,2026-01-15,Mobile,4,0,3
U4510,2026-01-17,PC,3,0,0
U4510,2026-01-18,PC,4,1,0
U4510,2026-01-20,Mobile,2,1,1
U4510,2026-01-21,Mobile,2,1,1
U4510,2026-01-22,Mobile,3,0,0
U4510,2026-01-23,PC,3,1,2
U4510,2026-01-24,Mobile,2,0,2
U4510,2026-01-25,PC,2,0,2
U4510,2026-01-26,PC,1,0,1
U4510,2026-01-27,PC,3,0,0
U4510,2026-01-28,PC,5,0,3
U4511,2026-01-16,Mobile,4,0,0
U4511,2026-01-17,Mobile,5,2,2
U4511,2026-01-18,Mobile,2,1,1
U4511,2026-01-19,Mobile,3,3,0
U4511,2026-01-20,PC,5,0,0
U4511,2026-01-21,PC,2,0,1
U4511,2026-01-22,Mobile,3,2,1
U4511,2026-01-23,PC,5,2,3
U4511,2026-01-24,Mobile,2,0,0
U4511,2026-01-25,PC,3,1,1
U4511,2026-01-27,Mobile,4,1,1
U4511,2026-01-28,Mobile,3,0,0
U4512,2026-01-15,PC,4,0,3
U4512,2026-01-16,Mobile,3,2,0
U4512,2026-01-17,Mobile,2,0,0
U4512,2026-01-18,PC,4,0,3
U4512,2026-01-19,Mobile,3,1,2
U4512,2026-01-20,Mobile,3,0,0
U4512,2026-01-21,Mobile,2,0,0
U4512,2026-01-22,PC,3,0,2
U4512,2026-01-23,Mobile,3,2,0
U4512,2026-01-24,PC,5,0,1
U4512,2026-01-25,Mobile,1,0,1
U4512,2026-01-26,PC,1,1,0
U4512,2026-01-27,PC,3,0,3
U4513,2026-01-15,Mobile,4,1,0
U4513,2026-01-17,Mobile,1,1,0
U4513,2026-01-18,PC,3,1,2
U4513,2026-01-19,Mobile,2,1,0
U4513,2026-01-21,PC,2,1,0
U4513,2026-01-22,Mobile,4,0,1
U4513,2026-01-23,PC,4,2,1
U4513,2026-01-24,PC,1,0,0
U4513,2026-01-25,Mobile,3,0,1
U4513,2026-01-26,PC,2,0,0
U4513,2026-01-28,PC,4,0,1
U4514,2026-01-15,PC,1,1,0
U4514,2026-01-16,Mobile,5,0,0
U4514,2026-01-17,Mobile,4,0,0
U4514,2026-01-18,Mobile,2,1,0
U4514,2026-01-19,Mobile,2,0,2
U4514,2026-01-20,PC,4,1,3
U4514,2026-01-21,Mobile,5,1,1
U4514,2026-01-22,Mobile,3,2,1
U4514,2026-01-23,Mobile,1,0,1
U4514,2026-01-24,Mobile,5,3,2
U4514,2026-01-25,PC,1,1,0
U4514,2026-01-26,Mobile,2,1,1
U4514,2026-01-27,PC,1,1,0
U4514,2026-01-28,PC,3,3,0
U4515,2026-01-15,Mobile,1,0,0
U4515,2026-01-16,Mobile,4,1,0
U4515,2026-01-17,Mobile,1,0,1
U4515,2026-01-18,Mobile,2,1,1
U4515,2026-01-19,Mobile,5,4,1
U4515,2026-01-20,Mobile,4,0,1
U4515,2026-01-21,Mobile,1,0,1
U4515,2026-01-22,Mobile,2,1,0
U4515,2026-01-23,PC,5,0,2
U4515,2026-01-24,Mobile,2,0,0
U4515,2026-01-25,Mobile,5,0,2
U4515,2026-01-26,Mobile,1,0,1
U4515,2026-01-27,Mobile,5,1,0
U4515,2026-01-28,Mobile,2,0,0
U4516,2026-01-16,Mobile,5,3,2
U4516,2026-01-17,PC,4,2,0
U4516,2026-01-18,PC,5,0,0
U4516,2026-01-19,PC,5,0,1
U4516,2026-01-20,PC,5,2,3
U4516,2026-01-21,Mobile,2,0,1
U4516,2026-01-22,PC,4,2,0
U4516,2026-01-23,PC,1,0,0
U4516,2026-01-24,Mobile,3,0,0
U4516,2026-01-25,Mobile,4,1,0
U4516,2026-01-26,PC,5,3,2
U4516,2026-01-27,PC,3,0,0
U4516,2026-01-28,Mobile,5,2,1
U4517,2026-01-15,PC,1,0,1
U4517,2026-01-16,Mobile,1,0,0
U4517,2026-01-17,Mobile,4,2,1
U4517,2026-01-19,PC,3,0,0
U4517,2026-01-20,Mobile,1,0,0
U4517,2026-01-21,Mobile,4,1,2
U4517,2026-01-22,PC,1,0,0
U4517,2026-01-23,Mobile,4,0,1
U4517,2026-01-25,Mobile,5,1,3
U4517,2026-01-26,PC,3,0,1
U4517,2026-01-27,PC,2,1,0
U4517,2026-01-28,Mobile,2,1,1
U4518,2026-01-15,Mobile,4,0,0
U4518,2026-01-16,Mobile,2,0,0
U4518,2026-01-17,PC,1,0,0
U4518,2026-01-18,PC,3,1,1
U4518,2026-01-22,Mobile,5,1,1
U4518,2026-01-23,Mobile,3,1,2
U4518,2026-01-24,Mobile,2,1,0
U4518,2026-01-25,Mobile,5,1,1
U4518,2026-01-27,Mobile,5,1,3
U4518,2026-01-28,PC,2,0,1
U4519,2026-01-15,Mobile,2,0,1
U4519,2026-01-16,Mobile,2,2,0
U4519,2026-01-17,Mobile,2,0,0
U4519,2026-01-18,Mobile,4,2,0
U4519,2026-01-19,Mobile,3,1,1
U4519,2026-01-21,PC,2,1,0
U4519,2026-01-22,PC,5,1,1
U4519,2026-01-23,Mobile,4,0,0
U4519,2026-01-24,PC,3,2,1
U4519,2026-01-25,PC,5,1,3
U4519,2026-01-26,Mobile,1,1,0
U4519,2026-01-27,PC,4,3,0
U4519,2026-01-28,PC,4,0,2
U4520,2026-01-15,Mobile,2,0,0
U4520,2026-01-16,Mobile,2,1,1
U4520,2026-01-17,Mobile,3,0,1
U4520,2026-01-19,PC,2,0,0
U4520,2026-01-20,Mobile,2,0,0
U4520,2026-01-21,Mobile,2,0,1
U4520,2026-01-22,PC,4,0,4
U4520,2026-01-23,PC,1,0,1
U4520,2026-01-24,Mobile,2,0,0
U4520,2026-01-25,Mobile,4,1,1
U4520,2026-01-26,Mobile,1,0,0
U4520,2026-01-27,Mobile,2,0,0
U4520,2026-01-28,Mobile,2,0,2
U4521,2026-01-15,Mobile,3,0,0
U4521,2026-01-16,Mobile,2,0,0
U4521,2026-01-17,Mobile,2,1,1
U4521,2026-01-18,Mobile,4,0,0
U4521,2026-01-19,PC,2,0,0
U4521,2026-01-20,PC,1,0,1
U4521,2026-01-21,PC,1,0,0
U4521,2026-01-22,PC,3,0,0
U4521,2026-01-23,Mobile,2,0,2
U4521,2026-01-25,Mobile,3,1,0
U4521,2026-01-26,PC,1,1,0
U4521,2026-01-27,Mobile,2,0,0
U4521,2026-01-28,PC,2,0,0
U4522,2026-01-15,Mobile,4,0,4
U4522,2026-01-16,Mobile,5,1,1
U4522,2026-01-17,Mobile,5,0,1
U4522,2026-01-18,PC,1,0,0
U4522,2026-01-19,Mobile,5,1,3
U4522,2026-01-20,Mobile,1,1,0
U4522,2026-01-21,PC,1,0,1
U4522,2026-01-22,PC,4,2,1
U4522,2026-01-23,PC,1,0,1
U4522,2026-01-24,PC,3,0,2
U4522,2026-01-25,Mobile,5,0,0
U4522,2026-01-26,PC,2,0,0
U4522,2026-01-27,Mobile,3,3,0
U4522,2026-01-28,Mobile,1,0,0
U4523,2026-01-15,PC,5,0,1
U4523,2026-01-16,Mobile,2,0,0
U4523,2026-01-17,Mobile,5,1,1
U4523,2026-01-18,PC,5,2,3
U4523,2026-01-19,PC,2,0,1
U4523,2026-01-20,Mobile,1,0,0
U4523,2026-01-21,Mobile,4,1,3
U4523,2026-01-22,Mobile,4,2,1
U4523,2026-01-23,Mobile,1,1,0
U4523,2026-01-24,PC,1,0,0
U4523,2026-01-25,PC,1,0,1
U4523,2026-01-26,Mobile,2,0,1
U4523,2026-01-27,Mobile,2,0,2
U4523,2026-01-28,PC,5,0,1
U4524,2026-01-15,PC,1,0,0
U4524,2026-01-16,PC,1,1,0
U4524,2026-01-17,Mobile,4,1,3
U4524,2026-01-18,PC,4,2,1
U4524,2026-01-20,PC,2,1,0
U4524,2026-01-21,Mobile,4,0,1
U4524,2026-01-23,Mobile,2,0,2
U4524,2026-01-24,Mobile,2,0,2
U4524,2026-01-25,PC,5,1,3
U4524,2026-01-26,Mobile,3,2,1
U4524,2026-01-27,Mobile,5,0,2
U4525,2026-01-15,Mobile,3,0,0
U4525,2026-01-16,Mobile,2,0,1
U4525,2026-01-17,Mobile,4,0,0
U4525,2026-01-19,PC,2,0,0
U4525,2026-01-20,PC,2,0,0
U4525,2026-01-21,Mobile,5,0,2
U4525,2026-01-22,Mobile,4,1,1
U4525,2026-01-23,PC,3,0,3
U4525,2026-01-25,Mobile,1,0,0
U4525,2026-01-26,PC,2,0,1
U4525,2026-01-27,PC,2,0,1
U4525,2026-01-28,PC,2,0,0
U4526,2026-01-15,PC,4,0,1
U4526,2026-01-16,PC,5,1,2
U4526,2026-01-17,PC,4,3,1
U4526,2026-01-18,Mobile,3,1,1
U4526,2026-01-19,Mobile,4,4,0
U4526,2026-01-20,Mobile,5,1,1
U4526,2026-01-22,PC,1,0,1
U4526,2026-01-23,Mobile,3,0,0
U4526,2026-01-25,PC,3,0,1
U4526,2026-01-26,PC,4,1,1
U4526,2026-01-27,PC,3,1,1
U4526,2026-01-28,Mobile,5,0,0
U4527,2026-01-16,PC,1,0,0
U4527,2026-01-17,PC,4,0,0
U4527,2026-01-18,Mobile,2,0,2
U4527,2026-01-19,Mobile,5,0,5
U4527,2026-01-20,Mobile,5,0,0
U4527,2026-01-21,Mobile,3,0,1
U4527,2026-01-22,PC,2,0,0
U4527,2026-01-23,Mobile,5,2,0
U4527,2026-01-24,Mobile,4,0,0
U4527,2026-01-25,Mobile,5,0,1
U4527,2026-01-26,PC,4,0,3
U4527,2026-01-27,PC,4,3,1
U4527,2026-01-28,PC,1,1,0
U4528,2026-01-15,Mobile,2,1,0
U4528,2026-01-16,PC,5,1,4
U4528,2026-01-17,Mobile,3,0,1
U4528,2026-01-18,PC,3,0,1
U4528,2026-01-20,PC,2,0,0
U4528,2026-01-21,Mobile,4,1,3
U4528,2026-01-23,PC,5,0,1
U4528,2026-01-24,PC,2,1,0
U4528,2026-01-25,Mobile,3,0,2
U4528,2026-01-26,PC,4,0,2
U4528,2026-01-27,Mobile,3,0,1
U4528,2026-01-28,PC,2,0,1
U4529,2026-01-15,Mobile,3,2,0
U4529,2026-01-17,Mobile,3,0,0
U4529,2026-01-18,Mobile,5,3,0
U4529,2026-01-19,Mobile,1,0,0
U4529,2026-01-20,Mobile,5,3,0
U4529,2026-01-22,PC,5,3,1
U4529,2026-01-23,PC,2,1,1
U4529,2026-01-24,Mobile,3,2,1
U4529,2026-01-25,Mobile,3,0,1
U4529,2026-01-26,Mobile,3,0,0
U4529,2026-01-27,PC,4,0,0
U4529,2026-01-28,PC,4,0,0
U4530,2026-01-15,PC,4,0,1
U4530,2026-01-16,Mobile,3,0,2
U4530,2026-01-17,Mobile,3,1,1
U4530,2026-01-18,Mobile,3,0,0
U4530,2026-01-19,Mobile,3,0,3
U4530,2026-01-20,Mobile,4,1,1
U4530,2026-01-21,Mobile,1,1,0
U4530,2026-01-22,Mobile,3,0,3
U4530,2026-01-23,Mobile,5,1,1
U4530,2026-01-24,Mobile,2,1,1
U4530,2026-01-26,Mobile,4,1,2
U4530,2026-01-27,Mobile,1,0,0
U4530,2026-01-28,Mobile,2,0,0
U4531,2026-01-16,Mobile,4,0,3
U4531,2026-01-17,PC,4,0,0
U4531,2026-01-18,Mobile,2,0,1
U4531,2026-01-19,Mobile,3,1,1
U4531,2026-01-20,PC,3,2,1
U4531,2026-01-21,Mobile,3,0,2
U4531,2026-01-22,Mobile,4,0,0
U4531,2026-01-23,PC,1,0,1
U4531,2026-01-24,Mobile,4,0,4
U4531,2026-01-25,Mobile,1,0,0
U4531,2026-01-26,Mobile,1,0,0
U4531,2026-01-27,PC,1,0,1
U4531,2026-01-28,PC,1,0,1
U4532,2026-01-15,PC,3,0,1
U4532,2026-01-16,Mobile,2,0,0
U4532,2026-01-18,Mobile,4,1,0
U4532,2026-01-19,Mobile,3,1,0
U4532,2026-01-20,Mobile,5,2,1
U4532,2026-01-22,Mobile,5,2,3
U4532,2026-01-23,PC,3,1,0
U4532,2026-01-24,PC,3,2,1
U4532,2026-01-25,Mobile,2,1,1
U4532,2026-01-26,Mobile,4,0,0
U4532,2026-01-27,Mobile,3,1,2
U4532,2026-01-28,PC,3,0,0
U4533,2026-01-15,Mobile,1,0,1
U4533,2026-01-16,Mobile,5,0,0
U4533,2026-01-17,PC,4,1,2
U4533,2026-01-18,Mobile,5,0,3
U4533,2026-01-19,Mobile,5,0,1
U4533,2026-01-20,Mobile,5,2,0
U4533,2026-01-21,Mobile,2,0,1
U4533,2026-01-22,PC,4,0,0
U4533,2026-01-23,PC,5,2,3
U4533,2026-01-24,Mobile,4,2,1
U4533,2026-01-25,PC,5,0,0
U4533,2026-01-26,Mobile,1,0,1
U4533,2026-01-27,Mobile,2,0,2
U4533,2026-01-28,Mobile,3,1,2
U4534,2026-01-15,PC,5,2,2
U4534,2026-01-18,Mobile,2,2,0
U4534,2026-01-20,PC,3,1,1
U4534,2026-01-21,PC,3,1,1
U4534,2026-01-22,Mobile,2,1,1
U4534,2026-01-23,Mobile,2,1,0
U4534,2026-01-25,Mobile,2,0,1
U4534,2026-01-26,PC,5,3,1
U4534,2026-01-27,Mobile,2,2,0
U4534,2026-01-28,Mobile,4,2,0
U4535,2026-01-15,Mobile,1,0,0
U4535,2026-01-16,PC,2,0,2
U4535,2026-01-17,PC,3,0,3
U4535,2026-01-19,PC,2,1,0
U4535,2026-01-20,Mobile,2,0,1
U4535,2026-01-21,PC,5,1,2
U4535,2026-01-23,Mobile,3,0,2
U4535,2026-01-24,PC,3,0,1
U4535,2026-01-25,PC,1,0,0
U4535,2026-01-26,PC,4,0,1
U4535,2026-01-27,PC,5,1,0
U4535,2026-01-28,PC,1,0,1
U4536,2026-01-15,PC,3,0,0
U4536,2026-01-16,PC,3,0,1
U4536,2026-01-17,Mobile,3,0,1
U4536,2026-01-18,PC,4,2,1
U4536,2026-01-19,Mobile,3,1,0
U4536,2026-01-20,PC,1,0,1
U4536,2026-01-21,Mobile,2,1,0
U4536,2026-01-22,Mobile,4,2,2
U4536,2026-01-23,Mobile,4,2,1
U4536,2026-01-24,Mobile,5,0,0
U4536,2026-01-25,PC,2,1,0
U4536,2026-01-26,PC,1,0,0
U4536,2026-01-27,PC,1,0,0
U4536,2026-01-28,PC,4,1,0
U4537,2026-01-15,Mobile,2,0,0
U4537,2026-01-17,PC,3,0,1
U4537,2026-01-18,PC,4,0,3
U4537,2026-01-20,PC,3,0,0
U4537,2026-01-21,PC,2,0,2
U4537,2026-01-22,PC,1,0,0
U4537,2026-01-23,Mobile,5,1,1
U4537,2026-01-24,PC,4,0,1
U4537,2026-01-25,PC,1,0,0
U4537,2026-01-26,PC,5,2,0
U4537,2026-01-27,PC,5,0,0
U4537,2026-01-28,Mobile,3,0,1
U4538,2026-01-16,Mobile,5,1,3
U4538,2026-01-17,Mobile,4,1,2
U4538,2026-01-18,PC,1,0,0
U4538,2026-01-19,Mobile,3,0,1
U4538,2026-01-20,PC,1,0,1
U4538,2026-01-21,PC,1,0,1
U4538,2026-01-22,PC,2,0,0
U4538,2026-01-24,Mobile,4,1,0
U4538,2026-01-25,Mobile,3,0,2
U4538,2026-01-27,Mobile,2,1,0
U4538,2026-01-28,Mobile,1,0,1
U4539,2026-01-15,Mobile,5,0,1
U4539,2026-01-16,PC,3,0,1
U4539,2026-01-17,Mobile,2,0,0
U4539,2026-01-18,Mobile,3,1,1
U4539,2026-01-19,Mobile,4,1,1
U4539,2026-01-20,Mobile,2,1,0
U4539,2026-01-21,Mobile,5,0,1
U4539,2026-01-22,Mobile,3,0,1
U4539,2026-01-23,PC,3,1,0
U4539,2026-01-24,Mobile,1,0,1
U4539,2026-01-25,PC,3,0,0
U4539,2026-01-26,Mobile,3,0,0
U4539,2026-01-27,PC,5,2,0
U4539,2026-01-28,PC,4,1,0
U4540,2026-01-15,Mobile,5,1,0
U4540,2026-01-16,Mobile,1,0,0
U4540,2026-01-17,Mobile,5,2,2
U4540,2026-01-18,Mobile,1,0,1
U4540,2026-01-20,Mobile,2,0,1
U4540,2026-01-21,Mobile,5,1,0
U4540,2026-01-22,PC,2,0,1
U4540,2026-01-24,PC,5,3,2
U4540,2026-01-25,Mobile,3,1,2
U4540,2026-01-26,Mobile,5,1,2
U4540,2026-01-27,PC,1,1,0
U4540,2026-01-28,PC,2,0,0
U4541,2026-01-15,Mobile,4,0,1
U4541,2026-01-16,PC,1,0,0
U4541,2026-01-17,PC,4,1,1
U4541,2026-01-18,PC,2,0,0
U4541,2026-01-19,PC,2,0,0
U4541,2026-01-20,PC,5,2,1
U4541,2026-01-21,Mobile,5,0,0
U4541,2026-01-22,PC,4,3,1
U4541,2026-01-23,PC,3,0,2
U4541,2026-01-24,Mobile,5,0,1
U4541,2026-01-25,Mobile,5,0,0
U4541,2026-01-26,PC,2,1,0
U4541,2026-01-27,Mobile,1,1,0
U4541,2026-01-28,Mobile,1,0,1
U4542,2026-01-15,Mobile,2,0,1
U4542,2026-01-16,Mobile,1,0,1
U4542,2026-01-17,PC,2,0,1
U4542,2026-01-18,Mobile,1,0,1
U4542,2026-01-19,PC,4,0,0
U4542,2026-01-20,Mobile,4,0,4
U4542,2026-01-21,PC,3,0,3
U4542,2026-01-22,Mobile,1,0,1
U4542,2026-01-23,Mobile,2,0,1
U4542,2026-01-24,Mobile,5,0,3
U4542,2026-01-25,PC,1,0,0
U4542,2026-01-26,PC,4,1,2
U4542,2026-01-27,Mobile,2,0,0
U4542,2026-01-28,Mobile,1,0,0
U4543,2026-01-15,Mobile,4,0,0
U4543,2026-01-16,Mobile,2,0,2
U4543,2026-01-17,Mobile,3,0,0
U4543,2026-01-18,Mobile,4,2,1
U4543,2026-01-19,PC,2,1,0
U4543,2026-01-20,Mobile,1,1,0
U4543,2026-01-22,PC,2,0,1
U4543,2026-01-23,Mobile,5,0,1
U4543,2026-01-24,PC,3,0,0
U4543,2026-01-25,Mobile,4,0,1
U4543,2026-01-28,Mobile,5,0,2
U4544,2026-01-15,PC,2,0,1
U4544,2026-01-16,Mobile,5,0,5
U4544,2026-01-17,Mobile,5,0,0
U4544,2026-01-18,PC,3,0,1
U4544,2026-01-19,Mobile,1,0,0
U4544,2026-01-20,Mobile,1,1,0
U4544,2026-01-21,Mobile,1,0,0
U4544,2026-01-22,PC,2,2,0
U4544,2026-01-23,Mobile,5,0,0
U4544,2026-01-24,Mobile,2,0,0
U4544,2026-01-26,Mobile,3,0,2
U4544,2026-01-27,Mobile,2,0,2
U4544,2026-01-28,Mobile,5,1,4
U4545,2026-01-15,PC,2,0,0
U4545,2026-01-16,PC,1,0,1
U4545,2026-01-17,PC,4,1,3
U4545,2026-01-18,PC,1,0,1
U4545,2026-01-19,Mobile,4,0,1
U4545,2026-01-21,Mobile,5,0,4
U4545,2026-01-22,PC,5,2,1
U4545,2026-01-23,Mobile,5,1,4
U4545,2026-01-24,PC,2,0,2
U4545,2026-01-25,PC,1,0,1
U4545,2026-01-26,Mobile,3,1,1
U4545,2026-01-27,PC,1,0,1
U4545,2026-01-28,Mobile,3,0,1
U4546,2026-01-15,Mobile,1,0,0
U4546,2026-01-16,Mobile,4,0,2
U4546,2026-01-17,PC,5,3,1
U4546,2026-01-18,Mobile,1,0,1
U4546,2026-01-19,Mobile,1,1,0
U4546,2026-01-20,Mobile,2,0,1
U4546,2026-01-22,PC,1,0,0
U4546,2026-01-24,PC,4,1,1
U4546,2026-01-25,Mobile,2,1,0
U4546,2026-01-26,PC,5,0,0
U4546,2026-01-27,Mobile,1,0,0
U4546,2026-01-28,Mobile,4,2,1
U4547,2026-01-16,PC,4,0,4
U4547,2026-01-17,PC,2,0,0
U4547,2026-01-18,Mobile,2,1,1
U4547,2026-01-19,PC,3,0,2
U4547,2026-01-20,PC,1,0,0
U4547,2026-01-21,PC,5,5,0
U4547,2026-01-23,Mobile,4,0,1
U4547,2026-01-24,PC,2,0,2
U4547,2026-01-25,Mobile,1,0,1
U4547,2026-01-27,PC,1,0,0
U4547,2026-01-28,Mobile,1,0,0
U4548,2026-01-15,PC,5,2,2
U4548,2026-01-16,Mobile,5,1,3
U4548,2026-01-17,Mobile,4,1,3
U4548,2026-01-18,PC,3,0,1
U4548,2026-01-19,Mobile,2,0,1
U4548,2026-01-20,Mobile,3,0,1
U4548,2026-01-21,Mobile,3,0,1
U4548,2026-01-22,Mobile,1,1,0
U4548,2026-01-23,Mobile,2,0,0
U4548,2026-01-25,Mobile,2,0,0
U4548,2026-01-26,Mobile,4,1,3
U4549,2026-01-15,PC,4,3,1
U4549,2026-01-16,PC,4,1,1
U4549,2026-01-17,PC,1,0,0
U4549,2026-01-19,Mobile,2,0,2
U4549,2026-01-20,Mobile,1,1,0
U4549,2026-01-22,Mobile,1,0,0
U4549,2026-01-23,PC,4,0,0
U4549,2026-01-24,Mobile,2,0,0
U4549,2026-01-25,PC,5,0,0
U4549,2026-01-27,Mobile,3,0,0
U4549,2026-01-28,PC,4,2,1
U4550,2026-01-15,PC,3,2,1
U4550,2026-01-16,Mobile,1,0,0
U4550,2026-01-17,PC,5,2,0
U4550,2026-01-18,Mobile,5,0,0
U4550,2026-01-19,PC,4,2,2
U4550,2026-01-20,Mobile,2,2,0
U4550,2026-01-21,Mobile,3,0,0
U4550,2026-01-22,PC,1,0,0
U4550,2026-01-24,Mobile,2,0,0
U4550,2026-01-25,Mobile,4,1,0
U4550,2026-01-26,Mobile,5,0,0
U4550,2026-01-27,PC,5,3,2
U4550,2026-01-28,Mobile,3,0,2
U4551,2026-01-16,Mobile,3,0,1
U4551,2026-01-17,PC,1,1,0
U4551,2026-01-18,PC,2,1,1
U4551,2026-01-19,PC,3,2,0
U4551,2026-01-20,PC,3,0,2
U4551,2026-01-22,PC,4,2,0
U4551,2026-01-23,Mobile,1,0,0
U4551,2026-01-24,Mobile,3,0,1
U4551,2026-01-25,PC,5,0,1
U4551,2026-01-26,Mobile,3,1,2
U4551,2026-01-27,Mobile,2,0,0
U4551,2026-01-28,PC,2,1,0
U4552,2026-01-15,PC,1,0,0
U4552,2026-01-16,Mobile,4,0,0
U4552,2026-01-17,PC,4,1,0
U4552,2026-01-18,Mobile,2,0,0
U4552,2026-01-19,Mobile,5,0,1
U4552,2026-01-20,Mobile,1,0,1
U4552,2026-01-21,Mobile,2,1,1
U4552,2026-01-23,Mobile,4,0,2
U4552,2026-01-24,Mobile,2,1,0
U4552,2026-01-25,PC,2,1,0
U4552,2026-01-26,Mobile,5,0,0
U4552,2026-01-27,PC,5,0,2
U4552,2026-01-28,Mobile,3,0,2
U4553,2026-01-15,Mobile,3,1,0
U4553,2026-01-16,Mobile,3,1,2
U4553,2026-01-17,PC,5,0,1
U4553,2026-01-18,PC,2,2,0
U4553,2026-01-19,PC,1,1,0
U4553,2026-01-20,Mobile,5,1,3
U4553,2026-01-21,Mobile,1,1,0
U4553,2026-01-23,Mobile,3,0,1
U4553,2026-01-25,Mobile,3,0,1
U4553,2026-01-26,Mobile,5,2,3
U4553,2026-01-27,PC,2,0,0
U4553,2026-01-28,PC,1,0,0
U4554,2026-01-15,PC,4,0,2
U4554,2026-01-16,Mobile,3,0,0
U4554,2026-01-18,PC,5,2,0
U4554,2026-01-19,PC,4,0,0
U4554,2026-01-20,PC,1,0,1
U4554,2026-01-21,PC,2,2,0
U4554,2026-01-22,Mobile,2,0,0
U4554,2026-01-23,Mobile,4,1,2
U4554,2026-01-24,Mobile,3,0,3
U4554,2026-01-25,Mobile,1,0,0
U4554,2026-01-26,PC,4,0,0
U4554,2026-01-27,Mobile,2,0,1
U4554,2026-01-28,Mobile,4,1,0
U4555,2026-01-15,Mobile,2,0,0
U4555,2026-01-16,PC,2,0,1
U4555,2026-01-17,Mobile,5,0,0
U4555,2026-01-18,Mobile,4,0,0
U4555,2026-01-19,Mobile,2,1,1
U4555,2026-01-20,PC,4,0,3
U4555,2026-01-21,Mobile,5,3,2
U4555,2026-01-22,PC,2,0,0
U4555,2026-01-23,PC,5,0,1
U4555,2026-01-24,PC,3,1,0
U4555,2026-01-25,Mobile,2,1,1
U4555,2026-01-26,PC,1,1,0
U4555,2026-01-27,PC,5,2,2
U4555,2026-01-28,PC,3,0,3
U4556,2026-01-15,Mobile,1,0,0
U4556,2026-01-16,PC,3,1,1
U4556,2026-01-17,Mobile,3,0,1
U4556,2026-01-19,Mobile,5,0,0
U4556,2026-01-20,Mobile,4,0,0
U4556,2026-01-21,PC,5,0,2
U4556,2026-01-22,PC,1,0,0
U4556,2026-01-23,Mobile,1,0,1
U4556,2026-01-24,PC,5,4,0
U4556,2026-01-25,Mobile,4,2,1
U4556,2026-01-26,Mobile,4,1,1
U4556,2026-01-27,PC,2,0,0
U4556,2026-01-28,PC,5,2,0
U4557,2026-01-15,Mobile,3,2,0
U4557,2026-01-16,Mobile,2,0,0
U4557,2026-01-18,Mobile,5,2,1
U4557,2026-01-19,PC,3,1,2
U4557,2026-01-20,Mobile,4,1,0
U4557,2026-01-21,Mobile,5,0,0
U4557,2026-01-22,Mobile,4,1,2
U4557,2026-01-23,Mobile,3,1,0
U4557,2026-01-24,Mobile,5,3,2
U4557,2026-01-25,Mobile,5,1,0
U4557,2026-01-26,PC,3,0,0
U4557,2026-01-27,PC,3,1,0
U4557,2026-01-28,PC,3,1,0
U4558,2026-01-15,Mobile,2,0,0
U4558,2026-01-16,Mobile,3,1,0
U4558,2026-01-17,PC,1,0,0
U4558,2026-01-18,Mobile,4,0,0
U4558,2026-01-19,Mobile,5,3,2
U4558,2026-01-20,Mobile,2,0,0
U4558,2026-01-22,Mobile,2,1,0
U4558,2026-01-24,PC,1,0,0
U4558,2026-01-25,Mobile,1,0,0
U4558,2026-01-27,Mobile,2,0,1
U4558,2026-01-28,Mobile,3,0,3
U4559,2026-01-15,Mobile,1,0,1
U4559,2026-01-16,PC,5,0,4
U4559,2026-01-17,Mobile,4,1,0
U4559,2026-01-18,PC,2,0,2
U4559,2026-01-19,Mobile,4,2,2
U4559,2026-01-20,PC,2,0,1
U4559,2026-01-21,Mobile,4,0,0
U4559,2026-01-22,PC,5,1,2
U4559,2026-01-23,Mobile,2,0,1
U4559,2026-01-24,Mobile,2,0,1
U4559,2026-01-25,PC,5,0,1
U4559,2026-01-26,Mobile,2,0,1
U4559,2026-01-27,Mobile,5,0,3
U4560,2026-01-15,PC,4,2,0
U4560,2026-01-16,Mobile,2,0,0
U4560,2026-01-17,Mobile,5,2,1
U4560,2026-01-18,PC,1,0,0
U4560,2026-01-20,PC,1,0,1
U4560,2026-01-21,PC,5,0,2
U4560,2026-01-22,PC,1,0,0
U4560,2026-01-24,Mobile,2,0,0
U4560,2026-01-25,PC,1,1,0
U4560,2026-01-26,Mobile,1,0,1
U4560,2026-01-27,PC,3,2,1
U4560,2026-01-28,PC,5,2,0
U4561,2026-01-15,PC,3,0,1
U4561,2026-01-16,PC,2,0,1
U4561,2026-01-17,Mobile,1,1,0
U4561,2026-01-18,Mobile,3,0,1
U4561,2026-01-19,Mobile,5,0,0
U4561,2026-01-20,Mobile,5,2,3
U4561,2026-01-22,Mobile,2,1,0
U4561,2026-01-23,PC,5,0,0
U4561,2026-01-24,PC,2,0,0
U4561,2026-01-25,PC,5,0,1
U4561,2026-01-26,Mobile,4,1,1
U4561,2026-01-27,Mobile,3,0,0
U4561,2026-01-28,PC,5,2,1
U4562,2026-01-15,Mobile,4,0,3
U4562,2026-01-16,PC,5,0,1
U4562,2026-01-17,Mobile,2,0,1
U4562,2026-01-18,Mobile,3,1,2
U4562,2026-01-19,PC,2,0,0
U4562,2026-01-20,Mobile,4,0,0
U4562,2026-01-22,Mobile,3,0,0
U4562,2026-01-23,Mobile,5,0,1
U4562,2026-01-24,Mobile,2,0,1
U4562,2026-01-25,PC,1,0,1
U4562,2026-01-26,Mobile,3,2,0
U4562,2026-01-27,Mobile,1,0,1
U4562,2026-01-28,PC,3,0,2
U4563,2026-01-15,Mobile,1,0,0
U4563,2026-01-17,Mobile,5,0,1
U4563,2026-01-18,Mobile,2,1,1
U4563,2026-01-19,Mobile,3,1,1
U4563,2026-01-20,PC,5,0,1
U4563,2026-01-21,PC,3,1,2
U4563,2026-01-22,PC,3,3,0
U4563,2026-01-23,Mobile,2,1,1
U4563,2026-01-24,Mobile,1,0,0
U4563,2026-01-26,Mobile,5,0,0
U4563,2026-01-27,Mobile,4,2,2
U4563,2026-01-28,PC,2,2,0
U4564,2026-01-15,Mobile,3,0,2
U4564,2026-01-16,PC,3,0,0
U4564,2026-01-17,PC,5,0,1
U4564,2026-01-20,Mobile,4,0,0
U4564,2026-01-22,Mobile,4,2,1
U4564,2026-01-23,Mobile,2,0,0
U4564,2026-01-24,Mobile,5,1,0
U4564,2026-01-25,PC,1,0,0
U4564,2026-01-26,Mobile,2,0,2
U4564,2026-01-27,Mobile,1,0,1
U4565,2026-01-15,PC,5,0,5
U4565,2026-01-16,Mobile,3,0,1
U4565,2026-01-17,Mobile,1,0,0
U4565,2026-01-18,Mobile,4,0,0
U4565,2026-01-19,PC,3,0,0
U4565,2026-01-20,PC,2,0,2
U4565,2026-01-21,Mobile,4,0,1
U4565,2026-01-22,PC,1,0,1
U4565,2026-01-23,Mobile,3,1,1
U4565,2026-01-24,Mobile,1,0,1
U4565,2026-01-25,Mobile,4,0,2
U4565,2026-01-26,Mobile,1,1,0
U4565,2026-01-27,Mobile,2,1,1
U4565,2026-01-28,Mobile,1,0,1
U4566,2026-01-15,Mobile,4,0,0
U4566,2026-01-17,PC,1,0,0
U4566,2026-01-18,Mobile,1,0,1
U4566,2026-01-19,Mobile,3,2,1
U4566,2026-01-20,Mobile,3,2,1
U4566,2026-01-21,Mobile,1,0,1
U4566,2026-01-22,Mobile,2,0,1
U4566,2026-01-23,PC,3,1,0
U4566,2026-01-24,PC,1,0,0
U4566,2026-01-25,Mobile,5,0,0
U4566,2026-01-26,Mobile,1,0,0
U4566,2026-01-27,Mobile,1,0,0
U4566,2026-01-28,PC,4,2,0
U4567,2026-01-15,Mobile,5,0,2
U4567,2026-01-16,PC,3,1,0
U4567,2026-01-17,PC,2,1,1
U4567,2026-01-18,PC,2,0,2
U4567,2026-01-19,PC,3,2,0
U4567,2026-01-20,Mobile,5,0,4
U4567,2026-01-21,Mobile,1,0,0
U4567,2026-01-23,Mobile,2,0,0
U4567,2026-01-24,Mobile,3,0,2
U4567,2026-01-25,Mobile,2,0,0
U4567,2026-01-27,Mobile,1,1,0
U4567,2026-01-28,PC,4,1,2
U4568,2026-01-15,PC,2,2,0
U4568,2026-01-17,PC,2,0,2
U4568,2026-01-18,Mobile,5,2,0
U4568,2026-01-19,PC,5,0,2
U4568,2026-01-20,Mobile,3,1,1
U4568,2026-01-22,Mobile,3,3,0
U4568,2026-01-23,PC,1,1,0
U4568,2026-01-24,PC,3,2,1
U4568,2026-01-25,PC,2,1,1
U4568,2026-01-26,PC,2,2,0
U4568,2026-01-27,Mobile,3,0,0
U4568,2026-01-28,Mobile,5,3,0
U4569,2026-01-15,Mobile,1,1,0
U4569,2026-01-17,Mobile,3,1,1
U4569,2026-01-19,PC,3,0,1
U4569,2026-01-20,PC,5,4,1
U4569,2026-01-21,PC,4,0,1
U4569,2026-01-22,Mobile,2,0,0
U4569,2026-01-23,Mobile,1,0,1
U4569,2026-01-24,Mobile,5,0,1
U4569,2026-01-25,Mobile,2,0,0
U4569,2026-01-27,Mobile,5,4,1
U4569,2026-01-28,Mobile,4,1,0
U4570,2026-01-15,Mobile,3,1,2
U4570,2026-01-16,PC,1,0,1
U4570,2026-01-18,Mobile,3,1,1
U4570,2026-01-19,PC,3,1,0
U4570,2026-01-21,PC,2,1,0
U4570,2026-01-22,PC,3,1,2
U4570,2026-01-23,PC,2,0,2
U4570,2026-01-24,Mobile,3,0,3
U4570,2026-01-25,Mobile,3,1,1
U4570,2026-01-27,PC,5,2,2
U4570,2026-01-28,Mobile,4,2,1
U4571,2026-01-15,Mobile,1,0,0
U4571,2026-01-16,PC,2,0,0
U4571,2026-01-17,Mobile,2,1,0
U4571,2026-01-18,Mobile,2,0,0
U4571,2026-01-19,PC,4,2,0
U4571,2026-01-20,Mobile,2,1,1
U4571,2026-01-21,PC,5,2,3
U4571,2026-01-22,Mobile,5,0,1
U4571,2026-01-23,PC,3,0,0
U4571,2026-01-24,PC,3,0,0
U4571,2026-01-25,Mobile,1,0,0
U4571,2026-01-26,Mobile,3,0,1
U4571,2026-01-27,Mobile,5,0,0
U4571,2026-01-28,Mobile,4,1,2
U4572,2026-01-15,Mobile,2,1,0
U4572,2026-01-17,Mobile,3,0,2
U4572,2026-01-18,Mobile,1,1,0
U4572,2026-01-19,Mobile,1,0,0
U4572,2026-01-20,Mobile,2,1,0
U4572,2026-01-23,Mobile,2,0,0
U4572,2026-01-24,PC,2,0,1
U4572,2026-01-25,Mobile,2,0,1
U4572,2026-01-26,PC,1,0,1
U4572,2026-01-27,Mobile,1,0,0
U4572,2026-01-28,Mobile,5,0,1
U4573,2026-01-15,Mobile,5,1,1
U4573,2026-01-16,Mobile,3,1,2
U4573,2026-01-17,Mobile,1,0,0
U4573,2026-01-18,PC,3,1,0
U4573,2026-01-19,Mobile,5,5,0
U4573,2026-01-20,Mobile,3,1,0
U4573,2026-01-21,Mobile,1,0,0
U4573,2026-01-22,Mobile,2,1,0
U4573,2026-01-24,Mobile,2,0,2
U4573,2026-01-25,PC,2,2,0
U4573,2026-01-27,PC,1,0,1
U4573,2026-01-28,PC,3,2,1
U4574,2026-01-15,PC,3,0,0
U4574,2026-01-16,Mobile,2,1,1
U4574,2026-01-17,PC,3,2,1
U4574,2026-01-18,Mobile,4,1,2
U4574,2026-01-19,Mobile,5,5,0
U4574,2026-01-20,PC,1,0,0
U4574,2026-01-21,Mobile,4,0,0
U4574,2026-01-22,Mobile,1,0,0
U4574,2026-01-23,PC,2,1,1
U4574,2026-01-24,PC,2,0,2
U4574,2026-01-25,Mobile,5,2,2
U4574,2026-01-26,Mobile,2,0,2
U4574,2026-01-27,PC,3,1,2
U4574,2026-01-28,Mobile,1,0,0
U4575,2026-01-15,Mobile,5,2,2
U4575,2026-01-17,PC,5,1,3
U4575,2026-01-18,Mobile,3,1,0
U4575,2026-01-19,Mobile,1,0,0
U4575,2026-01-20,Mobile,4,0,1
U4575,2026-01-21,PC,1,0,1
U4575,2026-01-22,Mobile,5,1,1
U4575,2026-01-23,Mobile,3,0,3
U4575,2026-01-25,Mobile,3,0,2
U4575,2026-01-26,PC,2,0,1
U4576,2026-01-15,Mobile,1,0,1
U4576,2026-01-16,Mobile,3,1,0
U4576,2026-01-17,Mobile,4,0,0
U4576,2026-01-19,PC,4,0,1
U4576,2026-01-20,PC,5,3,1
U4576,2026-01-21,PC,3,0,0
U4576,2026-01-22,Mobile,5,0,0
U4576,2026-01-25,Mobile,4,0,2
U4576,2026-01-26,Mobile,5,0,5
U4576,2026-01-28,PC,4,0,0
U4577,2026-01-15,Mobile,4,1,1
U4577,2026-01-16,Mobile,5,2,0
U4577,2026-01-17,Mobile,4,2,2
U4577,2026-01-18,Mobile,4,2,2
U4577,2026-01-19,Mobile,2,0,0
U4577,2026-01-20,PC,4,0,1
U4577,2026-01-22,Mobile,1,0,0
U4577,2026-01-23,Mobile,1,1,0
U4577,2026-01-24,PC,5,4,1
U4577,2026-01-25,Mobile,3,1,1
U4577,2026-01-26,Mobile,5,1,1
U4577,2026-01-27,PC,4,1,0
U4577,2026-01-28,PC,5,0,0
U4578,2026-01-15,Mobile,2,0,0
U4578,2026-01-16,PC,3,1,1
U4578,2026-01-17,Mobile,2,2,0
U4578,2026-01-18,PC,1,0,0
U4578,2026-01-19,Mobile,2,1,0
U4578,2026-01-20,Mobile,2,0,1
U4578,2026-01-21,Mobile,4,1,1
U4578,2026-01-22,PC,4,2,1
U4578,2026-01-23,Mobile,1,0,0
U4578,2026-01-24,PC,1,0,1
U4578,2026-01-25,Mobile,3,1,1
U4578,2026-01-26,PC,4,2,2
U4578,2026-01-27,Mobile,4,0,0
U4578,2026-01-28,PC,5,2,2
U4579,2026-01-15,PC,5,1,1
U4579,2026-01-16,Mobile,3,3,0
U4579,2026-01-17,PC,4,2,1
U4579,2026-01-18,PC,5,2,2
U4579,2026-01-19,Mobile,4,2,2
U4579,2026-01-20,Mobile,5,1,3
U4579,2026-01-23,Mobile,1,0,1
U4579,2026-01-24,Mobile,4,1,1
U4579,2026-01-25,PC,5,3,0
U4579,2026-01-26,Mobile,5,1,0
U4579,2026-01-27,Mobile,5,2,2
U4579,2026-01-28,Mobile,4,0,0
U4580,2026-01-15,Mobile,2,2,0
U4580,2026-01-16,Mobile,3,0,1
U4580,2026-01-17,PC,4,1,1
U4580,2026-01-18,Mobile,4,0,1
U4580,2026-01-19,Mobile,1,0,1
U4580,2026-01-20,Mobile,3,1,1
U4580,2026-01-21,PC,1,0,0
U4580,2026-01-22,Mobile,5,0,0
U4580,2026-01-23,Mobile,2,0,1
U4580,2026-01-24,PC,4,1,2
U4580,2026-01-25,Mobile,4,1,1
U4580,2026-01-26,PC,2,0,0
U4580,2026-01-27,Mobile,4,1,0
U4580,2026-01-28,Mobile,1,0,0
U4581,2026-01-16,Mobile,3,0,0
U4581,2026-01-17,PC,1,0,0
U4581,2026-01-18,PC,5,3,2
U4581,2026-01-19,Mobile,3,0,0
U4581,2026-01-21,Mobile,1,0,0
U4581,2026-01-22,Mobile,1,0,0
U4581,2026-01-23,Mobile,5,1,0
U4581,2026-01-24,PC,4,1,2
U4581,2026-01-25,Mobile,1,1,0
U4581,2026-01-26,Mobile,2,0,0
U4581,2026-01-27,Mobile,3,2,0
U4581,2026-01-28,Mobile,3,3,0
U4582,2026-01-15,Mobile,3,0,0
U4582,2026-01-16,Mobile,2,0,2
U4582,2026-01-17,PC,2,0,0
U4582,2026-01-18,Mobile,4,1,3
U4582,2026-01-19,PC,2,0,1
U4582,2026-01-20,Mobile,2,0,2
U4582,2026-01-21,Mobile,5,1,2
U4582,2026-01-22,Mobile,2,1,0
U4582,2026-01-23,PC,4,0,0
U4582,2026-01-24,Mobile,1,0,0
U4582,2026-01-25,Mobile,3,0,0
U4582,2026-01-26,PC,5,0,1
U4582,2026-01-27,Mobile,3,0,0
U4582,2026-01-28,Mobile,1,0,0
U4583,2026-01-15,PC,4,1,2
U4583,2026-01-16,Mobile,1,0,0
U4583,2026-01-19,Mobile,4,2,1
U4583,2026-01-20,PC,5,2,1
U4583,2026-01-21,PC,2,1,1
U4583,2026-01-22,PC,3,0,0
U4583,2026-01-23,PC,1,0,0
U4583,2026-01-24,PC,1,0,0
U4583,2026-01-25,PC,2,0,0
U4583,2026-01-26,Mobile,3,2,1
U4583,2026-01-27,Mobile,5,2,1
U4583,2026-01-28,Mobile,3,2,1
U4584,2026-01-16,Mobile,5,0,1
U4584,2026-01-17,PC,1,0,1
U4584,2026-01-18,Mobile,4,0,2
U4584,2026-01-22,Mobile,4,0,0
U4584,2026-01-24,Mobile,3,1,1
U4584,2026-01-25,Mobile,3,0,1
U4584,2026-01-26,PC,5,1,1
U4584,2026-01-27,Mobile,1,0,1
U4584,2026-01-28,Mobile,4,0,0
U4585,2026-01-15,Mobile,1,0,1
U4585,2026-01-16,Mobile,3,0,1
U4585,2026-01-17,Mobile,2,1,1
U4585,2026-01-18,PC,1,0,1
U4585,2026-01-19,Mobile,4,1,3
U4585,2026-01-20,PC,5,2,3
U4585,2026-01-22,Mobile,2,1,0
U4585,2026-01-23,Mobile,1,1,0
U4585,2026-01-25,Mobile,2,0,0
U4585,2026-01-26,PC,1,0,0
U4585,2026-01-28,PC,2,0,2
U4586,2026-01-17,Mobile,1,0,0
U4586,2026-01-18,Mobile,2,1,1
U4586,2026-01-19,PC,1,0,0
U4586,2026-01-20,Mobile,4,0,0
U4586,2026-01-21,PC,2,0,2
U4586,2026-01-23,Mobile,2,0,1
U4586,2026-01-24,Mobile,1,0,0
U4586,2026-01-25,Mobile,2,1,0
U4586,2026-01-26,PC,2,0,1
U4586,2026-01-27,Mobile,5,2,2
U4586,2026-01-28,Mobile,2,1,1
U4587,2026-01-15,Mobile,5,0,2
U4587,2026-01-16,Mobile,1,0,1
U4587,2026-01-17,PC,1,0,1
U4587,2026-01-19,Mobile,3,1,2
U4587,2026-01-20,PC,5,1,2
U4587,2026-01-21,PC,4,3,1
U4587,2026-01-22,Mobile,2,0,0
U4587,2026-01-23,Mobile,2,0,0
U4587,2026-01-24,PC,1,0,0
U4587,2026-01-25,Mobile,2,0,2
U4587,2026-01-26,Mobile,4,0,0
U4587,2026-01-27,Mobile,3,0,1
U4587,2026-01-28,Mobile,5,0,0
U4588,2026-01-15,PC,3,1,2
U4588,2026-01-16,PC,5,0,5
U4588,2026-01-17,Mobile,5,2,0
U4588,2026-01-19,Mobile,4,1,3
U4588,2026-01-20,Mobile,1,0,1
U4588,2026-01-21,PC,4,0,2
U4588,2026-01-22,Mobile,4,0,4
U4588,2026-01-24,Mobile,3,2,0
U4588,2026-01-25,Mobile,5,0,5
U4588,2026-01-26,Mobile,2,0,0
U4588,2026-01-28,PC,5,1,3
U4589,2026-01-15,Mobile,5,2,1
U4589,2026-01-17,PC,1,1,0
U4589,2026-01-18,Mobile,3,0,0
U4589,2026-01-19,Mobile,1,1,0
U4589,2026-01-20,Mobile,2,1,1
U4589,2026-01-21,Mobile,2,1,1
U4589,2026-01-22,Mobile,3,1,2
U4589,2026-01-23,Mobile,4,2,1
U4589,2026-01-24,Mobile,1,1,0
U4589,2026-01-25,PC,1,0,0
U4589,2026-01-26,PC,4,1,3
U4589,2026-01-27,Mobile,5,2,0
U4589,2026-01-28,Mobile,5,0,2
U4590,2026-01-15,Mobile,1,0,1
U4590,2026-01-16,Mobile,5,0,2
U4590,2026-01-17,PC,5,0,0
U4590,2026-01-18,PC,5,0,0
U4590,2026-01-20,Mobile,5,0,0
U4590,2026-01-22,Mobile,1,1,0
U4590,2026-01-23,PC,2,0,1
U4590,2026-01-24,Mobile,2,0,1
U4590,2026-01-25,PC,2,0,1
U4590,2026-01-26,Mobile,5,1,2
U4590,2026-01-27,PC,1,0,0
U4590,2026-01-28,PC,3,0,2
U4591,2026-01-15,PC,2,0,2
U4591,2026-01-16,Mobile,3,0,1
U4591,2026-01-17,Mobile,4,0,1
U4591,2026-01-19,Mobile,5,0,0
U4591,2026-01-20,PC,1,0,0
U4591,2026-01-21,PC,5,0,3
U4591,2026-01-23,PC,4,0,4
U4591,2026-01-24,Mobile,3,1,2
U4591,2026-01-25,PC,3,0,0
U4591,2026-01-26,Mobile,4,0,1
U4591,2026-01-27,Mobile,4,0,4
U4591,2026-01-28,PC,3,0,2
U4592,2026-01-15,Mobile,3,0,0
U4592,2026-01-16,PC,4,1,0
U4592,2026-01-17,Mobile,5,1,1
U4592,2026-01-18,Mobile,5,1,1
U4592,2026-01-19,PC,4,1,0
U4592,2026-01-20,Mobile,5,1,1
U4592,2026-01-22,PC,1,1,0
U4592,2026-01-24,Mobile,1,0,0
U4592,2026-01-25,Mobile,4,2,2
U4592,2026-01-26,PC,1,0,0
U4592,2026-01-27,PC,1,0,0
U4592,2026-01-28,PC,5,1,3
U4593,2026-01-15,PC,2,1,0
U4593,2026-01-16,PC,3,1,1
U4593,2026-01-17,Mobile,5,0,0
U4593,2026-01-18,PC,3,2,0
U4593,2026-01-19,Mobile,2,0,0
U4593,2026-01-20,PC,2,2,0
U4593,2026-01-21,PC,1,1,0
U4593,2026-01-22,PC,2,1,0
U4593,2026-01-23,PC,4,3,0
U4593,2026-01-24,PC,5,3,2
U4593,2026-01-25,Mobile,2,0,0
U4593,2026-01-26,PC,2,0,1
U4593,2026-01-27,Mobile,5,0,0
U4594,2026-01-15,Mobile,2,0,1
U4594,2026-01-16,Mobile,2,0,1
U4594,2026-01-18,Mobile,3,0,0
U4594,2026-01-19,PC,1,0,0
U4594,2026-01-20,Mobile,2,0,2
U4594,2026-01-21,PC,2,0,2
U4594,2026-01-22,PC,3,0,0
U4594,2026-01-23,Mobile,3,0,2
U4594,2026-01-24,Mobile,5,2,2
U4594,2026-01-25,PC,4,0,1
U4594,2026-01-26,Mobile,3,0,0
U4594,2026-01-27,Mobile,2,0,1
U4594,2026-01-28,Mobile,3,0,2
U4595,2026-01-15,Mobile,4,2,1
U4595,2026-01-17,PC,1,0,1
U4595,2026-01-18,PC,3,2,1
U4595,2026-01-19,Mobile,4,1,1
U4595,2026-01-20,Mobile,1,1,0
U4595,2026-01-21,PC,3,0,0
U4595,2026-01-22,PC,1,0,1
U4595,2026-01-23,Mobile,1,0,0
U4595,2026-01-24,Mobile,1,0,1
U4595,2026-01-25,Mobile,5,2,1
U4595,2026-01-26,PC,1,0,1
U4595,2026-01-27,Mobile,5,3,0
U4595,2026-01-28,PC,2,1,0
U4596,2026-01-15,PC,5,0,3
U4596,2026-01-16,PC,1,0,0
U4596,2026-01-18,Mobile,1,0,1
U4596,2026-01-19,PC,3,0,0
U4596,2026-01-20,PC,3,3,0
U4596,2026-01-21,PC,4,0,0
U4596,2026-01-22,PC,2,0,0
U4596,2026-01-23,PC,1,0,0
U4596,2026-01-24,Mobile,1,0,1
U4596,2026-01-25,Mobile,1,0,0
U4596,2026-01-26,Mobile,4,0,4
U4596,2026-01-27,PC,2,1,1
U4596,2026-01-28,Mobile,3,1,1
U4597,2026-01-15,Mobile,4,0,3
U4597,2026-01-16,Mobile,3,1,0
U4597,2026-01-17,PC,1,0,0
U4597,2026-01-18,Mobile,4,1,0
U4597,2026-01-20,Mobile,5,2,1
U4597,2026-01-21,Mobile,1,1,0
U4597,2026-01-23,Mobile,4,2,2
U4597,2026-01-24,Mobile,5,1,0
U4597,2026-01-26,Mobile,1,0,1
U4597,2026-01-27,Mobile,5,4,1
U4597,2026-01-28,Mobile,3,1,0
U4598,2026-01-15,PC,5,1,2
U4598,2026-01-16,Mobile,3,0,1
U4598,2026-01-18,PC,2,1,1
U4598,2026-01-20,PC,1,0,1
U4598,2026-01-21,PC,4,0,0
U4598,2026-01-22,Mobile,3,0,2
U4598,2026-01-23,PC,3,0,1
U4598,2026-01-25,Mobile,3,0,2
U4598,2026-01-26,Mobile,4,2,2
U4598,2026-01-27,PC,1,1,0
U4598,2026-01-28,Mobile,5,0,5
U4599,2026-01-15,Mobile,2,0,0
U4599,2026-01-16,Mobile,1,0,1
U4599,2026-01-18,PC,5,3,2
U4599,2026-01-19,Mobile,4,1,3
U4599,2026-01-21,PC,5,0,2
U4599,2026-01-22,Mobile,4,2,2
U4599,2026-01-23,Mobile,4,0,2
U4599,2026-01-24,Mobile,5,0,0
U4599,2026-01-25,Mobile,5,0,0
U4599,2026-01-26,Mobile,3,0,1
U4599,2026-01-27,Mobile,5,0,1
U4599,2026-01-28,PC,3,0,1
U4600,2026-01-15,PC,2,0,1
U4600,2026-01-16,Mobile,5,1,4
U4600,2026-01-17,PC,3,1,0
U4600,2026-01-18,Mobile,4,0,0
U4600,2026-01-19,Mobile,2,0,1
U4600,2026-01-20,PC,4,1,1
U4600,2026-01-21,Mobile,2,1,1
U4600,2026-01-22,Mobile,2,0,1
U4600,2026-01-23,PC,5,1,2
U4600,2026-01-26,PC,5,1,3
U4600,2026-01-27,PC,3,1,2
U4600,2026-01-28,PC,1,0,0
U4601,2026-01-15,PC,5,1,2
U4601,2026-01-16,PC,4,0,0
U4601,2026-01-17,PC,4,3,0
U4601,2026-01-18,PC,4,0,3
U4601,2026-01-19,PC,1,0,0
U4601,2026-01-20,Mobile,2,0,0
U4601,2026-01-21,PC,5,1,2
U4601,2026-01-22,Mobile,5,0,4
U4601,2026-01-23,Mobile,5,1,0
U4601,2026-01-24,PC,2,0,2
U4601,2026-01-25,PC,2,0,0
U4601,2026-01-26,Mobile,3,0,3
U4601,2026-01-27,Mobile,4,0,2
U4601,2026-01-28,Mobile,4,0,1
U4602,2026-01-15,Mobile,3,1,2
U4602,2026-01-16,Mobile,2,0,1
U4602,2026-01-17,PC,2,0,0
U4602,2026-01-18,Mobile,4,0,0
U4602,2026-01-20,PC,3,0,2
U4602,2026-01-22,Mobile,5,0,4
U4602,2026-01-24,Mobile,4,0,1
U4602,2026-01-25,Mobile,4,1,2
U4602,2026-01-26,PC,1,0,0
U4602,2026-01-27,Mobile,1,0,1
U4602,2026-01-28,PC,4,1,2
U4603,2026-01-15,PC,4,2,0
U4603,2026-01-16,PC,3,2,1
U4603,2026-01-19,Mobile,4,1,0
U4603,2026-01-20,Mobile,5,1,0
U4603,2026-01-21,PC,2,1,0
U4603,2026-01-22,Mobile,1,0,0
U4603,2026-01-24,PC,1,0,0
U4603,2026-01-25,Mobile,5,1,1
U4603,2026-01-26,PC,5,3,2
U4603,2026-01-27,Mobile,2,2,0
U4603,2026-01-28,Mobile,5,0,0
U4604,2026-01-15,PC,3,0,1
U4604,2026-01-16,Mobile,3,0,2
U4604,2026-01-17,Mobile,4,2,2
U4604,2026-01-18,PC,4,0,0
U4604,2026-01-19,Mobile,1,0,1
U4604,2026-01-20,Mobile,2,0,2
U4604,2026-01-21,Mobile,5,3,2
U4604,2026-01-22,Mobile,4,0,1
U4604,2026-01-23,Mobile,2,0,1
U4604,2026-01-24,Mobile,4,0,0
U4604,2026-01-25,Mobile,4,0,4
U4604,2026-01-26,Mobile,4,0,2
U4604,2026-01-27,Mobile,2,0,0
U4604,2026-01-28,Mobile,1,0,0
U4605,2026-01-15,Mobile,2,0,0
U4605,2026-01-16,Mobile,2,0,1
U4605,2026-01-17,Mobile,1,1,0
U4605,2026-01-18,Mobile,5,0,3
U4605,2026-01-19,Mobile,4,1,2
U4605,2026-01-20,PC,2,0,0
U4605,2026-01-21,PC,1,1,0
U4605,2026-01-22,PC,5,1,0
U4605,2026-01-23,Mobile,3,0,2
U4605,2026-01-24,PC,4,0,0
U4605,2026-01-25,Mobile,5,0,0
U4605,2026-01-26,Mobile,5,1,0
U4605,2026-01-27,Mobile,3,1,1
U4605,2026-01-28,Mobile,4,1,1
U4606,2026-01-15,Mobile,4,0,1
U4606,2026-01-16,Mobile,3,0,0
U4606,2026-01-17,PC,4,1,3
U4606,2026-01-18,Mobile,4,0,1
U4606,2026-01-19,PC,1,0,0
U4606,2026-01-20,PC,1,0,0
U4606,2026-01-21,Mobile,2,0,2
U4606,2026-01-22,PC,5,0,1
U4606,2026-01-23,PC,4,1,0
U4606,2026-01-24,PC,2,0,0
U4606,2026-01-25,Mobile,2,1,0
U4606,2026-01-26,PC,1,0,0
U4606,2026-01-27,Mobile,5,2,2
U4606,2026-01-28,Mobile,5,0,0
U4607,2026-01-15,Mobile,2,0,2
U4607,2026-01-16,PC,5,3,1
U4607,2026-01-17,Mobile,4,0,1
U4607,2026-01-18,PC,4,2,2
U4607,2026-01-19,Mobile,2,0,0
U4607,2026-01-20,PC,4,0,0
U4607,2026-01-21,Mobile,4,3,1
U4607,2026-01-22,Mobile,4,1,1
U4607,2026-01-23,PC,5,3,2
U4607,2026-01-24,PC,5,2,0
U4607,2026-01-26,Mobile,5,0,0
U4607,2026-01-27,PC,1,0,0
U4607,2026-01-28,Mobile,2,1,0
U4608,2026-01-15,PC,1,0,1
U4608,2026-01-16,Mobile,5,0,2
U4608,2026-01-17,PC,4,0,0
U4608,2026-01-18,PC,3,0,2
U4608,2026-01-19,Mobile,5,1,3
U4608,2026-01-20,Mobile,3,0,1
U4608,2026-01-21,Mobile,3,1,1
U4608,2026-01-22,Mobile,3,0,2
U4608,2026-01-23,Mobile,5,0,0
U4608,2026-01-24,PC,4,0,1
U4608,2026-01-25,Mobile,3,1,1
U4608,2026-01-26,PC,5,2,2
U4608,2026-01-27,Mobile,5,2,2
U4608,2026-01-28,Mobile,1,1,0
U4609,2026-01-15,PC,3,1,1
U4609,2026-01-16,Mobile,3,1,1
U4609,2026-01-17,Mobile,5,0,2
U4609,2026-01-18,PC,2,0,0
U4609,2026-01-19,PC,5,1,3
U4609,2026-01-20,Mobile,5,2,3
U4609,2026-01-21,PC,1,0,0
U4609,2026-01-23,Mobile,2,1,0
U4609,2026-01-25,Mobile,5,4,1
U4609,2026-01-26,Mobile,5,0,0
U4609,2026-01-27,PC,1,0,0
U4609,2026-01-28,PC,5,3,1
U4610,2026-01-15,Mobile,1,0,1
U4610,2026-01-16,PC,5,0,0
U4610,2026-01-17,Mobile,1,0,1
U4610,2026-01-20,Mobile,2,1,1
U4610,2026-01-21,PC,3,0,0
U4610,2026-01-22,PC,5,2,0
U4610,2026-01-23,Mobile,4,1,0
U4610,2026-01-25,PC,1,1,0
U4610,2026-01-26,Mobile,1,1,0
U4610,2026-01-27,Mobile,3,1,1
U4610,2026-01-28,Mobile,4,0,2
U4611,2026-01-15,PC,4,0,2
U4611,2026-01-16,Mobile,5,0,3
U4611,2026-01-17,PC,2,0,0
U4611,2026-01-18,Mobile,1,0,0
U4611,2026-01-20,PC,3,0,0
U4611,2026-01-21,PC,3,0,0
U4611,2026-01-22,Mobile,4,0,1
U4611,2026-01-23,Mobile,5,1,0
U4611,2026-01-24,PC,1,0,0
U4611,2026-01-25,PC,4,0,0
U4611,2026-01-26,Mobile,2,2,0
U4611,2026-01-27,Mobile,3,0,0
U4611,2026-01-28,Mobile,1,1,0
U4612,2026-01-15,PC,4,1,0
U4612,2026-01-16,Mobile,2,1,0
U4612,2026-01-17,Mobile,2,1,0
U4612,2026-01-18,Mobile,3,1,1
U4612,2026-01-19,PC,3,2,0
U4612,2026-01-21,PC,2,1,0
U4612,2026-01-22,Mobile,2,1,0
U4612,2026-01-23,PC,1,0,1
U4612,2026-01-24,Mobile,4,0,1
U4612,2026-01-25,PC,4,1,0
U4612,2026-01-26,Mobile,1,0,1
U4612,2026-01-27,PC,1,0,1
U4612,2026-01-28,Mobile,3,0,1
U4613,2026-01-15,Mobile,2,1,0
U4613,2026-01-16,Mobile,2,2,0
U4613,2026-01-17,Mobile,1,0,0
U4613,2026-01-18,PC,2,0,0
U4613,2026-01-19,PC,5,0,0
U4613,2026-01-20,Mobile,5,0,0
U4613,2026-01-21,PC,5,2,2
U4613,2026-01-22,Mobile,4,0,0
U4613,2026-01-23,PC,5,2,1
U4613,2026-01-24,Mobile,2,2,0
U4613,2026-01-25,PC,2,0,0
U4613,2026-01-26,Mobile,4,1,2
U4613,2026-01-27,Mobile,5,2,2
U4613,2026-01-28,Mobile,5,1,1
U4614,2026-01-15,Mobile,5,1,0
U4614,2026-01-16,Mobile,1,0,0
U4614,2026-01-17,Mobile,3,3,0
U4614,2026-01-18,PC,3,3,0
U4614,2026-01-19,Mobile,1,1,0
U4614,2026-01-20,Mobile,5,3,0
U4614,2026-01-21,Mobile,4,1,1
U4614,2026-01-22,Mobile,4,0,4
U4614,2026-01-23,PC,3,0,0
U4614,2026-01-24,PC,5,0,1
U4614,2026-01-25,Mobile,1,0,0
U4614,2026-01-26,Mobile,3,0,1
U4614,2026-01-27,Mobile,1,0,1
U4614,2026-01-28,Mobile,5,2,0
U4615,2026-01-15,Mobile,3,0,1
U4615,2026-01-16,PC,5,0,0
U4615,2026-01-17,Mobile,1,0,0
U4615,2026-01-18,PC,5,2,3
U4615,2026-01-19,Mobile,4,3,1
U4615,2026-01-20,Mobile,3,1,1
U4615,2026-01-21,PC,3,0,0
U4615,2026-01-22,Mobile,1,1,0
U4615,2026-01-23,Mobile,5,2,1
U4615,2026-01-25,PC,2,0,0
U4615,2026-01-26,Mobile,4,0,0
U4615,2026-01-28,PC,1,0,0
U4616,2026-01-16,PC,1,1,0
U4616,2026-01-17,Mobile,5,2,1
U4616,2026-01-18,PC,3,1,1
U4616,2026-01-19,Mobile,4,2,1
U4616,2026-01-20,Mobile,3,1,1
U4616,2026-01-21,PC,2,0,1
U4616,2026-01-22,Mobile,3,0,1
U4616,2026-01-23,Mobile,2,2,0
U4616,2026-01-24,Mobile,3,1,0
U4616,2026-01-25,Mobile,2,0,1
U4616,2026-01-26,Mobile,2,2,0
U4616,2026-01-27,PC,3,1,0
U4616,2026-01-28,PC,5,0,0
U4617,2026-01-15,Mobile,5,2,1
U4617,2026-01-16,PC,2,1,1
U4617,2026-01-17,Mobile,5,3,1
U4617,2026-01-20,PC,1,0,0
U4617,2026-01-21,PC,1,0,1
U4617,2026-01-22,Mobile,2,0,1
U4617,2026-01-23,Mobile,1,0,0
U4617,2026-01-24,Mobile,3,1,2
U4617,2026-01-25,PC,2,1,0
U4617,2026-01-26,PC,3,1,1
U4617,2026-01-27,Mobile,5,1,3
U4617,2026-01-28,PC,4,1,2
U4618,2026-01-15,PC,4,1,2
U4618,2026-01-17,Mobile,5,0,3
U4618,2026-01-18,Mobile,5,0,2
U4618,2026-01-20,PC,5,1,3
U4618,2026-01-21,Mobile,4,3,1
U4618,2026-01-23,Mobile,3,0,2
U4618,2026-01-24,Mobile,2,0,0
U4618,2026-01-25,Mobile,1,0,1
U4618,2026-01-26,PC,2,0,0
U4618,2026-01-27,PC,3,0,2
U4618,2026-01-28,Mobile,5,0,0
U4619,2026-01-15,PC,3,0,2
U4619,2026-01-16,Mobile,1,0,0
U4619,2026-01-17,Mobile,4,0,2
U4619,2026-01-18,Mobile,1,0,0
U4619,2026-01-19,Mobile,5,0,0
U4619,2026-01-20,PC,5,0,3
U4619,2026-01-21,Mobile,2,1,1
U4619,2026-01-22,Mobile,2,0,0
U4619,2026-01-23,PC,1,0,0
U4619,2026-01-24,Mobile,1,0,0
U4619,2026-01-25,Mobile,3,0,1
U4619,2026-01-26,Mobile,5,1,1
U4619,2026-01-27,PC,2,0,2
U4619,2026-01-28,Mobile,5,0,4
U4620,2026-01-15,PC,2,0,0
U4620,2026-01-16,PC,2,0,0
U4620,2026-01-17,Mobile,3,0,0
U4620,2026-01-18,Mobile,4,0,2
U4620,2026-01-19,Mobile,2,0,1
U4620,2026-01-20,PC,1,0,0
U4620,2026-01-21,Mobile,3,0,1
U4620,2026-01-22,Mobile,4,1,1
U4620,2026-01-23,Mobile,4,0,0
U4620,2026-01-25,PC,3,0,1
U4620,2026-01-26,Mobile,3,0,1
U4620,2026-01-28,PC,3,0,2
U4621,2026-01-15,PC,4,3,1
U4621,2026-01-16,PC,5,1,0
U4621,2026-01-17,PC,1,0,0
U4621,2026-01-18,Mobile,1,0,1
U4621,2026-01-19,Mobile,5,2,1
U4621,2026-01-20,Mobile,2,1,0
U4621,2026-01-21,Mobile,1,1,0
U4621,2026-01-22,Mobile,5,4,1
U4621,2026-01-23,Mobile,4,0,0
U4621,2026-01-24,Mobile,3,1,2
U4621,2026-01-25,Mobile,1,1,0
U4621,2026-01-26,PC,4,0,0
U4621,2026-01-28,PC,3,0,0
U4622,2026-01-15,Mobile,3,2,1
U4622,2026-01-16,PC,3,2,0
U4622,2026-01-17,Mobile,5,2,1
U4622,2026-01-18,Mobile,4,3,1
U4622,2026-01-19,Mobile,2,2,0
U4622,2026-01-20,PC,4,0,0
U4622,2026-01-21,Mobile,3,1,1
U4622,2026-01-23,Mobile,2,0,1
U4622,2026-01-24,PC,4,1,2
U4622,2026-01-25,PC,1,1,0
U4622,2026-01-27,PC,2,0,0
U4622,2026-01-28,Mobile,5,3,2
U4623,2026-01-15,Mobile,1,0,1
U4623,2026-01-16,Mobile,3,1,1
U4623,2026-01-17,Mobile,2,0,1
U4623,2026-01-18,PC,2,0,0
U4623,2026-01-19,Mobile,4,1,3
U4623,2026-01-20,Mobile,4,1,2
U4623,2026-01-21,Mobile,4,2,2
U4623,2026-01-22,PC,5,3,1
U4623,2026-01-23,Mobile,2,0,2
U4623,2026-01-24,Mobile,1,0,0
U4623,2026-01-25,Mobile,3,1,2
U4623,2026-01-26,Mobile,4,0,1
U4623,2026-01-27,PC,4,0,0
U4623,2026-01-28,Mobile,3,0,1
U4624,2026-01-15,Mobile,3,0,0
U4624,2026-01-16,Mobile,2,0,1
U4624,2026-01-17,PC,5,1,1
U4624,2026-01-18,Mobile,3,1,1
U4624,2026-01-19,Mobile,2,0,0
U4624,2026-01-20,Mobile,4,2,1
U4624,2026-01-21,Mobile,3,0,0
U4624,2026-01-22,PC,5,0,1
U4624,2026-01-23,PC,3,1,0
U4624,2026-01-24,PC,2,0,2
U4624,2026-01-25,Mobile,5,0,4
U4624,2026-01-26,Mobile,1,0,1
U4624,2026-01-27,PC,5,1,4
U4624,2026-01-28,Mobile,5,2,0
U4625,2026-01-15,Mobile,4,2,2
U4625,2026-01-16,Mobile,3,2,1
U4625,2026-01-18,Mobile,5,3,1
U4625,2026-01-19,PC,2,2,0
U4625,2026-01-20,Mobile,4,0,0
U4625,2026-01-21,Mobile,2,2,0
U4625,2026-01-22,PC,1,0,0
U4625,2026-01-23,PC,1,0,0
U4625,2026-01-24,PC,2,0,0
U4625,2026-01-25,PC,2,1,1
U4625,2026-01-26,PC,4,2,0
U4625,2026-01-27,Mobile,4,0,2
U4625,2026-01-28,PC,4,0,0
U4626,2026-01-15,PC,3,1,2
U4626,2026-01-16,Mobile,2,0,2
U4626,2026-01-17,Mobile,4,0,1
U4626,2026-01-18,Mobile,5,0,0
U4626,2026-01-19,PC,3,0,1
U4626,2026-01-20,Mobile,2,1,0
U4626,2026-01-21,PC,3,1,2
U4626,2026-01-22,Mobile,1,1,0
U4626,2026-01-23,PC,5,3,1
U4626,2026-01-24,Mobile,3,1,1
U4626,2026-01-25,Mobile,4,0,1
U4626,2026-01-26,PC,1,0,1
U4626,2026-01-27,Mobile,4,0,0
U4626,2026-01-28,Mobile,2,0,1
U4627,2026-01-15,Mobile,5,4,0
U4627,2026-01-17,Mobile,2,2,0
U4627,2026-01-18,PC,2,1,0
U4627,2026-01-20,Mobile,1,1,0
U4627,2026-01-22,Mobile,3,1,0
U4627,2026-01-23,Mobile,3,2,1
U4627,2026-01-24,Mobile,2,2,0
U4627,2026-01-25,PC,2,1,0
U4627,2026-01-26,PC,1,0,0
U4627,2026-01-27,PC,2,0,0
U4627,2026-01-28,Mobile,2,1,0
U4628,2026-01-15,PC,4,3,1
U4628,2026-01-16,Mobile,4,1,0
U4628,2026-01-18,PC,4,3,0
U4628,2026-01-19,Mobile,1,0,1
U4628,2026-01-20,Mobile,5,1,1
U4628,2026-01-21,PC,4,0,1
U4628,2026-01-22,PC,1,0,0
U4628,2026-01-23,Mobile,1,0,0
U4628,2026-01-25,Mobile,2,0,0
U4628,2026-01-26,Mobile,1,1,0
U4628,2026-01-27,Mobile,5,2,3
U4628,2026-01-28,Mobile,2,0,2
U4629,2026-01-16,Mobile,1,0,1
U4629,2026-01-17,Mobile,1,0,1
U4629,2026-01-18,Mobile,4,1,1
U4629,2026-01-19,Mobile,1,0,0
U4629,2026-01-20,Mobile,1,0,0
U4629,2026-01-21,Mobile,4,0,0
U4629,2026-01-22,Mobile,3,0,1
U4629,2026-01-23,Mobile,5,1,2
U4629,2026-01-25,Mobile,3,0,1
U4629,2026-01-26,Mobile,4,1,1
U4629,2026-01-27,Mobile,5,1,4
U4629,2026-01-28,Mobile,3,0,0
U4630,2026-01-15,Mobile,3,1,0
U4630,2026-01-16,Mobile,4,1,0
U4630,2026-01-17,Mobile,1,0,1
U4630,2026-01-18,Mobile,2,0,0
U4630,2026-01-19,Mobile,4,0,3
U4630,2026-01-20,PC,2,0,0
U4630,2026-01-21,PC,5,2,0
U4630,2026-01-22,Mobile,1,0,1
U4630,2026-01-24,PC,5,2,3
U4630,2026-01-25,PC,4,0,1
U4630,2026-01-26,Mobile,3,0,0
U4630,2026-01-27,PC,3,0,0
U4630,2026-01-28,PC,2,1,1
U4631,2026-01-17,PC,3,0,3
U4631,2026-01-18,PC,2,0,0
U4631,2026-01-19,PC,5,0,0
U4631,2026-01-20,Mobile,4,1,2
U4631,2026-01-21,PC,4,0,2
U4631,2026-01-22,PC,5,0,1
U4631,2026-01-23,Mobile,4,2,2
U4631,2026-01-24,Mobile,2,0,0
U4631,2026-01-26,PC,5,2,1
U4631,2026-01-27,PC,3,0,1
U4631,2026-01-28,Mobile,3,0,0
U4632,2026-01-15,Mobile,5,0,0
U4632,2026-01-16,PC,2,0,0
U4632,2026-01-17,PC,4,2,0
U4632,2026-01-18,PC,5,4,1
U4632,2026-01-19,PC,2,2,0
U4632,2026-01-20,Mobile,2,2,0
U4632,2026-01-21,PC,4,0,1
U4632,2026-01-22,PC,1,1,0
U4632,2026-01-23,Mobile,3,2,1
U4632,2026-01-24,Mobile,3,0,0
U4632,2026-01-25,Mobile,1,0,0
U4632,2026-01-26,Mobile,3,1,2
U4632,2026-01-27,PC,3,1,1
U4633,2026-01-15,PC,4,2,1
U4633,2026-01-16,PC,5,0,1
U4633,2026-01-17,Mobile,4,0,1
U4633,2026-01-19,Mobile,5,0,0
U4633,2026-01-20,PC,4,0,0
U4633,2026-01-23,PC,1,0,0
U4633,2026-01-24,PC,1,1,0
U4633,2026-01-26,Mobile,1,1,0
U4633,2026-01-27,Mobile,2,1,0
U4633,2026-01-28,PC,4,1,3
U4634,2026-01-15,PC,5,1,4
U4634,2026-01-16,Mobile,5,2,1
U4634,2026-01-17,PC,2,0,0
U4634,2026-01-18,Mobile,1,0,0
U4634,2026-01-19,PC,3,0,0
U4634,2026-01-20,Mobile,4,0,0
U4634,2026-01-21,Mobile,5,4,1
U4634,2026-01-22,Mobile,4,0,0
U4634,2026-01-23,Mobile,3,0,0
U4634,2026-01-24,Mobile,3,2,1
U4634,2026-01-25,Mobile,4,0,0
U4634,2026-01-27,PC,3,1,1
U4635,2026-01-15,Mobile,1,0,1
U4635,2026-01-16,PC,3,2,1
U4635,2026-01-17,Mobile,4,3,1
U4635,2026-01-18,Mobile,4,1,1
U4635,2026-01-19,Mobile,2,0,0
U4635,2026-01-20,Mobile,3,2,0
U4635,2026-01-21,PC,2,0,1
U4635,2026-01-22,Mobile,1,1,0
U4635,2026-01-23,PC,5,2,1
U4635,2026-01-25,PC,1,1,0
U4635,2026-01-26,Mobile,4,1,2
U4635,2026-01-27,Mobile,3,2,0
U4635,2026-01-28,Mobile,2,0,2
U4636,2026-01-15,Mobile,4,0,1
U4636,2026-01-16,Mobile,1,0,0
U4636,2026-01-17,PC,2,1,0
U4636,2026-01-18,Mobile,1,0,0
U4636,2026-01-19,PC,5,2,1
U4636,2026-01-21,Mobile,1,0,1
U4636,2026-01-22,Mobile,5,0,2
U4636,2026-01-23,Mobile,4,0,2
U4636,2026-01-24,Mobile,4,0,1
U4636,2026-01-25,Mobile,5,1,3
U4636,2026-01-26,PC,5,0,0
U4636,2026-01-27,Mobile,4,1,2
U4636,2026-01-28,Mobile,2,1,0
U4637,2026-01-15,PC,4,1,0
U4637,2026-01-16,Mobile,4,1,2
U4637,2026-01-17,PC,1,0,1
U4637,2026-01-18,Mobile,3,1,0
U4637,2026-01-19,PC,5,0,0
U4637,2026-01-20,Mobile,1,1,0
U4637,2026-01-21,Mobile,4,1,2
U4637,2026-01-22,Mobile,2,0,0
U4637,2026-01-23,PC,3,0,0
U4637,2026-01-24,PC,4,3,0
U4637,2026-01-25,Mobile,4,0,0
U4637,2026-01-26,PC,2,0,0
U4637,2026-01-27,PC,4,2,0
U4637,2026-01-28,PC,5,1,2
U4638,2026-01-15,Mobile,5,1,2
U4638,2026-01-16,PC,1,0,0
U4638,2026-01-17,Mobile,4,4,0
U4638,2026-01-18,PC,2,0,0
U4638,2026-01-19,Mobile,3,1,1
U4638,2026-01-20,Mobile,5,1,1
U4638,2026-01-21,Mobile,3,1,1
U4638,2026-01-22,Mobile,3,0,0
U4638,2026-01-23,Mobile,1,1,0
U4638,2026-01-24,PC,5,3,2
U4638,2026-01-25,Mobile,4,0,4
U4638,2026-01-26,Mobile,2,1,0
U4638,2026-01-27,PC,1,1,0
U4638,2026-01-28,Mobile,3,0,0
U4639,2026-01-15,PC,1,0,1
U4639,2026-01-16,Mobile,4,2,2
U4639,2026-01-17,Mobile,2,1,1
U4639,2026-01-18,PC,3,0,1
U4639,2026-01-19,Mobile,5,1,2
U4639,2026-01-20,Mobile,4,0,0
U4639,2026-01-22,PC,5,0,0
U4639,2026-01-23,Mobile,1,0,1
U4639,2026-01-24,Mobile,5,0,0
U4639,2026-01-25,Mobile,5,0,2
U4639,2026-01-26,Mobile,3,0,0
U4639,2026-01-27,Mobile,4,0,0
U4639,2026-01-28,PC,2,0,0
U4640,2026-01-15,Mobile,4,1,3
U4640,2026-01-16,PC,2,1,1
U4640,2026-01-17,Mobile,4,0,0
U4640,2026-01-18,PC,3,0,0
U4640,2026-01-19,Mobile,3,0,0
U4640,2026-01-20,PC,4,0,0
U4640,2026-01-21,PC,5,0,4
U4640,2026-01-22,PC,4,0,3
U4640,2026-01-23,Mobile,5,0,1
U4640,2026-01-24,Mobile,4,0,2
U4640,2026-01-25,Mobile,3,0,3
U4640,2026-01-26,PC,2,0,1
U4640,2026-01-27,Mobile,1,0,0
U4640,2026-01-28,PC,3,0,1
U4641,2026-01-15,Mobile,4,2,2
U4641,2026-01-17,Mobile,5,0,0
U4641,2026-01-18,Mobile,3,1,1
U4641,2026-01-19,Mobile,2,0,0
U4641,2026-01-20,PC,5,5,0
U4641,2026-01-21,Mobile,3,3,0
U4641,2026-01-22,PC,3,0,2
U4641,2026-01-24,Mobile,2,0,0
U4641,2026-01-25,Mobile,1,1,0
U4641,2026-01-26,Mobile,4,2,2
U4641,2026-01-27,Mobile,5,1,3
U4641,2026-01-28,Mobile,4,0,1
U4642,2026-01-15,Mobile,2,1,1
U4642,2026-01-16,PC,4,1,2
U4642,2026-01-17,Mobile,5,1,2
U4642,2026-01-18,Mobile,4,0,2
U4642,2026-01-19,PC,3,0,1
U4642,2026-01-20,Mobile,5,1,3
U4642,2026-01-21,Mobile,4,0,0
U4642,2026-01-22,Mobile,1,0,1
U4642,2026-01-23,Mobile,2,0,0
U4642,2026-01-24,Mobile,2,0,2
U4642,2026-01-25,Mobile,2,0,2
U4642,2026-01-26,PC,2,0,0
U4642,2026-01-28,Mobile,1,0,0
U4643,2026-01-15,PC,4,0,0
U4643,2026-01-16,PC,4,0,0
U4643,2026-01-17,PC,5,1,3
U4643,2026-01-18,PC,4,1,3
U4643,2026-01-19,Mobile,4,0,2
U4643,2026-01-20,Mobile,2,1,1
U4643,2026-01-21,PC,5,0,2
U4643,2026-01-22,PC,3,0,3
U4643,2026-01-23,PC,4,0,2
U4643,2026-01-24,Mobile,1,0,0
U4643,2026-01-25,Mobile,3,0,1
U4643,2026-01-26,Mobile,5,0,4
U4643,2026-01-27,Mobile,2,0,2
U4643,2026-01-28,PC,3,0,1
U4644,2026-01-15,Mobile,3,2,0
U4644,2026-01-16,PC,2,1,1
U4644,2026-01-18,PC,4,1,3
U4644,2026-01-19,Mobile,1,1,0
U4644,2026-01-20,Mobile,1,1,0
U4644,2026-01-21,Mobile,3,0,1
U4644,2026-01-22,PC,3,0,0
U4644,2026-01-23,Mobile,2,2,0
U4644,2026-01-24,Mobile,3,1,0
U4644,2026-01-25,PC,5,2,1
U4644,2026-01-26,PC,5,1,1
U4644,2026-01-27,Mobile,4,1,3
U4644,2026-01-28,Mobile,3,0,0
U4645,2026-01-15,Mobile,1,0,0
U4645,2026-01-16,PC,3,0,1
U4645,2026-01-17,Mobile,5,1,2
U4645,2026-01-18,PC,2,0,0
U4645,2026-01-19,Mobile,1,0,0
U4645,2026-01-20,PC,5,2,1
U4645,2026-01-22,PC,1,0,0
U4645,2026-01-23,Mobile,4,3,1
U4645,2026-01-24,PC,4,0,0
U4645,2026-01-25,PC,3,2,1
U4645,2026-01-26,PC,5,3,0
U4645,2026-01-27,Mobile,3,1,1
U4646,2026-01-15,Mobile,3,1,2
U4646,2026-01-16,Mobile,5,1,2
U4646,2026-01-17,PC,5,1,3
U4646,2026-01-18,Mobile,5,3,2
U4646,2026-01-19,PC,1,0,0
U4646,2026-01-20,PC,1,0,0
U4646,2026-01-21,PC,4,0,1
U4646,2026-01-22,Mobile,4,0,0
U4646,2026-01-24,PC,3,0,3
U4646,2026-01-26,Mobile,1,0,0
U4646,2026-01-27,PC,3,1,1
U4646,2026-01-28,Mobile,3,0,0
U4647,2026-01-16,PC,2,0,1
U4647,2026-01-17,Mobile,3,1,0
U4647,2026-01-18,PC,4,0,1
U4647,2026-01-19,Mobile,4,0,0
U4647,2026-01-20,PC,1,1,0
U4647,2026-01-21,PC,3,2,1
U4647,2026-01-23,PC,2,0,0
U4647,2026-01-24,Mobile,4,3,1
U4647,2026-01-25,PC,3,1,1
U4647,2026-01-26,Mobile,2,0,1
U4647,2026-01-27,PC,2,0,0
U4647,2026-01-28,Mobile,2,2,0
U4648,2026-01-15,PC,5,0,2
U4648,2026-01-16,Mobile,4,0,2
U4648,2026-01-17,Mobile,5,3,2
U4648,2026-01-18,PC,5,0,0
U4648,2026-01-19,PC,1,0,0
U4648,2026-01-20,PC,2,1,1
U4648,2026-01-21,Mobile,3,0,0
U4648,2026-01-23,PC,4,0,1
U4648,2026-01-24,PC,4,2,0
U4648,2026-01-25,Mobile,5,1,2
U4648,2026-01-26,Mobile,1,0,1
U4648,2026-01-27,PC,1,1,0
U4648,2026-01-28,Mobile,2,0,0
U4649,2026-01-15,Mobile,3,0,2
U4649,2026-01-16,PC,1,0,0
U4649,2026-01-17,Mobile,2,0,0
U4649,2026-01-18,PC,1,0,1
U4649,2026-01-19,PC,5,1,4
U4649,2026-01-20,Mobile,5,1,1
U4649,2026-01-21,Mobile,5,1,2
U4649,2026-01-23,PC,1,0,1
U4649,2026-01-24,PC,3,0,1
U4649,2026-01-25,PC,1,0,1
U4649,2026-01-26,Mobile,2,0,1
U4649,2026-01-27,PC,4,1,2
U4649,2026-01-28,PC,2,1,1
U4650,2026-01-15,Mobile,3,1,1
U4650,2026-01-16,Mobile,5,0,1
U4650,2026-01-17,Mobile,5,3,2
U4650,2026-01-18,Mobile,2,1,1
U4650,2026-01-19,Mobile,1,1,0
U4650,2026-01-20,Mobile,1,0,0
U4650,2026-01-21,PC,1,0,0
U4650,2026-01-22,PC,3,0,1
U4650,2026-01-23,PC,1,0,0
U4650,2026-01-24,PC,2,0,2
U4650,2026-01-25,PC,1,0,0
U4650,2026-01-26,Mobile,5,2,3
U4650,2026-01-28,PC,2,2,0
U4651,2026-01-15,PC,1,0,1
U4651,2026-01-16,PC,2,0,1
U4651,2026-01-17,Mobile,5,0,0
U4651,2026-01-18,PC,5,3,0
U4651,2026-01-19,Mobile,2,0,0
U4651,2026-01-20,Mobile,2,0,2
U4651,2026-01-21,Mobile,5,2,2
U4651,2026-01-22,Mobile,1,1,0
U4651,2026-01-23,Mobile,5,1,4
U4651,2026-01-24,Mobile,4,0,0
U4651,2026-01-25,Mobile,3,0,0
U4651,2026-01-27,PC,5,0,1
U4651,2026-01-28,PC,4,1,0
U4652,2026-01-15,PC,3,0,1
U4652,2026-01-16,PC,3,1,1
U4652,2026-01-17,PC,5,0,0
U4652,2026-01-18,Mobile,3,0,3
U4652,2026-01-19,PC,2,0,1
U4652,2026-01-20,PC,3,0,3
U4652,2026-01-21,Mobile,1,0,1
U4652,2026-01-22,PC,1,0,0
U4652,2026-01-23,Mobile,4,0,0
U4652,2026-01-24,Mobile,4,1,3
U4652,2026-01-25,PC,2,0,0
U4652,2026-01-26,Mobile,4,0,0
U4652,2026-01-27,PC,3,0,2
U4652,2026-01-28,Mobile,2,0,1
U4653,2026-01-15,Mobile,4,0,0
U4653,2026-01-16,Mobile,1,1,0
U4653,2026-01-18,Mobile,5,2,0
U4653,2026-01-19,Mobile,1,0,1
U4653,2026-01-20,PC,2,0,0
U4653,2026-01-21,Mobile,1,1,0
U4653,2026-01-23,PC,4,2,0
U4653,2026-01-24,Mobile,1,0,0
U4653,2026-01-25,PC,5,0,0
U4653,2026-01-26,Mobile,3,1,2
U4653,2026-01-27,PC,3,1,1
U4654,2026-01-16,PC,3,1,0
U4654,2026-01-17,Mobile,4,3,1
U4654,2026-01-18,PC,1,0,0
U4654,2026-01-19,Mobile,3,1,1
U4654,2026-01-20,Mobile,5,0,0
U4654,2026-01-21,Mobile,3,1,2
U4654,2026-01-22,PC,1,0,0
U4654,2026-01-23,Mobile,1,1,0
U4654,2026-01-24,Mobile,4,1,3
U4654,2026-01-25,Mobile,4,2,2
U4654,2026-01-26,Mobile,5,1,2
U4654,2026-01-27,Mobile,4,1,1
U4654,2026-01-28,Mobile,3,0,1
U4655,2026-01-15,Mobile,3,1,2
U4655,2026-01-16,Mobile,2,0,1
U4655,2026-01-17,Mobile,4,2,1
U4655,2026-01-18,Mobile,3,1,0
U4655,2026-01-19,PC,5,0,0
U4655,2026-01-20,Mobile,3,2,0
U4655,2026-01-21,PC,4,2,2
U4655,2026-01-23,Mobile,3,1,1
U4655,2026-01-24,Mobile,5,0,0
U4655,2026-01-26,PC,1,0,0
U4655,2026-01-27,PC,4,0,1
U4655,2026-01-28,PC,4,0,0
U4656,2026-01-15,Mobile,3,0,0
U4656,2026-01-17,Mobile,2,1,1
U4656,2026-01-18,Mobile,3,0,1
U4656,2026-01-19,PC,2,0,1
U4656,2026-01-20,PC,5,0,0
U4656,2026-01-21,Mobile,5,0,0
U4656,2026-01-22,PC,3,0,0
U4656,2026-01-23,Mobile,1,1,0
U4656,2026-01-24,Mobile,3,2,0
U4656,2026-01-25,Mobile,3,0,2
U4656,2026-01-26,PC,4,1,0
U4656,2026-01-27,Mobile,5,2,2
U4656,2026-01-28,PC,2,2,0
U4657,2026-01-16,PC,3,0,0
U4657,2026-01-17,PC,3,0,1
U4657,2026-01-18,Mobile,3,0,0
U4657,2026-01-19,PC,4,2,0
U4657,2026-01-20,PC,4,1,0
U4657,2026-01-21,PC,1,0,1
U4657,2026-01-23,Mobile,5,3,0
U4657,2026-01-24,Mobile,2,1,1
U4657,2026-01-25,Mobile,2,1,1
U4657,2026-01-26,Mobile,3,2,0
U4657,2026-01-27,PC,3,3,0
U4657,2026-01-28,PC,3,1,0
U4658,2026-01-15,Mobile,1,0,1
U4658,2026-01-18,Mobile,2,1,1
U4658,2026-01-19,Mobile,5,3,2
U4658,2026-01-21,Mobile,1,1,0
U4658,2026-01-22,Mobile,2,0,0
U4658,2026-01-25,PC,2,0,1
U4658,2026-01-27,PC,4,1,0
U4658,2026-01-28,Mobile,4,0,0
U4659,2026-01-15,PC,3,0,2
U4659,2026-01-16,PC,3,0,1
U4659,2026-01-17,PC,1,0,1
U4659,2026-01-19,PC,1,1,0
U4659,2026-01-20,Mobile,4,1,0
U4659,2026-01-21,Mobile,2,0,1
U4659,2026-01-24,PC,1,0,0
U4659,2026-01-25,Mobile,3,2,1
U4659,2026-01-26,Mobile,4,3,1
U4659,2026-01-27,Mobile,2,0,0
U4659,2026-01-28,Mobile,5,0,0
U4660,2026-01-15,PC,5,1,2
U4660,2026-01-16,PC,5,3,2
U4660,2026-01-18,PC,5,1,0
U4660,2026-01-19,PC,5,2,0
U4660,2026-01-20,PC,3,0,1
U4660,2026-01-21,Mobile,2,1,0
U4660,2026-01-22,Mobile,3,1,2
U4660,2026-01-24,PC,1,1,0
U4660,2026-01-25,PC,2,1,0
U4660,2026-01-26,Mobile,5,0,1
U4660,2026-01-27,PC,5,2,2
U4660,2026-01-28,Mobile,4,0,0
U4661,2026-01-15,Mobile,1,0,1
U4661,2026-01-17,Mobile,4,0,0
U4661,2026-01-18,Mobile,1,1,0
U4661,2026-01-19,Mobile,1,0,1
U4661,2026-01-20,PC,1,0,0
U4661,2026-01-21,Mobile,1,0,1
U4661,2026-01-22,Mobile,1,1,0
U4661,2026-01-23,PC,4,0,3
U4661,2026-01-24,Mobile,5,1,2
U4661,2026-01-25,Mobile,3,0,0
U4661,2026-01-26,PC,1,0,0
U4661,2026-01-27,PC,2,0,2
U4662,2026-01-15,Mobile,5,0,1
U4662,2026-01-16,Mobile,1,0,0
U4662,2026-01-17,PC,3,1,2
U4662,2026-01-18,Mobile,1,0,0
U4662,2026-01-19,PC,2,0,1
U4662,2026-01-20,Mobile,5,1,0
U4662,2026-01-21,Mobile,1,0,0
U4662,2026-01-22,PC,1,0,1
U4662,2026-01-23,Mobile,2,0,0
U4662,2026-01-24,Mobile,1,1,0
U4662,2026-01-25,Mobile,4,0,3
U4662,2026-01-26,Mobile,2,0,1
U4662,2026-01-28,Mobile,4,1,3
U4663,2026-01-15,Mobile,1,0,1
U4663,2026-01-16,PC,2,0,0
U4663,2026-01-17,Mobile,2,0,0
U4663,2026-01-18,Mobile,2,0,0
U4663,2026-01-19,PC,1,0,1
U4663,2026-01-20,PC,4,0,0
U4663,2026-01-21,Mobile,5,1,3
U4663,2026-01-22,Mobile,5,1,3
U4663,2026-01-23,PC,4,2,1
U4663,2026-01-24,Mobile,5,0,4
U4663,2026-01-25,Mobile,1,0,1
U4663,2026-01-26,Mobile,2,0,1
U4663,2026-01-27,Mobile,2,1,1
U4663,2026-01-28,Mobile,4,0,1
U4664,2026-01-15,PC,4,0,1
U4664,2026-01-16,Mobile,2,0,1
U4664,2026-01-18,Mobile,4,0,2
U4664,2026-01-19,Mobile,5,1,3
U4664,2026-01-20,Mobile,5,0,5
U4664,2026-01-21,Mobile,2,1,0
U4664,2026-01-22,Mobile,2,0,0
U4664,2026-01-23,Mobile,2,0,0
U4664,2026-01-24,Mobile,5,0,0
U4664,2026-01-25,Mobile,5,1,4
U4664,2026-01-26,Mobile,1,1,0
U4664,2026-01-28,Mobile,5,1,1
U4665,2026-01-15,PC,4,1,0
U4665,2026-01-16,Mobile,1,0,1
U4665,2026-01-17,Mobile,4,0,1
U4665,2026-01-18,PC,2,1,1
U4665,2026-01-19,PC,4,0,0
U4665,2026-01-20,Mobile,4,0,1
U4665,2026-01-22,Mobile,5,2,3
U4665,2026-01-24,PC,1,0,0
U4665,2026-01-26,PC,4,0,0
U4665,2026-01-27,Mobile,1,0,1
U4665,2026-01-28,Mobile,3,0,3
U4666,2026-01-15,Mobile,2,0,0
U4666,2026-01-16,PC,4,0,3
U4666,2026-01-17,Mobile,1,0,1
U4666,2026-01-18,PC,5,1,3
U4666,2026-01-19,Mobile,5,0,0
U4666,2026-01-20,PC,3,1,1
U4666,2026-01-21,PC,1,0,0
U4666,2026-01-22,Mobile,4,0,0
U4666,2026-01-23,Mobile,1,0,0
U4666,2026-01-24,PC,1,0,1
U4666,2026-01-26,Mobile,1,0,0
U4666,2026-01-27,PC,1,0,0
U4667,2026-01-15,Mobile,4,0,0
U4667,2026-01-16,Mobile,1,0,0
U4667,2026-01-17,Mobile,1,0,0
U4667,2026-01-18,PC,2,0,2
U4667,2026-01-19,PC,1,0,1
U4667,2026-01-20,Mobile,4,0,2
U4667,2026-01-21,PC,3,0,2
U4667,2026-01-23,Mobile,5,0,1
U4667,2026-01-24,Mobile,3,0,0
U4667,2026-01-25,PC,3,0,0
U4667,2026-01-26,Mobile,2,0,0
U4667,2026-01-27,Mobile,1,0,1
U4667,2026-01-28,PC,1,1,0
U4668,2026-01-15,Mobile,2,0,0
U4668,2026-01-16,PC,3,0,0
U4668,2026-01-19,Mobile,1,0,1
U4668,2026-01-20,PC,1,0,0
U4668,2026-01-21,Mobile,3,0,0
U4668,2026-01-22,Mobile,3,1,2
U4668,2026-01-23,Mobile,5,1,3
U4668,2026-01-24,Mobile,5,1,3
U4668,2026-01-25,Mobile,2,0,1
U4668,2026-01-26,PC,1,0,1
U4668,2026-01-27,PC,1,1,0
U4668,2026-01-28,Mobile,1,0,0
U4669,2026-01-15,Mobile,3,1,1
U4669,2026-01-16,Mobile,5,4,1
U4669,2026-01-17,PC,1,1,0
U4669,2026-01-18,Mobile,3,0,0
U4669,2026-01-19,Mobile,3,1,2
U4669,2026-01-20,PC,3,1,2
U4669,2026-01-21,Mobile,5,1,0
U4669,2026-01-22,Mobile,3,1,2
U4669,2026-01-23,Mobile,2,1,1
U4669,2026-01-24,PC,2,0,0
U4669,2026-01-25,Mobile,2,0,0
U4669,2026-01-26,PC,5,2,0
U4669,2026-01-27,PC,4,3,1
U4669,2026-01-28,Mobile,4,2,2
U4670,2026-01-15,Mobile,2,1,1
U4670,2026-01-16,PC,5,0,0
U4670,2026-01-17,PC,3,2,0
U4670,2026-01-18,PC,5,4,1
U4670,2026-01-19,Mobile,2,1,0
U4670,2026-01-20,Mobile,1,0,0
U4670,2026-01-21,Mobile,1,1,0
U4670,2026-01-22,PC,1,0,1
U4670,2026-01-23,PC,1,0,1
U4670,2026-01-24,Mobile,2,0,0
U4670,2026-01-25,Mobile,1,1,0
U4670,2026-01-26,Mobile,2,0,0
U4670,2026-01-27,Mobile,1,0,1
U4670,2026-01-28,Mobile,4,1,1
U4671,2026-01-15,PC,4,0,4
U4671,2026-01-16,PC,1,0,0
U4671,2026-01-17,Mobile,4,0,1
U4671,2026-01-18,Mobile,1,0,1
U4671,2026-01-19,PC,1,1,0
U4671,2026-01-20,Mobile,3,0,0
U4671,2026-01-21,Mobile,1,0,0
U4671,2026-01-22,PC,1,0,1
U4671,2026-01-23,Mobile,3,0,3
U4671,2026-01-25,PC,1,0,1
U4671,2026-01-26,PC,1,0,1
U4671,2026-01-27,Mobile,1,0,1
U4671,2026-01-28,Mobile,3,1,0
U4672,2026-01-15,Mobile,2,0,0
U4672,2026-01-16,Mobile,4,3,1
U4672,2026-01-17,Mobile,4,4,0
U4672,2026-01-18,PC,4,2,1
U4672,2026-01-19,PC,2,1,0
U4672,2026-01-20,PC,5,1,1
U4672,2026-01-21,Mobile,3,1,1
U4672,2026-01-22,PC,4,0,3
U4672,2026-01-23,Mobile,4,0,0
U4672,2026-01-24,Mobile,3,1,1
U4672,2026-01-26,Mobile,2,1,1
U4672,2026-01-27,Mobile,5,0,0
U4672,2026-01-28,Mobile,4,1,2
U4673,2026-01-15,Mobile,3,0,1
U4673,2026-01-16,Mobile,5,2,0
U4673,2026-01-17,Mobile,1,1,0
U4673,2026-01-18,Mobile,3,1,1
U4673,2026-01-19,PC,1,1,0
U4673,2026-01-20,PC,2,0,0
U4673,2026-01-21,Mobile,1,1,0
U4673,2026-01-22,Mobile,4,1,0
U4673,2026-01-23,Mobile,5,2,2
U4673,2026-01-24,PC,1,1,0
U4673,2026-01-25,Mobile,4,0,0
U4673,2026-01-26,PC,1,1,0
U4673,2026-01-27,Mobile,3,0,1
U4673,2026-01-28,Mobile,1,0,1
U4674,2026-01-16,PC,3,1,0
U4674,2026-01-17,PC,1,0,0
U4674,2026-01-18,Mobile,1,0,0
U4674,2026-01-19,PC,2,0,0
U4674,2026-01-20,PC,1,0,1
U4674,2026-01-21,Mobile,4,1,3
U4674,2026-01-22,PC,2,0,0
U4674,2026-01-23,Mobile,2,0,0
U4674,2026-01-24,PC,2,0,1
U4674,2026-01-26,Mobile,5,0,0
U4674,2026-01-27,Mobile,4,0,0
U4674,2026-01-28,PC,3,0,2
U4675,2026-01-15,Mobile,4,1,3
U4675,2026-01-16,Mobile,3,1,1
U4675,2026-01-17,PC,4,1,0
U4675,2026-01-18,Mobile,4,0,1
U4675,2026-01-19,PC,4,0,0
U4675,2026-01-20,PC,1,0,0
U4675,2026-01-21,PC,3,2,0
U4675,2026-01-22,PC,4,0,1
U4675,2026-01-23,PC,1,1,0
U4675,2026-01-24,Mobile,5,1,4
U4675,2026-01-25,PC,4,1,3
U4675,2026-01-26,PC,1,0,0
U4675,2026-01-27,Mobile,3,0,1
U4675,2026-01-28,Mobile,1,0,1
U4676,2026-01-15,Mobile,1,0,0
U4676,2026-01-16,Mobile,5,0,2
U4676,2026-01-18,Mobile,4,2,0
U4676,2026-01-19,Mobile,2,0,0
U4676,2026-01-20,Mobile,5,1,4
U4676,2026-01-21,PC,3,2,1
U4676,2026-01-22,Mobile,4,1,1
U4676,2026-01-23,Mobile,1,0,1
U4676,2026-01-24,Mobile,5,1,3
U4676,2026-01-26,PC,3,1,1
U4676,2026-01-27,Mobile,3,2,1
U4676,2026-01-28,Mobile,2,0,1
U4677,2026-01-15,PC,2,1,0
U4677,2026-01-16,Mobile,3,0,0
U4677,2026-01-17,Mobile,5,2,1
U4677,2026-01-18,Mobile,2,0,0
U4677,2026-01-19,Mobile,1,0,1
U4677,2026-01-20,Mobile,3,0,1
U4677,2026-01-21,Mobile,4,3,1
U4677,2026-01-22,PC,3,1,0
U4677,2026-01-23,Mobile,2,1,0
U4677,2026-01-24,PC,1,0,1
U4677,2026-01-25,PC,4,0,2
U4677,2026-01-26,Mobile,4,0,0
U4677,2026-01-27,PC,5,0,0
U4677,2026-01-28,PC,2,1,1
U4678,2026-01-15,PC,1,0,1
U4678,2026-01-16,PC,5,1,2
U4678,2026-01-17,Mobile,5,1,4
U4678,2026-01-18,PC,3,0,2
U4678,2026-01-20,PC,2,0,1
U4678,2026-01-21,PC,4,2,2
U4678,2026-01-22,PC,5,1,2
U4678,2026-01-24,Mobile,5,0,2
U4678,2026-01-25,PC,1,0,1
U4678,2026-01-26,PC,3,0,0
U4678,2026-01-28,Mobile,4,1,2
U4679,2026-01-15,Mobile,4,0,1
U4679,2026-01-16,Mobile,5,3,1
U4679,2026-01-17,PC,4,0,2
U4679,2026-01-18,Mobile,4,1,3
U4679,2026-01-19,PC,5,1,1
U4679,2026-01-20,Mobile,2,2,0
U4679,2026-01-21,Mobile,5,1,0
U4679,2026-01-22,Mobile,4,0,4
U4679,2026-01-23,Mobile,5,3,2
U4679,2026-01-24,PC,4,1,1
U4679,2026-01-25,Mobile,1,0,1
U4679,2026-01-26,Mobile,3,1,1
U4679,2026-01-27,Mobile,5,0,1
U4679,2026-01-28,PC,5,0,0
U4680,2026-01-15,PC,4,0,4
U4680,2026-01-17,PC,5,0,0
U4680,2026-01-18,Mobile,5,2,1
U4680,2026-01-19,PC,2,0,1
U4680,2026-01-20,PC,2,0,1
U4680,2026-01-21,PC,2,0,0
U4680,2026-01-22,Mobile,3,0,0
U4680,2026-01-23,PC,1,0,1
U4680,2026-01-24,Mobile,1,0,1
U4680,2026-01-25,Mobile,3,0,0
U4680,2026-01-26,Mobile,5,0,1
U4680,2026-01-27,PC,2,0,2
U4680,2026-01-28,Mobile,3,2,1
U4681,2026-01-15,Mobile,3,0,1
U4681,2026-01-16,PC,4,0,0
U4681,2026-01-17,PC,1,0,0
U4681,2026-01-18,Mobile,4,2,2
U4681,2026-01-19,Mobile,1,0,1
U4681,2026-01-20,Mobile,1,1,0
U4681,2026-01-22,Mobile,5,3,2
U4681,2026-01-23,PC,3,1,0
U4681,2026-01-24,Mobile,4,2,0
U4681,2026-01-25,Mobile,4,3,1
U4681,2026-01-26,PC,1,0,1
U4681,2026-01-27,PC,4,0,4
U4681,2026-01-28,Mobile,2,0,0
U4682,2026-01-15,Mobile,5,1,2
U4682,2026-01-16,Mobile,3,0,0
U4682,2026-01-17,PC,2,0,2
U4682,2026-01-18,PC,4,1,2
U4682,2026-01-19,Mobile,1,0,0
U4682,2026-01-20,Mobile,2,0,1
U4682,2026-01-21,PC,1,0,1
U4682,2026-01-22,Mobile,1,1,0
U4682,2026-01-24,PC,1,0,1
U4682,2026-01-25,Mobile,1,0,1
U4682,2026-01-26,Mobile,2,0,2
U4682,2026-01-27,Mobile,5,1,4
U4682,2026-01-28,PC,3,0,1
U4683,2026-01-15,Mobile,4,1,1
U4683,2026-01-16,PC,1,1,0
U4683,2026-01-17,Mobile,2,0,2
U4683,2026-01-18,Mobile,5,2,2
U4683,2026-01-19,Mobile,2,0,1
U4683,2026-01-20,Mobile,1,0,1
U4683,2026-01-21,Mobile,5,0,1
U4683,2026-01-22,Mobile,1,0,0
U4683,2026-01-23,Mobile,5,0,0
U4683,2026-01-24,PC,2,0,2
U4683,2026-01-25,Mobile,2,0,1
U4683,2026-01-26,Mobile,1,0,0
U4683,2026-01-27,PC,1,0,1
U4683,2026-01-28,Mobile,1,0,1
U4684,2026-01-15,Mobile,3,0,1
U4684,2026-01-16,Mobile,4,1,1
U4684,2026-01-17,Mobile,3,1,1
U4684,2026-01-18,PC,2,0,0
U4684,2026-01-19,PC,3,0,2
U4684,2026-01-20,PC,5,0,3
U4684,2026-01-21,PC,4,3,1
U4684,2026-01-22,Mobile,4,0,1
U4684,2026-01-23,Mobile,5,1,2
U4684,2026-01-24,PC,3,0,0
U4684,2026-01-25,PC,3,1,2
U4684,2026-01-26,Mobile,2,0,0
U4684,2026-01-27,PC,4,0,0
U4684,2026-01-28,Mobile,4,0,1
U4685,2026-01-15,PC,3,1,1
U4685,2026-01-16,PC,2,0,0
U4685,2026-01-17,PC,1,0,1
U4685,2026-01-18,PC,4,0,0
U4685,2026-01-19,PC,1,0,0
U4685,2026-01-20,Mobile,3,1,1
U4685,2026-01-21,Mobile,5,2,1
U4685,2026-01-22,Mobile,1,0,1
U4685,2026-01-23,Mobile,3,1,0
U4685,2026-01-24,PC,5,1,2
U4685,2026-01-25,PC,4,3,0
U4685,2026-01-26,Mobile,5,0,0
U4685,2026-01-27,Mobile,3,1,1
U4685,2026-01-28,PC,1,0,1
U4686,2026-01-15,PC,1,0,1
U4686,2026-01-16,Mobile,2,0,2
U4686,2026-01-18,Mobile,5,0,2
U4686,2026-01-19,PC,4,0,0
U4686,2026-01-20,PC,5,2,0
U4686,2026-01-21,PC,2,1,1
U4686,2026-01-22,Mobile,3,1,0
U4686,2026-01-23,Mobile,2,0,0
U4686,2026-01-25,Mobile,2,1,0
U4686,2026-01-26,PC,1,0,0
U4686,2026-01-27,Mobile,5,3,1
U4686,2026-01-28,Mobile,1,1,0
U4687,2026-01-15,Mobile,4,0,1
U4687,2026-01-16,PC,4,0,0
U4687,2026-01-17,Mobile,1,0,1
U4687,2026-01-18,PC,4,1,3
U4687,2026-01-19,Mobile,3,0,0
U4687,2026-01-20,Mobile,1,0,0
U4687,2026-01-21,PC,2,1,1
U4687,2026-01-22,Mobile,1,0,0
U4687,2026-01-23,PC,5,1,0
U4687,2026-01-24,Mobile,3,1,2
U4687,2026-01-26,Mobile,4,0,2
U4687,2026-01-27,Mobile,3,1,0
U4687,2026-01-28,PC,4,2,2
U4688,2026-01-15,Mobile,2,0,0
U4688,2026-01-16,PC,3,0,0
U4688,2026-01-17,Mobile,3,0,1
U4688,2026-01-18,Mobile,1,0,1
U4688,2026-01-19,PC,2,0,0
U4688,2026-01-21,PC,5,1,0
U4688,2026-01-22,PC,3,2,1
U4688,2026-01-23,Mobile,5,0,0
U4688,2026-01-24,Mobile,5,0,1
U4688,2026-01-25,Mobile,5,2,3
U4688,2026-01-26,Mobile,3,3,0
U4688,2026-01-27,Mobile,4,0,0
U4688,2026-01-28,PC,5,2,2
U4689,2026-01-15,Mobile,4,0,2
U4689,2026-01-16,Mobile,5,0,0
U4689,2026-01-17,PC,3,1,2
U4689,2026-01-19,Mobile,2,0,1
U4689,2026-01-20,Mobile,4,1,1
U4689,2026-01-21,Mobile,5,1,0
U4689,2026-01-24,Mobile,4,2,2
U4689,2026-01-25,PC,4,2,1
U4689,2026-01-26,Mobile,2,0,1
U4689,2026-01-27,Mobile,4,0,0
U4689,2026-01-28,Mobile,5,0,2
U4690,2026-01-15,Mobile,1,0,1
U4690,2026-01-16,Mobile,3,0,3
U4690,2026-01-17,Mobile,3,1,2
U4690,2026-01-18,Mobile,1,0,0
U4690,2026-01-20,Mobile,5,0,2
U4690,2026-01-22,Mobile,1,1,0
U4690,2026-01-23,Mobile,4,1,3
U4690,2026-01-24,Mobile,4,0,1
U4690,2026-01-25,Mobile,5,0,4
U4690,2026-01-26,PC,2,0,0
U4690,2026-01-27,Mobile,4,0,1
U4690,2026-01-28,PC,1,0,0
U4691,2026-01-15,PC,4,0,0
U4691,2026-01-16,Mobile,5,2,0
U4691,2026-01-17,PC,3,1,0
U4691,2026-01-18,Mobile,4,0,0
U4691,2026-01-19,PC,2,2,0
U4691,2026-01-20,Mobile,3,1,1
U4691,2026-01-21,PC,1,0,0
U4691,2026-01-22,PC,4,0,4
U4691,2026-01-23,Mobile,4,0,0
U4691,2026-01-24,Mobile,1,1,0
U4691,2026-01-25,Mobile,5,3,0
U4691,2026-01-26,PC,2,0,0
U4691,2026-01-27,PC,4,1,0
U4691,2026-01-28,Mobile,4,1,0
U4692,2026-01-15,PC,1,0,1
U4692,2026-01-16,Mobile,3,1,0
U4692,2026-01-18,Mobile,5,0,0
U4692,2026-01-19,Mobile,3,1,0
U4692,2026-01-20,PC,5,0,5
U4692,2026-01-21,Mobile,1,0,0
U4692,2026-01-22,Mobile,3,0,0
U4692,2026-01-23,Mobile,2,0,1
U4692,2026-01-24,Mobile,4,2,0
U4692,2026-01-25,PC,2,1,1
U4692,2026-01-26,Mobile,5,3,2
U4692,2026-01-27,Mobile,4,0,1
U4692,2026-01-28,PC,5,0,0
U4693,2026-01-16,PC,5,0,2
U4693,2026-01-18,PC,2,0,1
U4693,2026-01-19,Mobile,2,0,1
U4693,2026-01-20,Mobile,1,0,0
U4693,2026-01-21,PC,4,1,3
U4693,2026-01-22,Mobile,1,0,0
U4693,2026-01-23,Mobile,2,0,2
U4693,2026-01-24,PC,3,0,3
U4693,2026-01-25,Mobile,2,0,1
U4693,2026-01-26,Mobile,5,0,0
U4693,2026-01-27,PC,2,1,0
U4693,2026-01-28,Mobile,1,0,1
U4694,2026-01-15,Mobile,5,1,3
U4694,2026-01-16,Mobile,4,1,1
U4694,2026-01-17,Mobile,4,1,1
U4694,2026-01-18,Mobile,4,0,0
U4694,2026-01-19,Mobile,4,1,3
U4694,2026-01-20,Mobile,4,0,2
U4694,2026-01-21,Mobile,3,1,0
U4694,2026-01-22,PC,5,0,2
U4694,2026-01-23,PC,5,0,0
U4694,2026-01-24,PC,4,0,3
U4694,2026-01-25,Mobile,4,0,2
U4694,2026-01-26,PC,4,0,4
U4694,2026-01-27,PC,3,0,0
U4694,2026-01-28,PC,2,0,1
U4695,2026-01-15,PC,4,1,2
U4695,2026-01-16,PC,4,0,2
U4695,2026-01-17,PC,3,0,0
U4695,2026-01-18,Mobile,1,0,1
U4695,2026-01-19,Mobile,1,0,0
U4695,2026-01-20,Mobile,1,0,1
U4695,2026-01-21,Mobile,4,1,1
U4695,2026-01-22,PC,2,1,0
U4695,2026-01-23,Mobile,5,0,2
U4695,2026-01-24,Mobile,3,0,2
U4695,2026-01-25,Mobile,5,1,0
U4695,2026-01-26,Mobile,3,0,3
U4695,2026-01-27,Mobile,4,0,3
U4695,2026-01-28,PC,1,0,0
U4696,2026-01-15,Mobile,1,1,0
U4696,2026-01-16,Mobile,3,1,0
U4696,2026-01-17,PC,3,2,0
U4696,2026-01-18,PC,2,0,0
U4696,2026-01-20,Mobile,3,0,1
U4696,2026-01-21,PC,1,1,0
U4696,2026-01-22,PC,1,0,0
U4696,2026-01-23,Mobile,5,0,1
U4696,2026-01-24,Mobile,1,0,1
U4696,2026-01-25,Mobile,5,2,1
U4696,2026-01-26,PC,1,0,0
U4696,2026-01-27,Mobile,3,1,0
U4697,2026-01-15,Mobile,3,1,0
U4697,2026-01-16,PC,5,0,0
U4697,2026-01-17,PC,1,1,0
U4697,2026-01-18,Mobile,4,2,2
U4697,2026-01-19,Mobile,3,0,3
U4697,2026-01-20,PC,1,1,0
U4697,2026-01-21,PC,2,1,1
U4697,2026-01-22,PC,3,1,0
U4697,2026-01-23,Mobile,4,0,0
U4697,2026-01-24,PC,1,0,1
U4697,2026-01-25,Mobile,4,0,0
U4697,2026-01-26,Mobile,4,1,1
U4697,2026-01-27,PC,1,0,0
U4697,2026-01-28,Mobile,3,3,0
U4698,2026-01-15,Mobile,3,2,1
U4698,2026-01-16,PC,4,1,0
U4698,2026-01-18,PC,4,0,0
U4698,2026-01-20,PC,3,2,1
U4698,2026-01-21,Mobile,2,1,0
U4698,2026-01-22,PC,2,2,0
U4698,2026-01-23,PC,5,1,1
U4698,2026-01-24,Mobile,2,1,0
U4698,2026-01-25,Mobile,5,1,1
U4698,2026-01-26,Mobile,2,1,1
U4698,2026-01-27,Mobile,3,2,1
U4698,2026-01-28,PC,1,0,0
U4699,2026-01-15,Mobile,3,1,1
U4699,2026-01-16,Mobile,5,0,3
U4699,2026-01-17,PC,2,0,1
U4699,2026-01-18,PC,3,1,1
U4699,2026-01-19,Mobile,3,1,0
U4699,2026-01-20,Mobile,2,0,1
U4699,2026-01-21,PC,1,0,0
U4699,2026-01-22,Mobile,2,0,0
U4699,2026-01-23,Mobile,5,1,1
U4699,2026-01-25,Mobile,3,1,0
U4699,2026-01-26,Mobile,4,0,0
U4699,2026-01-27,PC,2,1,0
U4699,2026-01-28,Mobile,2,0,1
U4700,2026-01-16,Mobile,2,1,1
U4700,2026-01-17,Mobile,1,0,0
U4700,2026-01-18,PC,1,0,0
U4700,2026-01-19,Mobile,4,0,0
U4700,2026-01-20,Mobile,4,0,2
U4700,2026-01-21,Mobile,3,0,2
U4700,2026-01-22,Mobile,2,0,0
U4700,2026-01-24,Mobile,5,0,1
U4700,2026-01-26,PC,1,0,0
U4700,2026-01-27,PC,3,0,0
U4700,2026-01-28,Mobile,4,0,1
U4701,2026-01-15,Mobile,5,2,2
U4701,2026-01-16,PC,3,1,2
U4701,2026-01-17,Mobile,1,0,0
U4701,2026-01-18,Mobile,3,0,0
U4701,2026-01-19,PC,5,0,2
U4701,2026-01-20,Mobile,5,0,1
U4701,2026-01-21,Mobile,2,0,1
U4701,2026-01-22,Mobile,2,0,1
U4701,2026-01-23,Mobile,1,0,1
U4701,2026-01-24,Mobile,2,0,1
U4701,2026-01-25,Mobile,4,0,2
U4701,2026-01-26,Mobile,4,0,3
U4701,2026-01-27,Mobile,2,0,0
U4701,2026-01-28,Mobile,2,1,0
U4702,2026-01-15,Mobile,3,2,0
U4702,2026-01-16,PC,1,0,0
U4702,2026-01-17,PC,1,0,0
U4702,2026-01-19,Mobile,1,0,1
U4702,2026-01-20,Mobile,3,1,2
U4702,2026-01-21,PC,4,1,1
U4702,2026-01-22,Mobile,4,1,0
U4702,2026-01-23,Mobile,4,0,1
U4702,2026-01-24,PC,5,0,0
U4702,2026-01-25,PC,4,3,0
U4702,2026-01-26,Mobile,5,0,5
U4702,2026-01-27,Mobile,5,1,2
U4703,2026-01-15,Mobile,3,1,2
U4703,2026-01-16,Mobile,4,0,0
U4703,2026-01-17,Mobile,3,1,1
U4703,2026-01-18,PC,2,1,1
U4703,2026-01-19,Mobile,3,3,0
U4703,2026-01-20,Mobile,1,1,0
U4703,2026-01-21,PC,4,0,1
U4703,2026-01-22,Mobile,3,1,2
U4703,2026-01-23,Mobile,2,1,1
U4703,2026-01-25,Mobile,4,0,0
U4703,2026-01-26,PC,4,1,0
U4703,2026-01-27,PC,3,1,0
U4703,2026-01-28,Mobile,4,0,2
U4704,2026-01-15,PC,5,1,0
U4704,2026-01-17,PC,4,0,1
U4704,2026-01-18,PC,1,0,0
U4704,2026-01-19,Mobile,4,1,0
U4704,2026-01-20,PC,1,1,0
U4704,2026-01-21,Mobile,1,0,0
U4704,2026-01-22,Mobile,1,1,0
U4704,2026-01-23,PC,1,0,0
U4704,2026-01-24,PC,2,0,1
U4704,2026-01-26,Mobile,2,0,2
U4704,2026-01-27,PC,2,0,0
U4704,2026-01-28,Mobile,5,3,1
U4705,2026-01-15,Mobile,5,2,3
U4705,2026-01-18,PC,2,0,0
U4705,2026-01-20,PC,2,0,1
U4705,2026-01-21,Mobile,5,0,3
U4705,2026-01-22,Mobile,5,0,3
U4705,2026-01-23,PC,5,0,0
U4705,2026-01-24,Mobile,3,0,3
U4705,2026-01-25,Mobile,5,0,3
U4705,2026-01-26,Mobile,3,0,0
U4705,2026-01-27,Mobile,4,0,1
U4705,2026-01-28,Mobile,5,1,3
U4706,2026-01-15,PC,3,2,0
U4706,2026-01-16,Mobile,2,1,1
U4706,2026-01-17,Mobile,3,2,1
U4706,2026-01-18,Mobile,3,0,0
U4706,2026-01-19,PC,5,3,1
U4706,2026-01-21,Mobile,2,0,0
U4706,2026-01-22,Mobile,2,0,0
U4706,2026-01-23,Mobile,5,2,2
U4706,2026-01-24,Mobile,3,1,0
U4706,2026-01-25,PC,5,1,0
U4706,2026-01-26,PC,5,3,2
U4706,2026-01-27,PC,2,0,0
U4706,2026-01-28,Mobile,2,2,0
U4707,2026-01-15,Mobile,5,0,1
U4707,2026-01-16,PC,2,0,2
U4707,2026-01-17,Mobile,3,0,0
U4707,2026-01-18,Mobile,5,2,2
U4707,2026-01-19,Mobile,3,0,0
U4707,2026-01-20,Mobile,1,0,0
U4707,2026-01-21,PC,2,1,0
U4707,2026-01-23,Mobile,2,0,1
U4707,2026-01-26,PC,4,0,2
U4707,2026-01-27,Mobile,3,1,1
U4707,2026-01-28,PC,5,2,1
U4708,2026-01-16,PC,3,1,2
U4708,2026-01-17,PC,3,0,1
U4708,2026-01-18,Mobile,2,0,1
U4708,2026-01-20,PC,4,1,3
U4708,2026-01-21,PC,4,0,3
U4708,2026-01-22,Mobile,3,0,0
U4708,2026-01-23,PC,5,0,0
U4708,2026-01-24,PC,3,0,0
U4708,2026-01-26,PC,3,0,0
U4708,2026-01-27,PC,4,2,2
U4708,2026-01-28,Mobile,4,0,2
U4709,2026-01-15,Mobile,5,0,0
U4709,2026-01-16,Mobile,4,2,1
U4709,2026-01-17,Mobile,3,0,0
U4709,2026-01-18,Mobile,5,1,1
U4709,2026-01-19,PC,2,2,0
U4709,2026-01-20,PC,4,0,1
U4709,2026-01-21,Mobile,5,0,0
U4709,2026-01-22,Mobile,4,0,1
U4709,2026-01-23,Mobile,3,1,1
U4709,2026-01-24,Mobile,2,1,0
U4709,2026-01-25,Mobile,1,0,0
U4709,2026-01-27,Mobile,3,0,2
U4709,2026-01-28,Mobile,4,0,2
U4710,2026-01-15,PC,4,0,1
U4710,2026-01-16,Mobile,1,0,1
U4710,2026-01-17,Mobile,4,1,1
U4710,2026-01-18,Mobile,1,0,1
U4710,2026-01-19,PC,3,2,1
U4710,2026-01-20,PC,4,3,1
U4710,2026-01-22,PC,2,0,0
U4710,2026-01-23,PC,4,0,1
U4710,2026-01-24,PC,1,1,0
U4710,2026-01-25,Mobile,2,1,0
U4710,2026-01-26,Mobile,1,0,0
U4710,2026-01-27,PC,4,2,0
U4710,2026-01-28,PC,2,2,0
U4711,2026-01-15,PC,5,1,1
U4711,2026-01-16,PC,1,0,1
U4711,2026-01-17,Mobile,3,1,2
U4711,2026-01-18,Mobile,5,0,2
U4711,2026-01-19,Mobile,1,0,0
U4711,2026-01-21,Mobile,1,0,1
U4711,2026-01-22,PC,4,0,0
U4711,2026-01-23,Mobile,5,0,5
U4711,2026-01-24,Mobile,3,0,2
U4711,2026-01-25,Mobile,1,0,1
U4711,2026-01-26,PC,1,1,0
U4711,2026-01-27,Mobile,3,1,2
U4712,2026-01-15,PC,3,0,1
U4712,2026-01-16,Mobile,4,1,1
U4712,2026-01-17,PC,5,1,4
U4712,2026-01-18,PC,4,0,0
U4712,2026-01-19,Mobile,1,0,1
U4712,2026-01-20,PC,1,0,1
U4712,2026-01-21,Mobile,5,0,1
U4712,2026-01-22,PC,1,0,1
U4712,2026-01-23,PC,2,1,0
U4712,2026-01-24,PC,1,0,1
U4712,2026-01-25,PC,4,0,3
U4712,2026-01-26,Mobile,1,0,1
U4712,2026-01-27,PC,5,3,0
U4712,2026-01-28,Mobile,4,3,1
U4713,2026-01-15,PC,1,0,0
U4713,2026-01-17,Mobile,4,4,0
U4713,2026-01-18,Mobile,2,0,0
U4713,2026-01-19,PC,1,1,0
U4713,2026-01-20,Mobile,4,3,1
U4713,2026-01-22,Mobile,1,0,0
U4713,2026-01-23,PC,5,1,3
U4713,2026-01-24,Mobile,3,0,0
U4713,2026-01-25,Mobile,3,1,0
U4713,2026-01-26,Mobile,2,1,1
U4713,2026-01-27,Mobile,2,0,0
U4713,2026-01-28,Mobile,5,1,0
U4714,2026-01-15,PC,3,1,1
U4714,2026-01-16,Mobile,1,1,0
U4714,2026-01-17,PC,1,0,0
U4714,2026-01-18,PC,2,1,0
U4714,2026-01-19,PC,5,0,1
U4714,2026-01-20,Mobile,3,1,0
U4714,2026-01-21,Mobile,3,0,0
U4714,2026-01-22,Mobile,2,1,0
U4714,2026-01-23,PC,2,1,0
U4714,2026-01-24,Mobile,2,0,0
U4714,2026-01-25,Mobile,2,1,0
U4714,2026-01-26,PC,2,0,0
U4714,2026-01-27,PC,3,0,0
U4714,2026-01-28,PC,3,2,0
U4715,2026-01-15,PC,5,0,5
U4715,2026-01-16,Mobile,2,0,2
U4715,2026-01-17,PC,4,0,1
U4715,2026-01-18,PC,1,0,1
U4715,2026-01-19,Mobile,4,0,0
U4715,2026-01-20,Mobile,2,0,2
U4715,2026-01-21,Mobile,2,0,1
U4715,2026-01-22,PC,2,0,0
U4715,2026-01-23,PC,1,0,0
U4715,2026-01-24,Mobile,4,0,4
U4715,2026-01-25,Mobile,3,1,2
U4715,2026-01-26,PC,4,0,0
U4715,2026-01-27,Mobile,2,0,0
U4715,2026-01-28,Mobile,3,1,2
U4716,2026-01-15,Mobile,1,0,1
U4716,2026-01-16,Mobile,1,0,1
U4716,2026-01-17,Mobile,4,1,0
U4716,2026-01-18,Mobile,2,0,0
U4716,2026-01-19,Mobile,4,1,2
U4716,2026-01-20,Mobile,3,0,1
U4716,2026-01-22,Mobile,4,0,3
U4716,2026-01-23,PC,1,0,0
U4716,2026-01-24,Mobile,2,1,0
U4716,2026-01-25,PC,2,1,1
U4716,2026-01-26,Mobile,2,0,0
U4716,2026-01-27,Mobile,1,0,1
U4716,2026-01-28,Mobile,1,1,0
U4717,2026-01-15,PC,4,3,0
U4717,2026-01-16,Mobile,5,4,1
U4717,2026-01-17,PC,3,1,2
U4717,2026-01-18,PC,1,0,0
U4717,2026-01-19,Mobile,5,1,1
U4717,2026-01-20,PC,3,2,1
U4717,2026-01-21,Mobile,2,1,1
U4717,2026-01-22,Mobile,1,1,0
U4717,2026-01-23,Mobile,3,0,0
U4717,2026-01-24,PC,3,0,0
U4717,2026-01-25,Mobile,3,0,0
U4717,2026-01-26,Mobile,2,0,2
U4717,2026-01-28,Mobile,3,0,1
U4718,2026-01-15,Mobile,5,0,3
U4718,2026-01-16,Mobile,1,0,0
U4718,2026-01-17,Mobile,2,0,2
U4718,2026-01-18,Mobile,3,0,0
U4718,2026-01-19,PC,4,1,1
U4718,2026-01-20,PC,1,0,0
U4718,2026-01-21,PC,3,0,1
U4718,2026-01-22,Mobile,5,0,4
U4718,2026-01-24,Mobile,3,0,1
U4718,2026-01-25,Mobile,2,0,0
U4718,2026-01-26,Mobile,4,1,1
U4718,2026-01-27,PC,3,0,2
U4718,2026-01-28,Mobile,3,0,1
U4719,2026-01-15,Mobile,5,2,3
U4719,2026-01-16,Mobile,4,2,2
U4719,2026-01-17,Mobile,4,0,1
U4719,2026-01-18,Mobile,2,0,1
U4719,2026-01-19,Mobile,4,0,2
U4719,2026-01-21,PC,4,1,3
U4719,2026-01-22,Mobile,3,0,0
U4719,2026-01-23,Mobile,4,0,0
U4719,2026-01-24,Mobile,5,0,0
U4719,2026-01-25,PC,4,0,2
U4719,2026-01-26,Mobile,4,0,0
U4719,2026-01-27,Mobile,3,1,2
U4719,2026-01-28,PC,4,0,0
U4720,2026-01-15,Mobile,3,0,0
U4720,2026-01-17,Mobile,3,1,1
U4720,2026-01-18,PC,5,0,4
U4720,2026-01-19,Mobile,4,0,0
U4720,2026-01-21,Mobile,4,2,2
U4720,2026-01-22,Mobile,3,0,3
U4720,2026-01-23,PC,3,0,2
U4720,2026-01-24,Mobile,4,1,3
U4720,2026-01-25,Mobile,5,0,2
U4720,2026-01-26,PC,3,1,1
U4721,2026-01-15,Mobile,2,0,0
U4721,2026-01-16,Mobile,4,0,0
U4721,2026-01-17,Mobile,1,0,1
U4721,2026-01-18,Mobile,5,0,1
U4721,2026-01-19,Mobile,1,0,1
U4721,2026-01-20,Mobile,3,1,1
U4721,2026-01-21,PC,5,0,1
U4721,2026-01-22,PC,1,0,1
U4721,2026-01-23,Mobile,5,1,0
U4721,2026-01-24,Mobile,1,0,0
U4721,2026-01-25,Mobile,5,2,1
U4721,2026-01-27,PC,1,0,0
U4721,2026-01-28,Mobile,5,1,0
U4722,2026-01-15,Mobile,5,0,4
U4722,2026-01-16,PC,2,0,0
U4722,2026-01-17,Mobile,1,0,1
U4722,2026-01-18,Mobile,2,0,1
U4722,2026-01-20,Mobile,5,0,1
U4722,2026-01-21,Mobile,2,0,1
U4722,2026-01-22,Mobile,4,0,2
U4722,2026-01-23,PC,4,2,0
U4722,2026-01-24,PC,4,1,2
U4722,2026-01-25,Mobile,1,0,0
U4722,2026-01-26,Mobile,3,1,1
U4722,2026-01-27,Mobile,1,0,1
U4722,2026-01-28,Mobile,5,0,0
U4723,2026-01-15,Mobile,2,0,1
U4723,2026-01-16,Mobile,3,0,0
U4723,2026-01-17,Mobile,4,1,1
U4723,2026-01-18,Mobile,5,0,1
U4723,2026-01-19,PC,2,0,2
U4723,2026-01-20,Mobile,4,0,3
U4723,2026-01-21,Mobile,3,0,0
U4723,2026-01-22,Mobile,1,0,0
U4723,2026-01-23,Mobile,5,2,0
U4723,2026-01-25,Mobile,3,0,0
U4723,2026-01-26,Mobile,4,0,1
U4723,2026-01-27,Mobile,2,0,2
U4723,2026-01-28,PC,5,3,2
U4724,2026-01-15,Mobile,4,0,2
U4724,2026-01-16,Mobile,1,0,1
U4724,2026-01-17,Mobile,4,0,2
U4724,2026-01-18,PC,1,0,0
U4724,2026-01-21,PC,5,0,0
U4724,2026-01-22,Mobile,1,0,0
U4724,2026-01-23,Mobile,3,0,0
U4724,2026-01-24,PC,5,1,1
U4724,2026-01-25,PC,4,1,0
U4724,2026-01-26,PC,1,0,0
U4724,2026-01-27,PC,4,0,0
U4724,2026-01-28,PC,3,1,1
U4725,2026-01-15,PC,1,0,1
U4725,2026-01-16,Mobile,4,1,1
U4725,2026-01-17,Mobile,2,1,1
U4725,2026-01-18,Mobile,3,0,2
U4725,2026-01-19,Mobile,3,0,2
U4725,2026-01-21,Mobile,2,0,0
U4725,2026-01-22,Mobile,1,0,0
U4725,2026-01-23,Mobile,2,2,0
U4725,2026-01-24,Mobile,1,0,0
U4725,2026-01-26,Mobile,4,0,2
U4725,2026-01-27,Mobile,3,0,0
U4725,2026-01-28,PC,5,0,2
U4726,2026-01-15,PC,4,0,2
U4726,2026-01-16,Mobile,4,0,0
U4726,2026-01-17,Mobile,3,0,1
U4726,2026-01-18,PC,1,1,0
U4726,2026-01-19,PC,1,0,0
U4726,2026-01-20,Mobile,2,0,0
U4726,2026-01-21,Mobile,1,0,1
U4726,2026-01-22,PC,2,0,0
U4726,2026-01-23,Mobile,2,0,2
U4726,2026-01-24,Mobile,4,0,2
U4726,2026-01-25,Mobile,5,1,3
U4726,2026-01-26,Mobile,2,1,0
U4726,2026-01-27,Mobile,5,0,0
U4726,2026-01-28,Mobile,1,0,1
U4727,2026-01-16,PC,3,2,0
U4727,2026-01-17,Mobile,3,1,1
U4727,2026-01-18,Mobile,3,0,1
U4727,2026-01-19,PC,2,0,1
U4727,2026-01-20,Mobile,4,2,1
U4727,2026-01-21,Mobile,5,1,0
U4727,2026-01-22,PC,3,0,1
U4727,2026-01-23,Mobile,5,3,2
U4727,2026-01-25,PC,5,2,2
U4727,2026-01-27,PC,4,1,0
U4727,2026-01-28,Mobile,4,0,0
U4728,2026-01-15,PC,3,0,2
U4728,2026-01-16,Mobile,5,0,3
U4728,2026-01-18,Mobile,3,0,3
U4728,2026-01-19,Mobile,1,0,1
U4728,2026-01-21,Mobile,1,0,0
U4728,2026-01-22,PC,3,1,2
U4728,2026-01-23,Mobile,1,0,1
U4728,2026-01-24,Mobile,1,0,1
U4728,2026-01-25,Mobile,2,0,1
U4728,2026-01-26,PC,5,0,4
U4728,2026-01-27,Mobile,2,1,0
U4728,2026-01-28,PC,4,1,2
U4729,2026-01-15,Mobile,5,1,4
U4729,2026-01-16,Mobile,5,1,3
U4729,2026-01-18,Mobile,4,1,2
U4729,2026-01-19,PC,5,1,4
U4729,2026-01-20,Mobile,5,0,2
U4729,2026-01-21,Mobile,1,0,0
U4729,2026-01-22,Mobile,4,0,0
U4729,2026-01-23,PC,5,2,2
U4729,2026-01-24,PC,4,0,1
U4729,2026-01-25,Mobile,4,1,1
U4729,2026-01-26,PC,1,0,1
U4729,2026-01-27,Mobile,2,0,2
U4730,2026-01-15,PC,5,0,0
U4730,2026-01-16,PC,3,0,2
U4730,2026-01-17,PC,5,0,1
U4730,2026-01-18,Mobile,1,0,1
U4730,2026-01-20,PC,2,0,1
U4730,2026-01-21,Mobile,5,0,4
U4730,2026-01-22,Mobile,3,1,1
U4730,2026-01-23,PC,5,1,4
U4730,2026-01-24,PC,5,0,3
U4730,2026-01-25,Mobile,4,1,3
U4730,2026-01-26,PC,2,0,1
U4730,2026-01-27,Mobile,1,1,0
U4730,2026-01-28,PC,2,0,0
U4731,2026-01-15,Mobile,5,0,0
U4731,2026-01-16,PC,1,0,0
U4731,2026-01-17,PC,5,0,0
U4731,2026-01-18,Mobile,3,1,2
U4731,2026-01-19,Mobile,5,0,5
U4731,2026-01-20,PC,3,0,2
U4731,2026-01-22,Mobile,1,0,1
U4731,2026-01-23,Mobile,1,0,1
U4731,2026-01-24,Mobile,1,0,0
U4731,2026-01-25,Mobile,3,0,3
U4731,2026-01-26,Mobile,1,0,0
U4731,2026-01-27,Mobile,1,0,1
U4731,2026-01-28,PC,1,1,0
U4732,2026-01-15,Mobile,3,1,1
U4732,2026-01-16,Mobile,5,2,2
U4732,2026-01-17,Mobile,5,2,2
U4732,2026-01-18,Mobile,2,0,1
U4732,2026-01-19,Mobile,5,3,2
U4732,2026-01-20,Mobile,5,0,0
U4732,2026-01-21,Mobile,3,0,1
U4732,2026-01-22,PC,2,0,0
U4732,2026-01-23,Mobile,2,1,1
U4732,2026-01-24,Mobile,2,1,1
U4732,2026-01-25,PC,1,0,0
U4732,2026-01-26,Mobile,3,2,1
U4732,2026-01-28,PC,2,1,0
U4733,2026-01-15,Mobile,2,0,2
U4733,2026-01-16,Mobile,1,1,0
U4733,2026-01-17,Mobile,3,0,1
U4733,2026-01-19,PC,2,1,1
U4733,2026-01-20,Mobile,5,3,1
U4733,2026-01-21,Mobile,1,1,0
U4733,2026-01-22,PC,3,0,0
U4733,2026-01-23,PC,1,0,0
U4733,2026-01-24,Mobile,4,2,1
U4733,2026-01-25,Mobile,5,3,2
U4733,2026-01-26,Mobile,3,1,0
U4733,2026-01-27,PC,3,0,0
U4733,2026-01-28,PC,5,5,0
U4734,2026-01-15,Mobile,3,0,0
U4734,2026-01-16,Mobile,2,0,1
U4734,2026-01-17,PC,2,0,1
U4734,2026-01-18,Mobile,5,1,4
U4734,2026-01-19,PC,3,1,1
U4734,2026-01-20,PC,5,0,3
U4734,2026-01-21,Mobile,3,0,1
U4734,2026-01-22,Mobile,1,0,0
U4734,2026-01-23,PC,1,1,0
U4734,2026-01-24,PC,4,0,3
U4734,2026-01-25,Mobile,5,0,1
U4734,2026-01-26,Mobile,2,0,1
U4734,2026-01-27,PC,5,2,2
U4734,2026-01-28,PC,5,0,0
U4735,2026-01-15,PC,3,1,1
U4735,2026-01-16,PC,3,2,0
U4735,2026-01-17,Mobile,3,1,0
U4735,2026-01-18,Mobile,1,0,0
U4735,2026-01-19,PC,3,0,0
U4735,2026-01-20,Mobile,3,1,0
U4735,2026-01-21,Mobile,1,0,0
U4735,2026-01-22,PC,3,0,3
U4735,2026-01-23,Mobile,3,0,0
U4735,2026-01-24,PC,4,0,4
U4735,2026-01-25,PC,5,0,1
U4735,2026-01-26,Mobile,4,1,2
U4735,2026-01-27,Mobile,4,0,1
U4735,2026-01-28,Mobile,1,0,0
U4736,2026-01-15,PC,2,0,1
U4736,2026-01-16,Mobile,3,0,0
U4736,2026-01-17,Mobile,4,2,2
U4736,2026-01-18,Mobile,1,0,0
U4736,2026-01-19,Mobile,2,0,1
U4736,2026-01-20,Mobile,3,0,3
U4736,2026-01-21,Mobile,4,2,2
U4736,2026-01-22,Mobile,1,1,0
U4736,2026-01-24,PC,1,0,1
U4736,2026-01-25,PC,1,0,0
U4736,2026-01-26,PC,1,0,0
U4736,2026-01-27,Mobile,4,0,0
U4736,2026-01-28,Mobile,4,1,0
U4737,2026-01-15,Mobile,2,1,1
U4737,2026-01-17,Mobile,5,0,4
U4737,2026-01-18,Mobile,5,1,0
U4737,2026-01-19,PC,2,2,0
U4737,2026-01-20,PC,3,0,1
U4737,2026-01-21,PC,4,0,2
U4737,2026-01-22,Mobile,1,0,0
U4737,2026-01-23,PC,4,1,0
U4737,2026-01-24,PC,5,0,0
U4737,2026-01-25,Mobile,5,0,1
U4737,2026-01-26,Mobile,1,1,0
U4737,2026-01-27,Mobile,3,0,0
U4737,2026-01-28,PC,4,0,0
U4738,2026-01-15,Mobile,2,0,1
U4738,2026-01-16,PC,3,1,2
U4738,2026-01-17,PC,4,2,1
U4738,2026-01-18,PC,2,2,0
U4738,2026-01-19,PC,2,0,0
U4738,2026-01-20,Mobile,3,2,0
U4738,2026-01-21,Mobile,4,1,0
U4738,2026-01-22,Mobile,2,0,2
U4738,2026-01-23,Mobile,4,1,2
U4738,2026-01-24,Mobile,3,2,0
U4738,2026-01-25,PC,1,1,0
U4738,2026-01-27,PC,1,1,0
U4738,2026-01-28,Mobile,4,0,3
U4739,2026-01-15,Mobile,4,1,0
U4739,2026-01-16,Mobile,1,0,0
U4739,2026-01-17,Mobile,1,0,0
U4739,2026-01-18,Mobile,5,1,0
U4739,2026-01-19,PC,5,2,1
U4739,2026-01-21,Mobile,3,0,0
U4739,2026-01-22,PC,5,1,0
U4739,2026-01-23,Mobile,2,0,0
U4739,2026-01-25,PC,4,1,1
U4739,2026-01-26,PC,3,0,3
U4739,2026-01-27,Mobile,5,2,3
U4739,2026-01-28,PC,3,3,0
U4740,2026-01-15,Mobile,1,0,1
U4740,2026-01-16,PC,1,0,0
U4740,2026-01-17,Mobile,4,3,1
U4740,2026-01-18,PC,1,0,0
U4740,2026-01-19,Mobile,1,0,0
U4740,2026-01-20,PC,3,1,0
U4740,2026-01-23,Mobile,4,1,0
U4740,2026-01-24,Mobile,5,4,0
U4740,2026-01-25,Mobile,1,0,0
U4740,2026-01-26,PC,2,0,0
U4740,2026-01-27,PC,5,2,2
U4740,2026-01-28,PC,5,1,1
U4741,2026-01-15,PC,2,0,0
U4741,2026-01-16,PC,1,0,0
U4741,2026-01-17,Mobile,1,0,1
U4741,2026-01-18,Mobile,2,0,0
U4741,2026-01-19,Mobile,3,0,0
U4741,2026-01-20,Mobile,5,1,4
U4741,2026-01-21,PC,1,0,1
U4741,2026-01-22,Mobile,1,0,1
U4741,2026-01-23,PC,2,1,0
U4741,2026-01-24,PC,1,0,0
U4741,2026-01-25,PC,2,0,2
U4741,2026-01-26,PC,1,0,0
U4741,2026-01-27,PC,1,0,0
U4741,2026-01-28,Mobile,1,0,0
U4742,2026-01-15,PC,1,0,0
U4742,2026-01-16,PC,2,0,2
U4742,2026-01-17,Mobile,1,0,1
U4742,2026-01-18,PC,3,0,3
U4742,2026-01-19,PC,4,1,3
U4742,2026-01-20,PC,3,0,3
U4742,2026-01-21,Mobile,4,0,1
U4742,2026-01-22,Mobile,2,0,0
U4742,2026-01-23,Mobile,1,0,1
U4742,2026-01-25,PC,2,0,2
U4742,2026-01-26,PC,2,1,0
U4742,2026-01-27,Mobile,3,0,3
U4742,2026-01-28,Mobile,5,0,3
U4743,2026-01-16,PC,1,0,0
U4743,2026-01-17,PC,5,3,1
U4743,2026-01-18,PC,1,0,0
U4743,2026-01-19,Mobile,3,1,0
U4743,2026-01-20,Mobile,4,1,0
U4743,2026-01-21,Mobile,3,2,1
U4743,2026-01-22,PC,2,0,1
U4743,2026-01-24,Mobile,5,1,3
U4743,2026-01-25,PC,1,0,0
U4743,2026-01-26,PC,2,0,0
U4743,2026-01-27,Mobile,1,0,0
U4743,2026-01-28,Mobile,1,1,0
U4744,2026-01-15,Mobile,1,0,0
U4744,2026-01-16,Mobile,3,0,1
U4744,2026-01-17,PC,1,0,0
U4744,2026-01-18,Mobile,1,0,0
U4744,2026-01-19,Mobile,5,2,1
U4744,2026-01-21,Mobile,2,0,1
U4744,2026-01-22,PC,3,0,2
U4744,2026-01-23,Mobile,3,1,2
U4744,2026-01-24,PC,2,0,1
U4744,2026-01-25,Mobile,3,2,0
U4744,2026-01-26,Mobile,4,0,1
U4744,2026-01-27,Mobile,3,0,0
U4744,2026-01-28,Mobile,1,0,1
U4745,2026-01-15,Mobile,2,1,0
U4745,2026-01-16,PC,2,0,0
U4745,2026-01-17,Mobile,4,2,1
U4745,2026-01-18,Mobile,3,1,0
U4745,2026-01-19,PC,4,2,1
U4745,2026-01-20,Mobile,3,0,0
U4745,2026-01-21,Mobile,3,2,1
U4745,2026-01-22,Mobile,1,0,0
U4745,2026-01-23,Mobile,4,0,1
U4745,2026-01-24,Mobile,3,2,1
U4745,2026-01-25,Mobile,3,0,0
U4745,2026-01-26,Mobile,1,0,1
U4745,2026-01-27,Mobile,4,1,0
U4745,2026-01-28,Mobile,4,1,0
U4746,2026-01-16,PC,1,0,0
U4746,2026-01-17,PC,4,0,3
U4746,2026-01-18,Mobile,3,1,2
U4746,2026-01-19,PC,2,0,0
U4746,2026-01-20,Mobile,4,1,3
U4746,2026-01-21,Mobile,3,0,2
U4746,2026-01-22,PC,5,0,2
U4746,2026-01-23,Mobile,2,1,0
U4746,2026-01-24,PC,4,1,0
U4746,2026-01-25,Mobile,4,0,3
U4746,2026-01-26,Mobile,1,0,1
U4746,2026-01-27,PC,4,1,3
U4746,2026-01-28,Mobile,2,1,1
U4747,2026-01-15,PC,2,0,0
U4747,2026-01-16,Mobile,2,2,0
U4747,2026-01-17,PC,3,1,2
U4747,2026-01-18,Mobile,3,1,0
U4747,2026-01-19,PC,1,0,0
U4747,2026-01-20,Mobile,3,1,0
U4747,2026-01-21,Mobile,4,3,1
U4747,2026-01-22,Mobile,2,0,1
U4747,2026-01-23,PC,5,1,3
U4747,2026-01-24,PC,1,1,0
U4747,2026-01-25,Mobile,2,0,0
U4747,2026-01-26,Mobile,1,1,0
U4747,2026-01-27,Mobile,2,0,0
U4747,2026-01-28,PC,4,4,0
U4748,2026-01-16,Mobile,5,2,2
U4748,2026-01-17,Mobile,1,0,0
U4748,2026-01-18,Mobile,2,0,1
U4748,2026-01-19,PC,1,0,0
U4748,2026-01-21,Mobile,3,0,0
U4748,2026-01-22,PC,3,1,1
U4748,2026-01-23,PC,3,1,0
U4748,2026-01-24,PC,4,1,0
U4748,2026-01-25,Mobile,1,0,1
U4748,2026-01-26,Mobile,1,1,0
U4748,2026-01-27,Mobile,4,0,0
U4748,2026-01-28,Mobile,3,0,0
U4749,2026-01-15,Mobile,2,0,0
U4749,2026-01-16,PC,1,0,0
U4749,2026-01-17,Mobile,2,0,1
U4749,2026-01-18,PC,3,0,0
U4749,2026-01-19,PC,4,2,1
U4749,2026-01-20,Mobile,1,1,0
U4749,2026-01-21,Mobile,5,3,0
U4749,2026-01-22,PC,5,0,0
U4749,2026-01-23,Mobile,4,0,0
U4749,2026-01-24,Mobile,5,2,2
U4749,2026-01-25,Mobile,2,1,0
U4749,2026-01-26,PC,1,0,0
U4749,2026-01-27,Mobile,5,0,0
U4749,2026-01-28,Mobile,2,0,0
U4750,2026-01-15,PC,4,0,1
U4750,2026-01-16,PC,4,0,0
U4750,2026-01-17,Mobile,1,0,1
U4750,2026-01-18,Mobile,3,0,3
U4750,2026-01-20,PC,2,0,1
U4750,2026-01-21,PC,2,0,2
U4750,2026-01-22,PC,4,1,3
U4750,2026-01-23,Mobile,4,0,1
U4750,2026-01-24,Mobile,1,0,0
U4750,2026-01-25,PC,3,0,2
U4750,2026-01-26,PC,3,0,0
U4750,2026-01-27,PC,5,0,1
U4750,2026-01-28,Mobile,3,0,1
U4751,2026-01-15,Mobile,2,1,1
U4751,2026-01-16,Mobile,1,0,1
U4751,2026-01-17,PC,5,0,4
U4751,2026-01-18,Mobile,4,1,3
U4751,2026-01-19,PC,3,0,2
U4751,2026-01-20,Mobile,5,1,4
U4751,2026-01-21,Mobile,4,0,0
U4751,2026-01-22,Mobile,1,0,0
U4751,2026-01-23,Mobile,5,1,2
U4751,2026-01-24,PC,2,0,0
U4751,2026-01-25,PC,3,1,2
U4751,2026-01-26,Mobile,2,0,0
U4751,2026-01-27,PC,2,0,0
U4751,2026-01-28,Mobile,4,0,0
U4752,2026-01-15,Mobile,2,0,0
U4752,2026-01-16,PC,1,0,1
U4752,2026-01-19,Mobile,3,0,0
U4752,2026-01-20,PC,1,0,1
U4752,2026-01-21,Mobile,4,2,2
U4752,2026-01-22,Mobile,2,1,0
U4752,2026-01-23,Mobile,4,0,3
U4752,2026-01-24,Mobile,1,1,0
U4752,2026-01-25,PC,3,0,0
U4752,2026-01-26,PC,3,0,1
U4752,2026-01-27,Mobile,3,0,2
U4752,2026-01-28,Mobile,2,0,1
U4753,2026-01-15,PC,4,1,0
U4753,2026-01-17,PC,4,2,2
U4753,2026-01-18,Mobile,4,0,0
U4753,2026-01-19,PC,3,1,0
U4753,2026-01-20,Mobile,1,0,0
U4753,2026-01-21,Mobile,1,0,0
U4753,2026-01-22,Mobile,2,0,0
U4753,2026-01-23,PC,4,0,1
U4753,2026-01-24,PC,3,1,1
U4753,2026-01-25,PC,2,2,0
U4753,2026-01-26,PC,2,0,0
U4753,2026-01-27,PC,2,0,0
U4753,2026-01-28,PC,3,0,0
U4754,2026-01-16,PC,1,0,0
U4754,2026-01-17,Mobile,5,0,1
U4754,2026-01-18,Mobile,3,0,1
U4754,2026-01-19,Mobile,5,2,3
U4754,2026-01-20,Mobile,5,1,2
U4754,2026-01-21,PC,5,2,0
U4754,2026-01-23,PC,3,0,1
U4754,2026-01-24,PC,4,0,0
U4754,2026-01-25,PC,3,0,1
U4754,2026-01-26,PC,2,0,1
U4754,2026-01-27,Mobile,1,0,0
U4754,2026-01-28,PC,2,1,0
U4755,2026-01-15,Mobile,3,0,0
U4755,2026-01-17,Mobile,1,0,0
U4755,2026-01-18,PC,2,1,0
U4755,2026-01-20,Mobile,2,0,0
U4755,2026-01-21,PC,4,0,1
U4755,2026-01-22,Mobile,5,0,3
U4755,2026-01-23,Mobile,4,1,3
U4755,2026-01-24,PC,4,0,1
U4755,2026-01-25,PC,5,0,1
U4755,2026-01-26,PC,5,2,1
U4755,2026-01-27,Mobile,4,1,3
U4755,2026-01-28,PC,1,0,1
U4756,2026-01-15,Mobile,5,1,3
U4756,2026-01-16,Mobile,3,0,3
U4756,2026-01-17,Mobile,5,2,3
U4756,2026-01-18,PC,3,0,0
U4756,2026-01-19,Mobile,2,0,0
U4756,2026-01-20,Mobile,2,0,1
U4756,2026-01-21,Mobile,2,1,0
U4756,2026-01-22,PC,4,2,1
U4756,2026-01-23,PC,2,1,0
U4756,2026-01-24,PC,3,1,1
U4756,2026-01-25,Mobile,2,2,0
U4756,2026-01-26,Mobile,1,0,0
U4756,2026-01-27,PC,2,0,2
U4756,2026-01-28,PC,5,4,1
U4757,2026-01-15,Mobile,1,0,0
U4757,2026-01-16,PC,1,0,0
U4757,2026-01-17,PC,1,0,0
U4757,2026-01-18,Mobile,2,1,1
U4757,2026-01-19,PC,2,0,2
U4757,2026-01-20,Mobile,2,0,0
U4757,2026-01-21,Mobile,1,0,1
U4757,2026-01-22,Mobile,3,0,0
U4757,2026-01-23,Mobile,5,1,1
U4757,2026-01-24,Mobile,4,2,2
U4757,2026-01-26,PC,1,0,0
U4757,2026-01-27,PC,5,0,2
U4757,2026-01-28,PC,2,1,1
U4758,2026-01-15,Mobile,2,1,1
U4758,2026-01-16,Mobile,5,1,2
U4758,2026-01-17,Mobile,5,0,1
U4758,2026-01-18,Mobile,3,1,2
U4758,2026-01-19,PC,5,0,4
U4758,2026-01-22,Mobile,2,0,2
U4758,2026-01-23,Mobile,3,1,0
U4758,2026-01-24,PC,5,0,1
U4758,2026-01-25,Mobile,1,0,1
U4758,2026-01-26,PC,4,0,0
U4758,2026-01-27,PC,3,0,2
U4758,2026-01-28,PC,3,0,3
U4759,2026-01-15,PC,5,1,0
U4759,2026-01-16,Mobile,5,0,0
U4759,2026-01-17,Mobile,4,2,1
U4759,2026-01-18,Mobile,4,2,1
U4759,2026-01-19,PC,2,1,0
U4759,2026-01-20,PC,3,1,2
U4759,2026-01-21,PC,2,0,1
U4759,2026-01-22,Mobile,2,0,0
U4759,2026-01-23,Mobile,5,2,0
U4759,2026-01-24,PC,1,0,1
U4759,2026-01-25,PC,2,0,0
U4759,2026-01-26,PC,3,0,2
U4759,2026-01-27,PC,3,1,2
U4759,2026-01-28,Mobile,3,0,0
U4760,2026-01-15,Mobile,2,0,0
U4760,2026-01-16,Mobile,3,1,2
U4760,2026-01-17,Mobile,5,0,5
U4760,2026-01-18,PC,2,0,0
U4760,2026-01-19,Mobile,3,1,1
U4760,2026-01-20,PC,3,0,2
U4760,2026-01-22,Mobile,4,1,0
U4760,2026-01-23,Mobile,4,0,0
U4760,2026-01-25,PC,5,1,4
U4760,2026-01-26,Mobile,5,0,3
U4760,2026-01-27,Mobile,3,0,1
U4760,2026-01-28,PC,1,0,0
U4761,2026-01-15,PC,2,0,0
U4761,2026-01-16,PC,3,0,1
U4761,2026-01-17,Mobile,5,1,2
U4761,2026-01-18,PC,3,0,0
U4761,2026-01-19,PC,5,1,3
U4761,2026-01-20,PC,3,1,0
U4761,2026-01-21,PC,3,0,2
U4761,2026-01-22,Mobile,4,1,1
U4761,2026-01-23,PC,5,0,3
U4761,2026-01-24,Mobile,1,0,1
U4761,2026-01-25,Mobile,3,0,2
U4761,2026-01-26,PC,3,0,2
U4761,2026-01-27,Mobile,4,1,1
U4761,2026-01-28,PC,5,1,4
U4762,2026-01-15,PC,5,0,5
U4762,2026-01-16,PC,4,1,3
U4762,2026-01-17,PC,1,0,1
U4762,2026-01-18,Mobile,5,0,2
U4762,2026-01-19,Mobile,5,0,0
U4762,2026-01-20,PC,2,0,1
U4762,2026-01-21,Mobile,1,0,1
U4762,2026-01-22,Mobile,4,1,1
U4762,2026-01-24,Mobile,5,3,2
U4762,2026-01-25,PC,1,1,0
U4762,2026-01-26,Mobile,2,0,0
U4762,2026-01-27,PC,4,0,2
U4762,2026-01-28,PC,4,0,1
U4763,2026-01-15,Mobile,2,1,1
U4763,2026-01-16,PC,1,0,1
U4763,2026-01-17,Mobile,2,0,1
U4763,2026-01-18,Mobile,3,2,0
U4763,2026-01-19,PC,5,0,0
U4763,2026-01-20,PC,4,0,0
U4763,2026-01-21,Mobile,1,1,0
U4763,2026-01-22,Mobile,1,0,0
U4763,2026-01-23,Mobile,5,3,2
U4763,2026-01-24,Mobile,2,0,0
U4763,2026-01-25,PC,5,3,2
U4763,2026-01-26,Mobile,4,0,0
U4763,2026-01-27,PC,1,0,0
U4763,2026-01-28,PC,1,0,1
U4764,2026-01-15,PC,2,0,0
U4764,2026-01-16,Mobile,5,0,4
U4764,2026-01-17,Mobile,5,0,5
U4764,2026-01-19,PC,5,1,2
U4764,2026-01-20,PC,2,0,1
U4764,2026-01-21,PC,4,1,0
U4764,2026-01-22,Mobile,4,0,0
U4764,2026-01-23,Mobile,3,3,0
U4764,2026-01-25,Mobile,3,0,1
U4764,2026-01-26,PC,5,2,2
U4764,2026-01-28,PC,2,1,0
U4765,2026-01-15,Mobile,2,0,0
U4765,2026-01-16,Mobile,3,0,0
U4765,2026-01-17,Mobile,1,0,1
U4765,2026-01-18,PC,1,0,1
U4765,2026-01-19,Mobile,1,0,1
U4765,2026-01-20,PC,4,0,0
U4765,2026-01-21,PC,3,0,1
U4765,2026-01-22,PC,1,0,0
U4765,2026-01-23,PC,2,0,1
U4765,2026-01-24,PC,5,1,1
U4765,2026-01-25,PC,4,0,0
U4765,2026-01-26,Mobile,3,1,0
U4765,2026-01-27,PC,2,0,2
U4765,2026-01-28,Mobile,2,0,2
U4766,2026-01-15,Mobile,4,0,0
U4766,2026-01-16,PC,2,0,0
U4766,2026-01-17,PC,1,0,0
U4766,2026-01-18,PC,4,3,0
U4766,2026-01-19,Mobile,5,2,1
U4766,2026-01-20,Mobile,2,0,0
U4766,2026-01-21,Mobile,5,2,3
U4766,2026-01-23,Mobile,2,1,1
U4766,2026-01-24,PC,4,2,2
U4766,2026-01-25,PC,5,0,0
U4766,2026-01-27,Mobile,5,2,1
U4766,2026-01-28,Mobile,1,0,0
U4767,2026-01-15,Mobile,5,3,2
U4767,2026-01-16,Mobile,1,0,0
U4767,2026-01-17,PC,4,2,0
U4767,2026-01-18,PC,5,0,1
U4767,2026-01-19,Mobile,2,1,1
U4767,2026-01-20,PC,2,0,0
U4767,2026-01-21,Mobile,2,0,1
U4767,2026-01-22,Mobile,1,0,0
U4767,2026-01-24,Mobile,5,2,0
U4767,2026-01-25,Mobile,1,0,0
U4767,2026-01-27,Mobile,5,2,2
U4767,2026-01-28,PC,5,3,2
U4768,2026-01-15,Mobile,3,0,2
U4768,2026-01-16,Mobile,3,0,1
U4768,2026-01-17,PC,5,0,5
U4768,2026-01-18,Mobile,4,0,3
U4768,2026-01-19,PC,3,0,1
U4768,2026-01-20,Mobile,1,0,1
U4768,2026-01-21,Mobile,3,0,1
U4768,2026-01-24,Mobile,3,0,1
U4768,2026-01-25,PC,4,0,2
U4768,2026-01-26,PC,5,0,2
U4768,2026-01-27,PC,5,2,1
U4768,2026-01-28,PC,4,2,2
U4769,2026-01-15,PC,3,0,1
U4769,2026-01-16,PC,3,0,0
U4769,2026-01-17,Mobile,4,2,2
U4769,2026-01-18,PC,4,0,0
U4769,2026-01-19,PC,3,1,2
U4769,2026-01-21,Mobile,4,0,1
U4769,2026-01-22,PC,4,0,2
U4769,2026-01-23,Mobile,3,2,0
U4769,2026-01-24,Mobile,1,1,0
U4769,2026-01-25,Mobile,2,1,1
U4769,2026-01-26,PC,3,0,0
U4769,2026-01-27,PC,2,0,0
U4769,2026-01-28,PC,3,0,0
U4770,2026-01-15,PC,4,1,3
U4770,2026-01-16,PC,4,0,1
U4770,2026-01-17,Mobile,1,0,0
U4770,2026-01-18,PC,3,0,2
U4770,2026-01-19,Mobile,4,1,2
U4770,2026-01-20,Mobile,1,0,0
U4770,2026-01-21,PC,5,0,0
U4770,2026-01-22,PC,5,1,4
U4770,2026-01-23,PC,5,0,1
U4770,2026-01-24,Mobile,2,0,0
U4770,2026-01-25,PC,2,1,0
U4770,2026-01-26,PC,5,0,4
U4770,2026-01-27,Mobile,1,0,0
U4770,2026-01-28,PC,5,3,0
U4771,2026-01-15,Mobile,4,0,1
U4771,2026-01-16,PC,3,0,0
U4771,2026-01-17,Mobile,2,0,2
U4771,2026-01-19,PC,2,0,2
U4771,2026-01-20,Mobile,4,1,1
U4771,2026-01-21,Mobile,4,0,1
U4771,2026-01-22,Mobile,3,1,2
U4771,2026-01-23,Mobile,5,2,1
U4771,2026-01-24,Mobile,4,0,0
U4771,2026-01-25,PC,3,0,1
U4771,2026-01-26,PC,1,0,0
U4771,2026-01-27,Mobile,4,0,1
U4771,2026-01-28,Mobile,2,0,0
U4772,2026-01-15,PC,4,1,3
U4772,2026-01-16,Mobile,5,1,2
U4772,2026-01-17,PC,1,1,0
U4772,2026-01-19,PC,3,1,0
U4772,2026-01-20,Mobile,4,0,0
U4772,2026-01-21,Mobile,3,0,0
U4772,2026-01-22,PC,5,2,2
U4772,2026-01-23,Mobile,4,3,0
U4772,2026-01-24,Mobile,2,0,2
U4772,2026-01-26,PC,5,2,1
U4772,2026-01-27,PC,4,1,1
U4772,2026-01-28,Mobile,2,0,0
U4773,2026-01-15,Mobile,2,0,1
U4773,2026-01-16,Mobile,2,1,0
U4773,2026-01-17,Mobile,1,0,1
U4773,2026-01-18,PC,4,0,1
U4773,2026-01-19,Mobile,5,0,5
U4773,2026-01-20,Mobile,3,0,1
U4773,2026-01-21,PC,4,1,2
U4773,2026-01-22,PC,4,1,2
U4773,2026-01-23,Mobile,2,1,1
U4773,2026-01-24,Mobile,4,0,1
U4773,2026-01-25,Mobile,4,0,3
U4773,2026-01-26,Mobile,2,0,2
U4773,2026-01-27,Mobile,5,1,2
U4773,2026-01-28,PC,5,1,4
U4774,2026-01-15,Mobile,5,3,0
U4774,2026-01-16,Mobile,5,1,3
U4774,2026-01-17,PC,5,1,1
U4774,2026-01-19,Mobile,2,1,1
U4774,2026-01-21,PC,3,1,0
U4774,2026-01-22,Mobile,5,2,0
U4774,2026-01-23,Mobile,5,0,0
U4774,2026-01-24,PC,4,0,0
U4774,2026-01-25,Mobile,4,4,0
U4774,2026-01-26,Mobile,5,0,3
U4774,2026-01-27,Mobile,5,1,1
U4774,2026-01-28,Mobile,4,3,0
U4775,2026-01-15,Mobile,1,1,0
U4775,2026-01-16,Mobile,1,0,0
U4775,2026-01-17,Mobile,5,0,0
U4775,2026-01-19,Mobile,4,3,1
U4775,2026-01-20,Mobile,3,0,0
U4775,2026-01-21,PC,1,1,0
U4775,2026-01-22,Mobile,4,0,3
U4775,2026-01-23,Mobile,5,0,1
U4775,2026-01-24,Mobile,3,2,0
U4775,2026-01-26,Mobile,3,0,2
U4775,2026-01-27,Mobile,3,0,0
U4775,2026-01-28,Mobile,2,1,1
U4776,2026-01-15,PC,4,1,3
U4776,2026-01-16,PC,2,0,1
U4776,2026-01-17,Mobile,4,0,4
U4776,2026-01-18,Mobile,5,2,1
U4776,2026-01-19,PC,2,1,1
U4776,2026-01-20,Mobile,2,0,0
U4776,2026-01-21,PC,5,0,3
U4776,2026-01-22,Mobile,1,0,0
U4776,2026-01-23,PC,1,0,1
U4776,2026-01-24,PC,3,0,2
U4776,2026-01-25,Mobile,1,0,0
U4776,2026-01-26,Mobile,2,0,0
U4776,2026-01-27,Mobile,4,0,2
U4776,2026-01-28,PC,4,2,1
U4777,2026-01-15,Mobile,1,0,0
U4777,2026-01-16,Mobile,1,0,0
U4777,2026-01-17,Mobile,2,1,0
U4777,2026-01-18,Mobile,1,0,0
U4777,2026-01-19,Mobile,5,1,1
U4777,2026-01-20,PC,5,0,1
U4777,2026-01-21,Mobile,5,1,2
U4777,2026-01-22,Mobile,1,0,1
U4777,2026-01-23,PC,1,0,1
U4777,2026-01-24,PC,5,2,2
U4777,2026-01-25,Mobile,2,0,0
U4777,2026-01-26,Mobile,4,1,0
U4777,2026-01-27,Mobile,2,0,0
U4777,2026-01-28,Mobile,3,2,1
U4778,2026-01-15,Mobile,5,1,3
U4778,2026-01-16,Mobile,5,0,1
U4778,2026-01-17,Mobile,3,1,0
U4778,2026-01-18,Mobile,3,0,2
U4778,2026-01-19,Mobile,4,0,1
U4778,2026-01-20,Mobile,2,1,0
U4778,2026-01-21,Mobile,3,1,2
U4778,2026-01-22,Mobile,1,0,0
U4778,2026-01-23,Mobile,1,0,0
U4778,2026-01-25,Mobile,3,0,0
U4778,2026-01-26,Mobile,3,0,2
U4778,2026-01-27,PC,2,0,0
U4779,2026-01-16,Mobile,4,0,1
U4779,2026-01-17,Mobile,5,1,0
U4779,2026-01-18,PC,2,1,0
U4779,2026-01-19,Mobile,5,0,4
U4779,2026-01-20,Mobile,3,0,1
U4779,2026-01-21,Mobile,3,1,0
U4779,2026-01-22,Mobile,5,0,2
U4779,2026-01-23,PC,2,0,1
U4779,2026-01-24,Mobile,1,0,1
U4779,2026-01-25,Mobile,2,0,2
U4779,2026-01-26,Mobile,2,0,0
U4779,2026-01-27,PC,4,0,3
U4779,2026-01-28,Mobile,2,0,2
U4780,2026-01-15,PC,1,0,1
U4780,2026-01-16,Mobile,5,2,3
U4780,2026-01-17,Mobile,3,1,1
U4780,2026-01-18,Mobile,3,2,1
U4780,2026-01-19,Mobile,5,1,1
U4780,2026-01-20,PC,3,0,0
U4780,2026-01-21,PC,5,0,0
U4780,2026-01-22,Mobile,1,0,0
U4780,2026-01-23,PC,3,2,1
U4780,2026-01-24,Mobile,3,2,1
U4780,2026-01-25,Mobile,5,0,0
U4780,2026-01-26,Mobile,4,0,0
U4780,2026-01-27,Mobile,1,0,0
U4780,2026-01-28,PC,3,2,1
U4781,2026-01-15,PC,3,1,1
U4781,2026-01-16,Mobile,2,2,0
U4781,2026-01-17,PC,4,0,0
U4781,2026-01-18,PC,3,2,1
U4781,2026-01-19,Mobile,3,2,1
U4781,2026-01-20,PC,2,0,0
U4781,2026-01-21,Mobile,1,1,0
U4781,2026-01-22,Mobile,5,2,1
U4781,2026-01-23,Mobile,5,1,0
U4781,2026-01-24,PC,3,2,1
U4781,2026-01-25,Mobile,4,4,0
U4781,2026-01-26,PC,2,0,1
U4781,2026-01-27,Mobile,1,0,0
U4781,2026-01-28,PC,5,2,1
U4782,2026-01-15,Mobile,2,0,1
U4782,2026-01-17,PC,2,0,2
U4782,2026-01-18,PC,4,2,2
U4782,2026-01-19,Mobile,2,0,0
U4782,2026-01-20,Mobile,3,1,1
U4782,2026-01-21,PC,4,0,2
U4782,2026-01-22,PC,2,0,1
U4782,2026-01-23,Mobile,4,2,2
U4782,2026-01-24,PC,3,0,1
U4782,2026-01-25,PC,4,0,1
U4782,2026-01-26,Mobile,1,1,0
U4782,2026-01-27,PC,5,0,1
U4782,2026-01-28,PC,1,0,1
U4783,2026-01-15,Mobile,1,0,1
U4783,2026-01-16,Mobile,5,1,4
U4783,2026-01-17,Mobile,3,1,2
U4783,2026-01-18,PC,1,1,0
U4783,2026-01-20,Mobile,2,0,0
U4783,2026-01-21,Mobile,5,0,1
U4783,2026-01-22,Mobile,3,0,3
U4783,2026-01-23,Mobile,1,0,0
U4783,2026-01-24,Mobile,3,0,0
U4783,2026-01-25,PC,5,1,2
U4783,2026-01-26,Mobile,1,0,1
U4783,2026-01-27,Mobile,1,0,1
U4783,2026-01-28,PC,4,1,1
U4784,2026-01-15,PC,4,1,1
U4784,2026-01-16,Mobile,2,0,1
U4784,2026-01-17,PC,2,1,0
U4784,2026-01-18,PC,3,0,1
U4784,2026-01-19,Mobile,3,1,2
U4784,2026-01-20,Mobile,1,0,1
U4784,2026-01-21,PC,3,0,3
U4784,2026-01-22,Mobile,4,0,1
U4784,2026-01-23,Mobile,5,2,3
U4784,2026-01-24,Mobile,4,1,3
U4784,2026-01-25,Mobile,5,1,4
U4784,2026-01-26,Mobile,5,3,2
U4784,2026-01-27,PC,3,2,0
U4784,2026-01-28,PC,1,1,0
U4785,2026-01-15,Mobile,3,1,2
U4785,2026-01-16,PC,2,1,1
U4785,2026-01-17,Mobile,2,0,1
U4785,2026-01-18,Mobile,1,0,0
U4785,2026-01-19,PC,5,0,2
U4785,2026-01-20,PC,3,0,0
U4785,2026-01-21,Mobile,4,1,2
U4785,2026-01-22,Mobile,2,1,0
U4785,2026-01-23,PC,2,1,0
U4785,2026-01-24,PC,2,1,1
U4785,2026-01-25,PC,5,0,1
U4785,2026-01-26,Mobile,5,0,1
U4785,2026-01-27,Mobile,5,2,0
U4785,2026-01-28,Mobile,2,1,0
U4786,2026-01-16,Mobile,3,0,0
U4786,2026-01-17,PC,2,1,1
U4786,2026-01-18,Mobile,5,3,1
U4786,2026-01-19,Mobile,1,0,0
U4786,2026-01-20,Mobile,4,2,2
U4786,2026-01-22,Mobile,3,0,0
U4786,2026-01-24,PC,5,2,1
U4786,2026-01-25,PC,1,1,0
U4786,2026-01-26,PC,3,2,1
U4786,2026-01-27,Mobile,5,2,0
U4786,2026-01-28,Mobile,3,0,1
U4787,2026-01-15,PC,4,2,1
U4787,2026-01-16,Mobile,1,0,0
U4787,2026-01-17,PC,3,1,2
U4787,2026-01-18,Mobile,3,0,2
U4787,2026-01-19,Mobile,3,1,1
U4787,2026-01-20,PC,5,2,3
U4787,2026-01-21,Mobile,3,1,1
U4787,2026-01-22,Mobile,5,1,1
U4787,2026-01-23,Mobile,4,2,1
U4787,2026-01-24,PC,4,0,1
U4787,2026-01-25,Mobile,2,0,2
U4787,2026-01-26,PC,3,2,0
U4787,2026-01-27,Mobile,4,1,2
U4787,2026-01-28,Mobile,1,0,0
U4788,2026-01-15,Mobile,2,0,1
U4788,2026-01-16,PC,2,0,0
U4788,2026-01-18,Mobile,2,1,1
U4788,2026-01-19,Mobile,3,0,0
U4788,2026-01-20,PC,3,1,2
U4788,2026-01-21,PC,5,0,0
U4788,2026-01-22,PC,5,0,1
U4788,2026-01-23,Mobile,3,0,1
U4788,2026-01-24,PC,4,0,3
U4788,2026-01-25,Mobile,4,0,0
U4788,2026-01-26,Mobile,1,0,0
U4788,2026-01-27,Mobile,2,1,1
U4788,2026-01-28,PC,2,1,1
U4789,2026-01-15,Mobile,2,0,0
U4789,2026-01-16,Mobile,3,1,0
U4789,2026-01-17,PC,4,0,0
U4789,2026-01-18,PC,2,1,1
U4789,2026-01-19,Mobile,5,2,3
U4789,2026-01-20,PC,5,2,1
U4789,2026-01-21,Mobile,2,0,1
U4789,2026-01-22,Mobile,3,2,1
U4789,2026-01-23,PC,3,0,0
U4789,2026-01-24,PC,1,0,0
U4789,2026-01-25,PC,2,0,2
U4789,2026-01-26,Mobile,4,0,1
U4789,2026-01-27,Mobile,1,0,1
U4789,2026-01-28,Mobile,3,0,1
U4790,2026-01-15,PC,3,0,3
U4790,2026-01-17,PC,5,1,3
U4790,2026-01-18,Mobile,4,1,2
U4790,2026-01-19,Mobile,5,1,2
U4790,2026-01-20,PC,4,1,3
U4790,2026-01-21,PC,5,0,2
U4790,2026-01-22,Mobile,3,1,2
U4790,2026-01-23,PC,2,0,0
U4790,2026-01-24,PC,5,0,2
U4790,2026-01-25,Mobile,4,0,1
U4790,2026-01-26,PC,5,0,1
U4790,2026-01-28,PC,4,0,0
U4791,2026-01-15,Mobile,5,0,3
U4791,2026-01-17,Mobile,3,1,0
U4791,2026-01-18,Mobile,5,0,2
U4791,2026-01-20,Mobile,3,0,2
U4791,2026-01-21,Mobile,3,1,1
U4791,2026-01-22,Mobile,5,0,3
U4791,2026-01-23,PC,3,0,2
U4791,2026-01-24,Mobile,5,1,3
U4791,2026-01-25,Mobile,5,2,2
U4791,2026-01-26,PC,2,0,2
U4791,2026-01-27,Mobile,1,0,1
U4791,2026-01-28,PC,5,1,1
U4792,2026-01-15,Mobile,2,0,1
U4792,2026-01-16,PC,5,2,3
U4792,2026-01-17,Mobile,3,2,1
U4792,2026-01-18,PC,1,0,0
U4792,2026-01-19,PC,2,2,0
U4792,2026-01-20,Mobile,4,1,2
U4792,2026-01-21,Mobile,2,0,1
U4792,2026-01-22,Mobile,4,0,1
U4792,2026-01-23,Mobile,5,0,1
U4792,2026-01-24,PC,2,0,0
U4792,2026-01-25,Mobile,2,0,0
U4792,2026-01-26,PC,3,2,0
U4792,2026-01-27,PC,4,3,0
U4792,2026-01-28,Mobile,4,2,1
U4793,2026-01-15,Mobile,1,0,0
U4793,2026-01-16,PC,2,0,0
U4793,2026-01-18,Mobile,3,1,1
U4793,2026-01-19,Mobile,5,2,1
U4793,2026-01-21,Mobile,1,0,1
U4793,2026-01-23,PC,3,1,0
U4793,2026-01-24,Mobile,3,0,0
U4793,2026-01-25,PC,5,1,3
U4793,2026-01-26,Mobile,5,0,0
U4793,2026-01-27,Mobile,2,1,0
U4793,2026-01-28,Mobile,2,1,1
U4794,2026-01-15,Mobile,4,0,0
U4794,2026-01-16,Mobile,1,1,0
U4794,2026-01-18,Mobile,4,1,0
U4794,2026-01-19,Mobile,4,1,1
U4794,2026-01-20,Mobile,1,0,0
U4794,2026-01-23,PC,4,3,0
U4794,2026-01-24,Mobile,1,0,1
U4794,2026-01-25,PC,5,2,3
U4794,2026-01-26,Mobile,5,1,1
U4794,2026-01-27,Mobile,5,0,0
U4794,2026-01-28,Mobile,3,0,1
U4795,2026-01-15,Mobile,1,0,1
U4795,2026-01-16,Mobile,1,1,0
U4795,2026-01-17,PC,4,0,4
U4795,2026-01-18,Mobile,2,0,0
U4795,2026-01-19,Mobile,5,1,4
U4795,2026-01-20,Mobile,1,1,0
U4795,2026-01-21,Mobile,1,0,0
U4795,2026-01-22,Mobile,2,0,1
U4795,2026-01-23,Mobile,5,2,3
U4795,2026-01-24,Mobile,1,0,1
U4795,2026-01-25,Mobile,1,0,0
U4795,2026-01-26,Mobile,2,0,0
U4795,2026-01-27,Mobile,4,0,4
U4795,2026-01-28,PC,2,0,0
U4796,2026-01-15,Mobile,3,0,0
U4796,2026-01-16,PC,1,0,0
U4796,2026-01-18,PC,1,1,0
U4796,2026-01-19,Mobile,2,1,0
U4796,2026-01-20,Mobile,1,0,0
U4796,2026-01-21,Mobile,3,0,0
U4796,2026-01-22,Mobile,2,1,1
U4796,2026-01-23,Mobile,5,1,1
U4796,2026-01-24,Mobile,4,2,1
U4796,2026-01-25,PC,2,0,0
U4796,2026-01-26,PC,2,1,1
U4796,2026-01-27,Mobile,5,2,2
U4796,2026-01-28,Mobile,5,2,2
U4797,2026-01-15,Mobile,4,0,0
U4797,2026-01-16,Mobile,1,0,0
U4797,2026-01-17,PC,1,0,0
U4797,2026-01-18,Mobile,5,0,2
U4797,2026-01-19,Mobile,3,0,1
U4797,2026-01-21,Mobile,5,0,2
U4797,2026-01-22,PC,1,0,0
U4797,2026-01-23,PC,3,2,0
U4797,2026-01-24,PC,3,1,0
U4797,2026-01-25,PC,4,0,2
U4797,2026-01-26,Mobile,3,2,1
U4797,2026-01-27,PC,5,0,1
U4797,2026-01-28,Mobile,1,0,1
U4798,2026-01-15,PC,3,0,0
U4798,2026-01-16,Mobile,2,0,0
U4798,2026-01-17,PC,1,1,0
U4798,2026-01-18,Mobile,4,2,1
U4798,2026-01-19,Mobile,1,0,0
U4798,2026-01-21,Mobile,5,1,4
U4798,2026-01-22,Mobile,1,1,0
U4798,2026-01-23,PC,4,0,1
U4798,2026-01-24,PC,5,1,4
U4798,2026-01-25,Mobile,3,0,1
U4798,2026-01-26,Mobile,4,0,1
U4798,2026-01-27,Mobile,5,0,3
U4798,2026-01-28,PC,3,1,2
U4799,2026-01-15,Mobile,5,1,1
U4799,2026-01-16,Mobile,3,3,0
U4799,2026-01-18,Mobile,5,0,0
U4799,2026-01-19,Mobile,4,3,1
U4799,2026-01-20,Mobile,4,0,0
U4799,2026-01-21,PC,3,1,0
U4799,2026-01-23,PC,3,2,1
U4799,2026-01-26,PC,5,2,1
U4799,2026-01-27,Mobile,5,1,2
U4799,2026-01-28,Mobile,5,1,2
U4800,2026-01-15,Mobile,2,0,1
U4800,2026-01-16,PC,1,0,0
U4800,2026-01-18,Mobile,1,0,0
U4800,2026-01-19,Mobile,5,5,0
U4800,2026-01-20,PC,2,0,2
U4800,2026-01-21,PC,5,4,1
U4800,2026-01-22,Mobile,3,0,0
U4800,2026-01-23,PC,3,1,1
U4800,2026-01-24,PC,1,0,1
U4800,2026-01-25,Mobile,1,0,0
U4800,2026-01-26,PC,5,0,0
U4800,2026-01-27,PC,5,0,1
U4800,2026-01-28,Mobile,2,0,0
U4801,2026-01-15,Mobile,2,1,1
U4801,2026-01-16,Mobile,4,0,0
U4801,2026-01-17,Mobile,4,1,2
U4801,2026-01-18,Mobile,1,0,0
U4801,2026-01-19,PC,4,1,2
U4801,2026-01-20,Mobile,4,0,0
U4801,2026-01-21,Mobile,5,0,4
U4801,2026-01-22,Mobile,3,0,3
U4801,2026-01-23,PC,1,0,0
U4801,2026-01-24,Mobile,4,0,0
U4801,2026-01-25,Mobile,1,0,0
U4801,2026-01-26,PC,2,0,1
U4801,2026-01-27,PC,5,1,0
U4801,2026-01-28,PC,3,0,2
U4802,2026-01-15,PC,5,0,0
U4802,2026-01-16,PC,2,0,2
U4802,2026-01-17,Mobile,1,0,0
U4802,2026-01-18,PC,4,0,3
U4802,2026-01-19,Mobile,5,0,4
U4802,2026-01-20,PC,4,0,4
U4802,2026-01-21,PC,3,0,2
U4802,2026-01-22,Mobile,3,0,1
U4802,2026-01-24,PC,4,0,0
U4802,2026-01-25,Mobile,1,0,1
U4802,2026-01-26,Mobile,2,1,1
U4802,2026-01-27,Mobile,2,0,0
U4802,2026-01-28,Mobile,2,0,1
U4803,2026-01-15,Mobile,3,1,0
U4803,2026-01-16,Mobile,1,1,0
U4803,2026-01-17,Mobile,5,2,2
U4803,2026-01-18,Mobile,2,0,2
U4803,2026-01-19,Mobile,2,1,0
U4803,2026-01-20,PC,1,0,0
U4803,2026-01-21,PC,2,1,1
U4803,2026-01-22,Mobile,1,0,1
U4803,2026-01-23,PC,2,0,0
U4803,2026-01-24,PC,1,0,1
U4803,2026-01-25,Mobile,1,0,0
U4803,2026-01-26,Mobile,1,0,1
U4803,2026-01-28,Mobile,5,1,0
U4804,2026-01-15,Mobile,4,2,0
U4804,2026-01-16,Mobile,4,1,3
U4804,2026-01-17,PC,3,0,1
U4804,2026-01-18,PC,4,1,1
U4804,2026-01-19,Mobile,2,0,2
U4804,2026-01-20,Mobile,2,0,1
U4804,2026-01-21,Mobile,1,0,1
U4804,2026-01-22,Mobile,1,0,0
U4804,2026-01-23,Mobile,2,0,1
U4804,2026-01-24,Mobile,1,0,1
U4804,2026-01-25,Mobile,5,0,0
U4804,2026-01-26,PC,3,0,0
U4804,2026-01-27,Mobile,3,2,1
U4804,2026-01-28,Mobile,1,0,0
U4805,2026-01-15,PC,4,0,0
U4805,2026-01-16,Mobile,1,1,0
U4805,2026-01-17,Mobile,4,0,0
U4805,2026-01-18,Mobile,5,0,1
U4805,2026-01-19,PC,5,1,2
U4805,2026-01-20,Mobile,2,1,0
U4805,2026-01-21,PC,1,0,1
U4805,2026-01-22,PC,4,1,0
U4805,2026-01-23,PC,4,1,2
U4805,2026-01-24,Mobile,4,1,2
U4805,2026-01-25,Mobile,1,0,1
U4805,2026-01-26,Mobile,2,1,1
U4805,2026-01-27,Mobile,5,3,1
U4805,2026-01-28,Mobile,2,1,1
U4806,2026-01-15,Mobile,4,0,1
U4806,2026-01-16,PC,1,0,0
U4806,2026-01-17,Mobile,4,0,0
U4806,2026-01-18,Mobile,5,0,1
U4806,2026-01-19,PC,5,0,0
U4806,2026-01-20,PC,1,0,0
U4806,2026-01-21,PC,2,1,0
U4806,2026-01-22,Mobile,1,0,1
U4806,2026-01-23,PC,3,0,3
U4806,2026-01-24,PC,5,1,1
U4806,2026-01-25,Mobile,3,1,2
U4806,2026-01-26,PC,1,0,0
U4806,2026-01-27,Mobile,1,1,0
U4806,2026-01-28,Mobile,2,0,1
U4807,2026-01-15,Mobile,1,0,1
U4807,2026-01-16,PC,5,3,0
U4807,2026-01-17,Mobile,1,0,0
U4807,2026-01-18,Mobile,4,2,2
U4807,2026-01-19,PC,4,2,2
U4807,2026-01-20,PC,4,1,1
U4807,2026-01-21,PC,3,3,0
U4807,2026-01-22,Mobile,4,0,0
U4807,2026-01-23,PC,3,1,1
U4807,2026-01-24,PC,4,1,1
U4807,2026-01-25,PC,5,2,0
U4807,2026-01-26,Mobile,1,1,0
U4807,2026-01-27,PC,4,0,1
U4807,2026-01-28,PC,3,2,1
U4808,2026-01-15,Mobile,1,0,1
U4808,2026-01-17,Mobile,5,1,0
U4808,2026-01-18,Mobile,1,0,0
U4808,2026-01-20,Mobile,1,1,0
U4808,2026-01-21,Mobile,4,1,1
U4808,2026-01-22,Mobile,3,2,1
U4808,2026-01-23,PC,4,1,1
U4808,2026-01-24,Mobile,1,1,0
U4808,2026-01-25,PC,1,0,0
U4808,2026-01-26,Mobile,1,1,0
U4808,2026-01-27,Mobile,3,0,0
U4808,2026-01-28,Mobile,1,0,0
U4809,2026-01-17,Mobile,5,0,3
U4809,2026-01-18,Mobile,4,0,1
U4809,2026-01-19,PC,1,0,0
U4809,2026-01-20,Mobile,4,1,2
U4809,2026-01-21,Mobile,5,1,4
U4809,2026-01-22,PC,2,1,1
U4809,2026-01-23,PC,3,1,0
U4809,2026-01-24,Mobile,5,0,2
U4809,2026-01-25,PC,5,1,2
U4809,2026-01-26,Mobile,3,1,1
U4809,2026-01-27,Mobile,5,0,0
U4809,2026-01-28,PC,3,1,0
U4810,2026-01-15,Mobile,2,2,0
U4810,2026-01-16,PC,3,3,0
U4810,2026-01-17,Mobile,3,1,2
U4810,2026-01-18,Mobile,2,1,1
U4810,2026-01-19,PC,2,2,0
U4810,2026-01-22,Mobile,4,1,1
U4810,2026-01-23,PC,1,0,0
U4810,2026-01-24,Mobile,3,0,1
U4810,2026-01-25,PC,2,0,0
U4810,2026-01-26,Mobile,2,1,0
U4810,2026-01-27,PC,2,2,0
U4810,2026-01-28,Mobile,4,0,1
U4811,2026-01-15,Mobile,2,1,0
U4811,2026-01-16,PC,1,0,1
U4811,2026-01-17,Mobile,4,1,2
U4811,2026-01-18,Mobile,3,0,0
U4811,2026-01-19,PC,4,0,0
U4811,2026-01-20,Mobile,2,1,0
U4811,2026-01-21,Mobile,2,0,0
U4811,2026-01-24,Mobile,3,0,0
U4811,2026-01-25,Mobile,3,0,3
U4811,2026-01-26,Mobile,5,0,0
U4811,2026-01-28,Mobile,1,0,0
U4812,2026-01-15,Mobile,5,1,3
U4812,2026-01-17,Mobile,4,3,1
U4812,2026-01-18,PC,4,3,1
U4812,2026-01-19,Mobile,4,0,2
U4812,2026-01-20,Mobile,3,0,0
U4812,2026-01-21,Mobile,5,2,3
U4812,2026-01-22,Mobile,2,1,0
U4812,2026-01-23,Mobile,2,0,1
U4812,2026-01-24,PC,4,2,1
U4812,2026-01-25,Mobile,4,2,1
U4812,2026-01-26,PC,2,1,1
U4812,2026-01-27,PC,3,1,2
U4812,2026-01-28,PC,1,1,0
U4813,2026-01-15,PC,1,0,1
U4813,2026-01-16,PC,2,0,0
U4813,2026-01-17,Mobile,1,1,0
U4813,2026-01-18,Mobile,5,3,1
U4813,2026-01-19,PC,4,0,1
U4813,2026-01-20,Mobile,2,1,0
U4813,2026-01-21,PC,1,0,0
U4813,2026-01-22,PC,2,0,1
U4813,2026-01-23,Mobile,1,1,0
U4813,2026-01-24,PC,2,1,0
U4813,2026-01-25,PC,5,0,1
U4813,2026-01-26,PC,2,0,0
U4813,2026-01-27,Mobile,5,0,3
U4813,2026-01-28,Mobile,5,3,2
U4814,2026-01-15,Mobile,2,1,1
U4814,2026-01-16,PC,2,1,0
U4814,2026-01-17,Mobile,4,1,1
U4814,2026-01-18,Mobile,4,0,0
U4814,2026-01-20,Mobile,2,1,1
U4814,2026-01-21,Mobile,3,2,1
U4814,2026-01-22,PC,2,1,1
U4814,2026-01-23,Mobile,1,0,0
U4814,2026-01-24,PC,5,3,1
U4814,2026-01-25,Mobile,3,2,0
U4814,2026-01-26,Mobile,5,2,3
U4814,2026-01-27,Mobile,4,2,1
U4814,2026-01-28,PC,3,0,0
U4815,2026-01-15,Mobile,1,1,0
U4815,2026-01-16,Mobile,4,1,0
U4815,2026-01-17,Mobile,5,0,0
U4815,2026-01-18,Mobile,1,0,1
U4815,2026-01-19,PC,5,1,1
U4815,2026-01-20,PC,4,3,1
U4815,2026-01-21,PC,2,1,1
U4815,2026-01-22,Mobile,2,0,0
U4815,2026-01-23,Mobile,2,0,0
U4815,2026-01-24,PC,2,0,1
U4815,2026-01-25,Mobile,3,1,1
U4815,2026-01-26,Mobile,4,0,0
U4815,2026-01-27,Mobile,2,1,1
U4815,2026-01-28,PC,2,1,0
U4816,2026-01-15,PC,1,0,1
U4816,2026-01-16,PC,2,1,1
U4816,2026-01-17,Mobile,1,0,0
U4816,2026-01-18,PC,3,0,0
U4816,2026-01-19,Mobile,1,0,0
U4816,2026-01-20,PC,3,1,1
U4816,2026-01-21,Mobile,1,1,0
U4816,2026-01-22,Mobile,2,2,0
U4816,2026-01-23,PC,1,0,1
U4816,2026-01-24,Mobile,2,0,0
U4816,2026-01-26,Mobile,1,1,0
U4816,2026-01-27,PC,2,0,0
U4816,2026-01-28,Mobile,2,0,0
U4817,2026-01-15,Mobile,1,0,1
U4817,2026-01-16,Mobile,2,2,0
U4817,2026-01-17,Mobile,3,0,0
U4817,2026-01-18,Mobile,5,1,0
U4817,2026-01-19,Mobile,4,2,1
U4817,2026-01-20,PC,3,1,2
U4817,2026-01-21,PC,1,0,0
U4817,2026-01-23,PC,1,1,0
U4817,2026-01-24,PC,2,0,1
U4817,2026-01-25,Mobile,1,1,0
U4817,2026-01-26,Mobile,4,2,0
U4817,2026-01-27,PC,4,0,0
U4817,2026-01-28,Mobile,5,1,1
U4818,2026-01-15,Mobile,2,0,0
U4818,2026-01-16,Mobile,2,1,1
U4818,2026-01-17,Mobile,1,0,0
U4818,2026-01-18,PC,4,0,0
U4818,2026-01-19,Mobile,1,0,0
U4818,2026-01-20,Mobile,5,0,3
U4818,2026-01-21,Mobile,2,0,1
U4818,2026-01-22,PC,3,1,1
U4818,2026-01-23,Mobile,1,1,0
U4818,2026-01-24,PC,5,2,2
U4818,2026-01-25,Mobile,3,1,0
U4818,2026-01-27,Mobile,1,0,0
U4818,2026-01-28,Mobile,2,0,0
U4819,2026-01-15,Mobile,5,0,0
U4819,2026-01-16,Mobile,5,0,1
U4819,2026-01-17,PC,3,0,1
U4819,2026-01-18,PC,1,1,0
U4819,2026-01-19,PC,3,0,1
U4819,2026-01-20,Mobile,3,0,1
U4819,2026-01-21,Mobile,2,1,1
U4819,2026-01-22,PC,4,0,1
U4819,2026-01-23,PC,5,0,0
U4819,2026-01-24,Mobile,1,0,0
U4819,2026-01-25,Mobile,2,0,1
U4819,2026-01-26,Mobile,1,0,0
U4819,2026-01-27,Mobile,3,0,0
U4819,2026-01-28,Mobile,4,0,4
U4820,2026-01-15,Mobile,4,1,0
U4820,2026-01-16,Mobile,2,0,1
U4820,2026-01-17,PC,4,0,1
U4820,2026-01-18,PC,4,1,1
U4820,2026-01-19,Mobile,5,0,0
U4820,2026-01-20,Mobile,2,0,2
U4820,2026-01-21,Mobile,3,1,1
U4820,2026-01-22,Mobile,2,0,0
U4820,2026-01-24,Mobile,1,0,1
U4820,2026-01-25,Mobile,5,2,0
U4820,2026-01-26,PC,2,0,1
U4820,2026-01-27,Mobile,5,3,2
U4821,2026-01-15,Mobile,1,0,0
U4821,2026-01-16,Mobile,2,0,0
U4821,2026-01-17,PC,1,1,0
U4821,2026-01-18,PC,1,0,0
U4821,2026-01-19,PC,5,2,1
U4821,2026-01-21,Mobile,3,0,1
U4821,2026-01-22,Mobile,3,0,3
U4821,2026-01-23,Mobile,5,3,2
U4821,2026-01-24,PC,4,1,1
U4821,2026-01-25,Mobile,4,2,1
U4821,2026-01-26,PC,5,0,0
U4821,2026-01-27,PC,1,0,0
U4821,2026-01-28,Mobile,1,0,1
U4822,2026-01-16,PC,4,3,1
U4822,2026-01-17,Mobile,4,1,0
U4822,2026-01-19,Mobile,1,0,0
U4822,2026-01-20,Mobile,2,1,1
U4822,2026-01-21,PC,2,1,1
U4822,2026-01-22,PC,5,1,2
U4822,2026-01-23,PC,3,0,0
U4822,2026-01-24,PC,3,0,1
U4822,2026-01-25,PC,5,1,1
U4822,2026-01-26,Mobile,2,1,0
U4822,2026-01-27,PC,3,0,1
U4822,2026-01-28,Mobile,3,0,3
U4823,2026-01-15,Mobile,5,0,2
U4823,2026-01-16,PC,2,0,1
U4823,2026-01-17,Mobile,4,0,1
U4823,2026-01-18,Mobile,3,1,2
U4823,2026-01-19,PC,2,0,1
U4823,2026-01-20,Mobile,5,0,0
U4823,2026-01-22,PC,1,0,0
U4823,2026-01-23,PC,5,0,0
U4823,2026-01-24,Mobile,1,0,0
U4823,2026-01-25,Mobile,3,1,0
U4823,2026-01-27,Mobile,4,1,0
U4823,2026-01-28,Mobile,1,0,0
U4824,2026-01-15,PC,4,2,0
U4824,2026-01-16,PC,5,1,0
U4824,2026-01-17,PC,5,0,4
U4824,2026-01-18,Mobile,5,2,1
U4824,2026-01-19,PC,2,0,0
U4824,2026-01-20,Mobile,3,0,0
U4824,2026-01-21,PC,4,2,1
U4824,2026-01-23,PC,4,1,3
U4824,2026-01-24,Mobile,1,1,0
U4824,2026-01-25,PC,2,2,0
U4824,2026-01-26,PC,1,0,0
U4824,2026-01-27,Mobile,4,2,0
U4824,2026-01-28,Mobile,5,0,1
U4825,2026-01-15,Mobile,5,0,5
U4825,2026-01-16,PC,5,3,1
U4825,2026-01-17,PC,3,0,3
U4825,2026-01-19,PC,5,1,4
U4825,2026-01-20,Mobile,4,0,3
U4825,2026-01-21,PC,3,0,0
U4825,2026-01-22,PC,2,0,0
U4825,2026-01-23,Mobile,2,0,0
U4825,2026-01-24,PC,4,1,1
U4825,2026-01-25,Mobile,3,0,3
U4825,2026-01-26,Mobile,3,0,1
U4825,2026-01-27,PC,3,0,2
U4825,2026-01-28,PC,1,0,0
U4826,2026-01-15,Mobile,1,0,0
U4826,2026-01-16,PC,3,0,0
U4826,2026-01-18,Mobile,5,3,1
U4826,2026-01-19,Mobile,3,0,1
U4826,2026-01-20,Mobile,5,3,1
U4826,2026-01-21,PC,5,1,1
U4826,2026-01-22,PC,5,0,1
U4826,2026-01-23,PC,5,2,1
U4826,2026-01-24,Mobile,2,0,2
U4826,2026-01-25,Mobile,1,0,0
U4826,2026-01-26,Mobile,1,0,1
U4826,2026-01-27,PC,4,0,0
U4826,2026-01-28,Mobile,2,0,1
U4827,2026-01-15,PC,1,0,1
U4827,2026-01-16,Mobile,5,0,2
U4827,2026-01-17,Mobile,2,0,2
U4827,2026-01-18,PC,1,0,0
U4827,2026-01-19,Mobile,3,0,0
U4827,2026-01-20,PC,4,2,1
U4827,2026-01-21,PC,2,0,0
U4827,2026-01-22,PC,4,1,0
U4827,2026-01-23,Mobile,3,1,0
U4827,2026-01-26,Mobile,4,1,3
U4827,2026-01-27,PC,4,0,1
U4827,2026-01-28,Mobile,1,0,0
U4828,2026-01-15,Mobile,2,1,1
U4828,2026-01-16,PC,5,2,2
U4828,2026-01-17,PC,2,1,0
U4828,2026-01-18,Mobile,2,1,0
U4828,2026-01-19,Mobile,4,2,0
U4828,2026-01-20,Mobile,1,0,0
U4828,2026-01-21,PC,1,1,0
U4828,2026-01-22,PC,4,0,0
U4828,2026-01-23,PC,2,0,1
U4828,2026-01-24,PC,5,1,3
U4828,2026-01-25,PC,5,1,1
U4828,2026-01-26,Mobile,1,0,1
U4828,2026-01-27,PC,1,1,0
U4828,2026-01-28,Mobile,4,3,1
U4829,2026-01-15,PC,1,0,0
U4829,2026-01-16,PC,5,0,1
U4829,2026-01-17,PC,2,1,0
U4829,2026-01-18,Mobile,4,0,3
U4829,2026-01-19,PC,4,1,2
U4829,2026-01-20,Mobile,3,0,0
U4829,2026-01-21,PC,5,1,4
U4829,2026-01-22,PC,5,0,1
U4829,2026-01-23,PC,3,0,0
U4829,2026-01-24,Mobile,3,0,3
U4829,2026-01-25,PC,4,0,0
U4829,2026-01-26,PC,1,0,0
U4829,2026-01-27,Mobile,3,1,1
U4829,2026-01-28,Mobile,4,0,3
U4830,2026-01-15,PC,5,3,2
U4830,2026-01-16,Mobile,4,3,1
U4830,2026-01-18,Mobile,4,2,0
U4830,2026-01-19,PC,1,1,0
U4830,2026-01-20,Mobile,3,0,1
U4830,2026-01-21,Mobile,2,0,0
U4830,2026-01-22,Mobile,5,2,3
U4830,2026-01-24,PC,2,1,0
U4830,2026-01-25,Mobile,4,0,0
U4830,2026-01-26,Mobile,4,2,1
U4830,2026-01-27,Mobile,5,2,2
U4830,2026-01-28,Mobile,3,2,0
U4831,2026-01-15,Mobile,1,0,0
U4831,2026-01-17,Mobile,1,0,0
U4831,2026-01-18,Mobile,1,0,0
U4831,2026-01-19,Mobile,3,0,2
U4831,2026-01-22,Mobile,2,0,2
U4831,2026-01-24,Mobile,5,1,0
U4831,2026-01-25,PC,3,1,0
U4831,2026-01-26,PC,5,3,2
U4831,2026-01-27,PC,5,2,3
U4831,2026-01-28,Mobile,5,2,1
U4832,2026-01-16,PC,4,0,1
U4832,2026-01-17,PC,5,2,1
U4832,2026-01-18,Mobile,4,0,2
U4832,2026-01-19,PC,3,2,0
U4832,2026-01-20,PC,4,1,1
U4832,2026-01-21,Mobile,4,1,3
U4832,2026-01-22,Mobile,3,0,0
U4832,2026-01-23,Mobile,2,0,0
U4832,2026-01-24,Mobile,1,0,0
U4832,2026-01-25,Mobile,1,0,1
U4832,2026-01-26,Mobile,3,2,0
U4832,2026-01-27,Mobile,4,1,1
U4832,2026-01-28,PC,5,2,0
U4833,2026-01-15,Mobile,2,0,1
U4833,2026-01-16,PC,5,0,0
U4833,2026-01-17,Mobile,1,0,0
U4833,2026-01-18,PC,5,0,1
U4833,2026-01-19,Mobile,4,1,0
U4833,2026-01-20,PC,2,0,0
U4833,2026-01-21,Mobile,5,0,1
U4833,2026-01-22,PC,1,0,0
U4833,2026-01-23,PC,4,2,2
U4833,2026-01-24,PC,2,1,1
U4833,2026-01-25,PC,4,0,3
U4833,2026-01-26,PC,3,3,0
U4833,2026-01-27,Mobile,2,0,0
U4833,2026-01-28,Mobile,5,0,0
U4834,2026-01-15,Mobile,3,2,0
U4834,2026-01-16,PC,2,0,0
U4834,2026-01-17,PC,2,0,0
U4834,2026-01-18,PC,3,2,0
U4834,2026-01-20,Mobile,3,0,2
U4834,2026-01-21,PC,2,0,1
U4834,2026-01-22,Mobile,4,0,4
U4834,2026-01-23,Mobile,1,0,0
U4834,2026-01-24,PC,2,1,1
U4834,2026-01-25,Mobile,4,0,0
U4834,2026-01-26,PC,2,0,1
U4834,2026-01-27,PC,1,1,0
U4834,2026-01-28,PC,2,0,0
U4835,2026-01-15,Mobile,5,0,0
U4835,2026-01-16,Mobile,1,1,0
U4835,2026-01-17,PC,1,1,0
U4835,2026-01-18,Mobile,5,0,1
U4835,2026-01-19,Mobile,4,0,3
U4835,2026-01-20,Mobile,4,1,1
U4835,2026-01-21,PC,2,0,0
U4835,2026-01-22,PC,5,3,0
U4835,2026-01-23,Mobile,1,0,0
U4835,2026-01-24,PC,3,0,0
U4835,2026-01-25,PC,5,0,2
U4835,2026-01-26,PC,1,0,0
U4835,2026-01-27,PC,5,1,4
U4835,2026-01-28,PC,3,0,0
U4836,2026-01-15,Mobile,5,0,2
U4836,2026-01-16,PC,5,2,3
U4836,2026-01-17,PC,1,0,0
U4836,2026-01-18,PC,5,1,0
U4836,2026-01-19,PC,3,1,0
U4836,2026-01-20,PC,5,2,1
U4836,2026-01-21,Mobile,4,0,0
U4836,2026-01-22,Mobile,1,0,0
U4836,2026-01-23,Mobile,5,2,2
U4836,2026-01-24,Mobile,1,0,0
U4836,2026-01-25,Mobile,1,0,0
U4836,2026-01-26,PC,4,0,0
U4836,2026-01-27,PC,2,1,0
U4836,2026-01-28,Mobile,5,0,1
U4837,2026-01-15,Mobile,5,1,0
U4837,2026-01-16,Mobile,1,0,0
U4837,2026-01-17,PC,1,0,0
U4837,2026-01-18,Mobile,1,0,0
U4837,2026-01-19,Mobile,2,1,1
U4837,2026-01-20,Mobile,3,1,0
U4837,2026-01-21,PC,2,0,0
U4837,2026-01-22,PC,1,0,0
U4837,2026-01-24,PC,3,0,0
U4837,2026-01-26,Mobile,1,0,0
U4837,2026-01-27,Mobile,2,1,1
U4838,2026-01-15,Mobile,4,0,1
U4838,2026-01-16,Mobile,1,0,1
U4838,2026-01-17,Mobile,3,0,0
U4838,2026-01-18,PC,4,0,3
U4838,2026-01-19,Mobile,3,0,1
U4838,2026-01-20,PC,1,0,0
U4838,2026-01-23,Mobile,5,0,0
U4838,2026-01-24,PC,2,0,1
U4838,2026-01-25,PC,1,0,1
U4838,2026-01-26,Mobile,5,1,2
U4838,2026-01-27,PC,3,0,1
U4838,2026-01-28,Mobile,4,0,2
U4839,2026-01-15,PC,4,0,0
U4839,2026-01-16,Mobile,4,0,2
U4839,2026-01-17,Mobile,1,0,0
U4839,2026-01-18,PC,5,0,2
U4839,2026-01-19,Mobile,4,1,0
U4839,2026-01-20,Mobile,5,1,1
U4839,2026-01-21,PC,2,0,0
U4839,2026-01-22,PC,2,2,0
U4839,2026-01-23,PC,3,0,0
U4839,2026-01-24,PC,1,0,0
U4839,2026-01-25,Mobile,2,0,0
U4839,2026-01-26,PC,1,0,0
U4839,2026-01-27,PC,5,4,1
U4839,2026-01-28,PC,5,2,1
U4840,2026-01-15,Mobile,1,0,0
U4840,2026-01-16,Mobile,4,1,1
U4840,2026-01-17,Mobile,3,0,0
U4840,2026-01-18,PC,4,1,1
U4840,2026-01-19,Mobile,2,0,0
U4840,2026-01-20,Mobile,1,0,1
U4840,2026-01-21,PC,1,0,1
U4840,2026-01-22,PC,5,1,0
U4840,2026-01-23,Mobile,4,2,2
U4840,2026-01-24,Mobile,3,0,0
U4840,2026-01-25,Mobile,2,0,1
U4840,2026-01-26,Mobile,4,0,2
U4841,2026-01-15,Mobile,3,0,0
U4841,2026-01-16,PC,1,0,1
U4841,2026-01-17,Mobile,1,0,0
U4841,2026-01-18,Mobile,2,0,0
U4841,2026-01-19,Mobile,1,0,1
U4841,2026-01-22,Mobile,4,0,0
U4841,2026-01-23,Mobile,1,0,1
U4841,2026-01-24,PC,3,0,0
U4841,2026-01-25,PC,4,1,3
U4841,2026-01-26,Mobile,5,1,1
U4841,2026-01-27,Mobile,3,2,0
U4841,2026-01-28,Mobile,2,0,2
U4842,2026-01-16,PC,4,0,2
U4842,2026-01-17,PC,1,0,0
U4842,2026-01-18,Mobile,3,1,1
U4842,2026-01-19,Mobile,4,1,2
U4842,2026-01-20,PC,4,2,2
U4842,2026-01-21,Mobile,1,0,0
U4842,2026-01-22,Mobile,5,1,1
U4842,2026-01-23,Mobile,4,1,0
U4842,2026-01-24,PC,4,1,3
U4842,2026-01-25,PC,1,0,1
U4842,2026-01-26,Mobile,4,2,1
U4842,2026-01-27,Mobile,1,0,0
U4843,2026-01-15,PC,3,1,1
U4843,2026-01-16,Mobile,3,0,0
U4843,2026-01-17,PC,5,3,0
U4843,2026-01-18,Mobile,5,3,1
U4843,2026-01-20,Mobile,2,0,0
U4843,2026-01-21,Mobile,4,2,1
U4843,2026-01-22,Mobile,3,1,2
U4843,2026-01-23,Mobile,2,1,0
U4843,2026-01-24,Mobile,3,2,1
U4843,2026-01-25,Mobile,3,0,0
U4843,2026-01-26,PC,3,0,0
U4843,2026-01-27,PC,5,0,1
U4843,2026-01-28,PC,2,0,0
U4844,2026-01-15,PC,2,0,1
U4844,2026-01-16,PC,3,0,0
U4844,2026-01-17,PC,1,0,0
U4844,2026-01-18,PC,5,0,1
U4844,2026-01-19,Mobile,3,0,2
U4844,2026-01-20,Mobile,5,0,3
U4844,2026-01-21,PC,4,1,3
U4844,2026-01-22,Mobile,1,0,0
U4844,2026-01-23,PC,2,0,1
U4844,2026-01-24,PC,4,0,1
U4844,2026-01-25,PC,2,0,1
U4844,2026-01-26,Mobile,1,1,0
U4844,2026-01-27,Mobile,4,1,2
U4844,2026-01-28,PC,3,2,1
U4845,2026-01-15,Mobile,1,1,0
U4845,2026-01-16,PC,1,0,0
U4845,2026-01-17,PC,4,2,0
U4845,2026-01-20,PC,4,0,0
U4845,2026-01-22,Mobile,3,0,3
U4845,2026-01-23,PC,4,1,2
U4845,2026-01-24,PC,3,1,1
U4845,2026-01-25,Mobile,2,1,0
U4845,2026-01-26,Mobile,5,0,1
U4845,2026-01-28,Mobile,2,1,0
U4846,2026-01-15,Mobile,4,0,0
U4846,2026-01-16,PC,3,0,0
U4846,2026-01-17,Mobile,2,0,0
U4846,2026-01-18,Mobile,2,1,0
U4846,2026-01-19,PC,5,0,1
U4846,2026-01-20,Mobile,3,3,0
U4846,2026-01-21,Mobile,2,0,0
U4846,2026-01-22,PC,2,0,0
U4846,2026-01-23,PC,5,2,0
U4846,2026-01-24,PC,5,0,0
U4846,2026-01-25,PC,5,0,0
U4846,2026-01-26,PC,3,1,0
U4846,2026-01-27,Mobile,1,1,0
U4846,2026-01-28,PC,5,1,0
U4847,2026-01-15,Mobile,5,1,2
U4847,2026-01-16,Mobile,4,1,0
U4847,2026-01-18,Mobile,1,1,0
U4847,2026-01-19,Mobile,2,1,1
U4847,2026-01-21,Mobile,2,1,1
U4847,2026-01-23,Mobile,2,0,1
U4847,2026-01-24,PC,2,0,0
U4847,2026-01-26,Mobile,2,1,0
U4847,2026-01-27,PC,2,0,1
U4847,2026-01-28,Mobile,3,0,0
U4848,2026-01-15,PC,5,1,1
U4848,2026-01-16,Mobile,5,1,2
U4848,2026-01-17,Mobile,4,1,3
U4848,2026-01-18,PC,5,0,1
U4848,2026-01-19,Mobile,5,2,1
U4848,2026-01-20,Mobile,3,3,0
U4848,2026-01-21,Mobile,5,3,2
U4848,2026-01-22,Mobile,3,2,1
U4848,2026-01-23,Mobile,3,3,0
U4848,2026-01-24,Mobile,4,1,2
U4848,2026-01-25,Mobile,4,4,0
U4848,2026-01-26,PC,3,0,0
U4848,2026-01-27,PC,4,2,1
U4848,2026-01-28,Mobile,3,1,1
U4849,2026-01-15,PC,3,0,1
U4849,2026-01-16,Mobile,3,0,3
U4849,2026-01-18,PC,5,0,4
U4849,2026-01-19,Mobile,1,1,0
U4849,2026-01-20,PC,4,0,2
U4849,2026-01-21,PC,2,0,1
U4849,2026-01-22,Mobile,1,0,0
U4849,2026-01-23,PC,5,0,4
U4849,2026-01-25,Mobile,4,0,3
U4849,2026-01-26,PC,5,0,3
U4850,2026-01-15,Mobile,5,2,2
U4850,2026-01-17,PC,1,0,0
U4850,2026-01-18,PC,4,0,0
U4850,2026-01-19,PC,4,0,2
U4850,2026-01-20,Mobile,5,0,0
U4850,2026-01-21,PC,1,0,0
U4850,2026-01-22,Mobile,3,0,0
U4850,2026-01-23,PC,2,0,0
U4850,2026-01-24,Mobile,2,1,1
U4850,2026-01-25,PC,5,2,1
U4850,2026-01-26,Mobile,5,2,3
U4850,2026-01-27,Mobile,5,1,1
U4851,2026-01-15,Mobile,4,1,1
U4851,2026-01-16,Mobile,5,0,1
U4851,2026-01-17,Mobile,4,0,1
U4851,2026-01-18,Mobile,5,2,3
U4851,2026-01-19,PC,3,0,0
U4851,2026-01-20,PC,1,0,1
U4851,2026-01-21,Mobile,4,1,0
U4851,2026-01-22,PC,2,0,1
U4851,2026-01-24,Mobile,1,0,0
U4851,2026-01-25,PC,2,1,1
U4851,2026-01-26,Mobile,2,1,1
U4851,2026-01-27,Mobile,5,0,0
U4851,2026-01-28,PC,1,0,1
U4852,2026-01-15,Mobile,2,1,0
U4852,2026-01-16,Mobile,5,3,2
U4852,2026-01-17,PC,4,0,2
U4852,2026-01-18,PC,5,3,2
U4852,2026-01-19,Mobile,4,0,1
U4852,2026-01-20,PC,2,0,0
U4852,2026-01-21,Mobile,3,0,0
U4852,2026-01-22,PC,4,1,0
U4852,2026-01-23,PC,2,0,0
U4852,2026-01-24,PC,1,0,0
U4852,2026-01-25,Mobile,1,1,0
U4852,2026-01-26,Mobile,1,1,0
U4852,2026-01-27,Mobile,4,0,0
U4852,2026-01-28,Mobile,4,1,0
U4853,2026-01-15,PC,4,1,3
U4853,2026-01-16,PC,1,0,0
U4853,2026-01-17,Mobile,4,0,0
U4853,2026-01-18,Mobile,1,0,0
U4853,2026-01-19,PC,4,0,2
U4853,2026-01-20,Mobile,4,0,4
U4853,2026-01-21,Mobile,5,0,2
U4853,2026-01-22,Mobile,3,1,2
U4853,2026-01-23,Mobile,2,0,1
U4853,2026-01-24,PC,3,3,0
U4853,2026-01-25,PC,3,1,2
U4853,2026-01-26,Mobile,5,0,3
U4853,2026-01-27,Mobile,2,0,0
U4854,2026-01-15,PC,5,1,1
U4854,2026-01-16,PC,4,1,1
U4854,2026-01-17,Mobile,1,0,1
U4854,2026-01-18,Mobile,4,0,1
U4854,2026-01-19,PC,5,0,0
U4854,2026-01-21,PC,2,1,1
U4854,2026-01-23,Mobile,1,0,0
U4854,2026-01-24,PC,4,0,2
U4854,2026-01-25,PC,5,2,0
U4854,2026-01-26,PC,3,0,3
U4854,2026-01-27,PC,5,1,4
U4854,2026-01-28,PC,5,2,1
U4855,2026-01-15,Mobile,2,0,0
U4855,2026-01-17,PC,1,0,0
U4855,2026-01-18,Mobile,1,0,0
U4855,2026-01-19,Mobile,1,0,0
U4855,2026-01-20,Mobile,2,0,0
U4855,2026-01-21,PC,3,0,2
U4855,2026-01-22,Mobile,4,1,1
U4855,2026-01-23,Mobile,4,0,2
U4855,2026-01-24,Mobile,5,0,1
U4855,2026-01-25,Mobile,4,0,2
U4855,2026-01-26,PC,2,1,1
U4855,2026-01-27,Mobile,4,1,1
U4856,2026-01-15,PC,2,0,0
U4856,2026-01-16,Mobile,1,0,0
U4856,2026-01-17,Mobile,4,1,0
U4856,2026-01-18,PC,5,0,0
U4856,2026-01-19,Mobile,1,0,0
U4856,2026-01-22,PC,1,1,0
U4856,2026-01-23,Mobile,5,2,2
U4856,2026-01-24,Mobile,5,3,0
U4856,2026-01-25,Mobile,4,2,1
U4856,2026-01-26,Mobile,3,2,0
U4856,2026-01-27,Mobile,3,1,2
U4856,2026-01-28,PC,2,0,0
U4857,2026-01-15,PC,5,0,3
U4857,2026-01-16,Mobile,2,0,0
U4857,2026-01-17,PC,5,0,0
U4857,2026-01-18,Mobile,1,1,0
U4857,2026-01-19,PC,3,0,3
U4857,2026-01-20,Mobile,2,0,2
U4857,2026-01-21,PC,5,1,2
U4857,2026-01-22,PC,5,0,0
U4857,2026-01-23,PC,3,0,0
U4857,2026-01-24,PC,1,1,0
U4857,2026-01-25,PC,2,0,2
U4857,2026-01-26,Mobile,2,0,0
U4857,2026-01-27,Mobile,1,0,1
U4857,2026-01-28,Mobile,5,2,2
U4858,2026-01-15,PC,5,0,0
U4858,2026-01-16,PC,5,3,0
U4858,2026-01-17,Mobile,2,1,0
U4858,2026-01-18,Mobile,2,1,1
U4858,2026-01-19,Mobile,2,0,0
U4858,2026-01-20,PC,4,1,1
U4858,2026-01-21,Mobile,4,1,1
U4858,2026-01-22,PC,4,1,1
U4858,2026-01-23,Mobile,1,0,0
U4858,2026-01-24,PC,5,3,1
U4858,2026-01-25,Mobile,4,3,0
U4858,2026-01-26,Mobile,4,1,0
U4858,2026-01-27,PC,1,0,1
U4858,2026-01-28,Mobile,4,0,0
U4859,2026-01-15,Mobile,1,0,1
U4859,2026-01-16,Mobile,1,0,0
U4859,2026-01-17,Mobile,1,0,0
U4859,2026-01-18,Mobile,2,0,0
U4859,2026-01-20,Mobile,2,1,0
U4859,2026-01-21,Mobile,1,1,0
U4859,2026-01-22,PC,4,0,0
U4859,2026-01-23,Mobile,3,1,2
U4859,2026-01-24,Mobile,4,0,0
U4859,2026-01-25,Mobile,2,0,0
U4859,2026-01-26,PC,3,1,2
U4859,2026-01-27,Mobile,5,0,0
U4859,2026-01-28,Mobile,2,0,0
U4860,2026-01-15,Mobile,3,0,1
U4860,2026-01-16,Mobile,5,0,0
U4860,2026-01-17,Mobile,4,1,3
U4860,2026-01-18,PC,3,0,1
U4860,2026-01-19,Mobile,4,2,1
U4860,2026-01-20,Mobile,1,0,1
U4860,2026-01-21,PC,1,0,0
U4860,2026-01-22,Mobile,1,0,0
U4860,2026-01-23,PC,4,0,1
U4860,2026-01-24,PC,1,0,0
U4860,2026-01-25,Mobile,5,1,4
U4860,2026-01-26,Mobile,2,0,1
U4860,2026-01-27,PC,2,0,0
U4860,2026-01-28,PC,1,0,1
U4861,2026-01-16,Mobile,3,1,2
U4861,2026-01-17,Mobile,5,2,1
U4861,2026-01-18,PC,1,0,0
U4861,2026-01-19,PC,4,0,0
U4861,2026-01-20,PC,3,2,0
U4861,2026-01-21,PC,3,0,0
U4861,2026-01-22,PC,1,0,0
U4861,2026-01-23,Mobile,4,1,0
U4861,2026-01-24,Mobile,2,0,0
U4861,2026-01-25,PC,3,1,1
U4861,2026-01-26,PC,4,1,2
U4861,2026-01-27,Mobile,3,0,0
U4861,2026-01-28,Mobile,3,1,1
U4862,2026-01-15,PC,4,0,2
U4862,2026-01-16,PC,1,0,1
U4862,2026-01-17,PC,3,0,2
U4862,2026-01-18,Mobile,1,1,0
U4862,2026-01-19,Mobile,3,1,0
U4862,2026-01-20,Mobile,4,0,2
U4862,2026-01-21,Mobile,1,0,0
U4862,2026-01-22,Mobile,2,0,1
U4862,2026-01-23,Mobile,5,0,1
U4862,2026-01-24,PC,2,1,1
U4862,2026-01-25,Mobile,1,0,0
U4862,2026-01-26,Mobile,4,0,0
U4862,2026-01-27,Mobile,1,0,0
U4863,2026-01-15,PC,5,2,3
U4863,2026-01-16,Mobile,1,0,0
U4863,2026-01-17,Mobile,2,1,1
U4863,2026-01-18,PC,3,0,2
U4863,2026-01-19,PC,5,0,5
U4863,2026-01-20,PC,3,0,0
U4863,2026-01-21,Mobile,5,1,3
U4863,2026-01-22,Mobile,3,0,0
U4863,2026-01-23,Mobile,2,0,2
U4863,2026-01-25,PC,4,0,4
U4863,2026-01-26,Mobile,3,0,2
U4863,2026-01-27,PC,4,0,0
U4863,2026-01-28,Mobile,4,0,3
U4864,2026-01-15,Mobile,3,0,0
U4864,2026-01-18,Mobile,1,0,1
U4864,2026-01-19,Mobile,1,0,1
U4864,2026-01-20,PC,3,1,1
U4864,2026-01-21,Mobile,1,0,0
U4864,2026-01-22,Mobile,2,0,1
U4864,2026-01-23,Mobile,5,2,3
U4864,2026-01-24,Mobile,1,0,0
U4864,2026-01-25,PC,3,0,0
U4864,2026-01-26,Mobile,4,0,2
U4864,2026-01-27,PC,2,2,0
U4864,2026-01-28,Mobile,2,2,0
U4865,2026-01-15,Mobile,2,0,0
U4865,2026-01-16,PC,1,0,1
U4865,2026-01-17,PC,4,1,2
U4865,2026-01-18,PC,2,0,2
U4865,2026-01-19,PC,2,0,2
U4865,2026-01-20,Mobile,1,0,1
U4865,2026-01-21,PC,4,0,3
U4865,2026-01-22,Mobile,1,0,0
U4865,2026-01-23,Mobile,4,0,1
U4865,2026-01-24,PC,2,0,0
U4865,2026-01-25,Mobile,2,1,1
U4865,2026-01-26,Mobile,1,0,1
U4865,2026-01-27,Mobile,1,0,0
U4865,2026-01-28,PC,4,0,0
U4866,2026-01-15,PC,5,4,1
U4866,2026-01-18,PC,3,0,1
U4866,2026-01-19,Mobile,3,0,0
U4866,2026-01-20,Mobile,2,0,0
U4866,2026-01-21,Mobile,2,1,0
U4866,2026-01-22,Mobile,4,2,1
U4866,2026-01-23,PC,5,2,2
U4866,2026-01-25,Mobile,2,1,1
U4866,2026-01-26,Mobile,2,0,1
U4866,2026-01-27,PC,3,0,0
U4867,2026-01-15,PC,3,0,3
U4867,2026-01-16,PC,4,2,1
U4867,2026-01-17,PC,1,1,0
U4867,2026-01-18,Mobile,3,2,1
U4867,2026-01-19,Mobile,1,1,0
U4867,2026-01-20,Mobile,5,4,1
U4867,2026-01-21,PC,2,1,1
U4867,2026-01-22,Mobile,2,0,2
U4867,2026-01-23,Mobile,4,2,1
U4867,2026-01-24,Mobile,3,1,1
U4867,2026-01-25,Mobile,4,1,2
U4867,2026-01-26,Mobile,3,0,0
U4867,2026-01-27,Mobile,2,0,2
U4867,2026-01-28,PC,5,0,1
U4868,2026-01-15,PC,5,0,0
U4868,2026-01-16,PC,5,1,2
U4868,2026-01-17,Mobile,1,1,0
U4868,2026-01-19,PC,3,1,0
U4868,2026-01-20,PC,2,0,0
U4868,2026-01-21,Mobile,4,1,3
U4868,2026-01-22,Mobile,3,1,2
U4868,2026-01-23,PC,5,1,4
U4868,2026-01-24,PC,4,1,1
U4868,2026-01-25,PC,2,0,0
U4868,2026-01-26,Mobile,1,0,0
U4868,2026-01-27,PC,1,1,0
U4868,2026-01-28,PC,2,0,1
U4869,2026-01-15,Mobile,1,0,0
U4869,2026-01-16,PC,3,1,0
U4869,2026-01-17,PC,1,0,1
U4869,2026-01-18,Mobile,5,1,4
U4869,2026-01-19,Mobile,3,2,0
U4869,2026-01-20,PC,4,2,1
U4869,2026-01-21,PC,1,1,0
U4869,2026-01-22,PC,5,2,3
U4869,2026-01-23,Mobile,2,0,0
U4869,2026-01-24,PC,5,0,0
U4869,2026-01-25,Mobile,2,1,0
U4869,2026-01-26,Mobile,4,1,2
U4869,2026-01-27,Mobile,4,0,1
U4869,2026-01-28,PC,3,2,0
U4870,2026-01-15,PC,4,0,0
U4870,2026-01-16,PC,5,1,1
U4870,2026-01-17,PC,2,1,0
U4870,2026-01-18,PC,2,0,0
U4870,2026-01-19,PC,4,1,1
U4870,2026-01-20,PC,1,0,1
U4870,2026-01-21,PC,4,2,1
U4870,2026-01-22,Mobile,2,0,2
U4870,2026-01-23,Mobile,3,0,0
U4870,2026-01-24,PC,5,4,1
U4870,2026-01-25,PC,5,3,1
U4870,2026-01-26,PC,4,2,1
U4870,2026-01-27,Mobile,2,1,1
U4870,2026-01-28,Mobile,5,2,2
U4871,2026-01-15,Mobile,2,0,1
U4871,2026-01-16,Mobile,5,1,2
U4871,2026-01-17,Mobile,5,1,2
U4871,2026-01-18,Mobile,3,0,0
U4871,2026-01-19,PC,1,0,0
U4871,2026-01-20,PC,1,1,0
U4871,2026-01-21,Mobile,2,1,0
U4871,2026-01-22,Mobile,4,1,0
U4871,2026-01-24,PC,2,1,0
U4871,2026-01-26,PC,4,1,3
U4871,2026-01-27,PC,2,0,0
U4871,2026-01-28,Mobile,5,0,0
U4872,2026-01-15,PC,2,0,0
U4872,2026-01-17,Mobile,4,1,2
U4872,2026-01-18,Mobile,3,1,1
U4872,2026-01-19,PC,5,2,2
U4872,2026-01-20,Mobile,1,0,0
U4872,2026-01-21,Mobile,1,1,0
U4872,2026-01-22,Mobile,4,2,2
U4872,2026-01-23,Mobile,4,0,0
U4872,2026-01-24,Mobile,5,2,1
U4872,2026-01-25,Mobile,3,3,0
U4872,2026-01-27,Mobile,4,2,2
U4872,2026-01-28,PC,5,1,2
U4873,2026-01-15,Mobile,3,1,0
U4873,2026-01-16,Mobile,3,0,0
U4873,2026-01-17,Mobile,4,1,0
U4873,2026-01-18,PC,4,2,0
U4873,2026-01-19,Mobile,3,0,0
U4873,2026-01-21,Mobile,4,0,0
U4873,2026-01-22,Mobile,5,0,0
U4873,2026-01-23,Mobile,4,1,1
U4873,2026-01-24,Mobile,5,1,1
U4873,2026-01-25,Mobile,3,0,0
U4873,2026-01-26,Mobile,4,1,1
U4873,2026-01-27,Mobile,2,1,1
U4873,2026-01-28,Mobile,2,0,0
U4874,2026-01-15,Mobile,1,0,1
U4874,2026-01-16,PC,4,1,3
U4874,2026-01-17,Mobile,5,1,2
U4874,2026-01-18,Mobile,1,1,0
U4874,2026-01-19,Mobile,1,0,0
U4874,2026-01-20,PC,2,0,0
U4874,2026-01-22,Mobile,5,0,0
U4874,2026-01-23,PC,4,0,0
U4874,2026-01-24,Mobile,5,2,3
U4874,2026-01-25,PC,3,0,3
U4874,2026-01-27,PC,4,0,0
U4874,2026-01-28,Mobile,1,0,0
U4875,2026-01-15,Mobile,5,1,3
U4875,2026-01-16,Mobile,2,0,2
U4875,2026-01-17,Mobile,5,0,2
U4875,2026-01-18,Mobile,2,0,2
U4875,2026-01-19,Mobile,4,0,0
U4875,2026-01-20,PC,4,1,1
U4875,2026-01-21,PC,5,0,4
U4875,2026-01-22,PC,5,1,1
U4875,2026-01-23,PC,3,0,3
U4875,2026-01-24,Mobile,1,0,1
U4875,2026-01-25,Mobile,1,1,0
U4875,2026-01-26,PC,5,0,0
U4875,2026-01-27,Mobile,1,0,0
U4875,2026-01-28,Mobile,4,1,1
U4876,2026-01-15,PC,3,1,0
U4876,2026-01-16,Mobile,4,0,4
U4876,2026-01-19,PC,5,0,3
U4876,2026-01-21,PC,4,1,1
U4876,2026-01-22,Mobile,3,0,2
U4876,2026-01-23,PC,4,0,0
U4876,2026-01-24,PC,3,1,2
U4876,2026-01-25,PC,2,0,0
U4876,2026-01-26,Mobile,5,1,3
U4876,2026-01-27,Mobile,3,0,2
U4876,2026-01-28,Mobile,5,0,2
U4877,2026-01-15,PC,5,0,1
U4877,2026-01-16,PC,2,0,1
U4877,2026-01-19,Mobile,2,0,0
U4877,2026-01-22,Mobile,1,0,0
U4877,2026-01-23,Mobile,5,0,3
U4877,2026-01-24,Mobile,4,0,0
U4877,2026-01-26,Mobile,2,0,1
U4877,2026-01-27,PC,5,0,5
U4877,2026-01-28,Mobile,3,0,0
U4878,2026-01-15,Mobile,1,0,0
U4878,2026-01-16,Mobile,3,1,1
U4878,2026-01-17,Mobile,2,0,0
U4878,2026-01-18,Mobile,5,1,4
U4878,2026-01-20,PC,3,0,0
U4878,2026-01-21,Mobile,2,0,2
U4878,2026-01-22,Mobile,4,1,1
U4878,2026-01-23,Mobile,5,1,1
U4878,2026-01-24,PC,4,0,0
U4878,2026-01-25,PC,5,0,2
U4878,2026-01-26,Mobile,5,0,1
U4878,2026-01-28,Mobile,2,1,0
U4879,2026-01-15,PC,3,0,2
U4879,2026-01-16,PC,1,1,0
U4879,2026-01-17,Mobile,4,0,3
U4879,2026-01-18,Mobile,4,1,1
U4879,2026-01-19,Mobile,5,1,0
U4879,2026-01-20,Mobile,5,1,2
U4879,2026-01-21,PC,3,0,0
U4879,2026-01-22,Mobile,4,0,1
U4879,2026-01-23,Mobile,5,1,4
U4879,2026-01-24,Mobile,4,1,1
U4879,2026-01-25,PC,3,0,2
U4879,2026-01-26,PC,1,0,0
U4879,2026-01-27,Mobile,1,0,1
U4879,2026-01-28,PC,4,1,2
U4880,2026-01-15,Mobile,5,2,3
U4880,2026-01-16,PC,4,1,1
U4880,2026-01-17,Mobile,5,1,2
U4880,2026-01-18,PC,5,0,3
U4880,2026-01-19,PC,5,0,0
U4880,2026-01-20,PC,3,0,3
U4880,2026-01-21,Mobile,1,0,1
U4880,2026-01-22,PC,1,0,1
U4880,2026-01-24,Mobile,1,0,1
U4880,2026-01-25,PC,4,1,3
U4880,2026-01-26,Mobile,3,0,1
U4880,2026-01-27,PC,1,1,0
U4880,2026-01-28,Mobile,1,0,0
U4881,2026-01-15,PC,1,0,1
U4881,2026-01-17,PC,1,0,1
U4881,2026-01-18,Mobile,5,2,0
U4881,2026-01-19,Mobile,4,2,0
U4881,2026-01-20,Mobile,5,0,1
U4881,2026-01-21,Mobile,4,0,0
U4881,2026-01-22,PC,3,1,2
U4881,2026-01-23,Mobile,4,1,1
U4881,2026-01-24,Mobile,4,1,3
U4881,2026-01-25,PC,3,1,0
U4881,2026-01-27,Mobile,2,0,0
U4881,2026-01-28,PC,4,0,2
U4882,2026-01-15,PC,1,0,0
U4882,2026-01-16,PC,1,0,1
U4882,2026-01-17,PC,4,1,1
U4882,2026-01-18,Mobile,4,1,0
U4882,2026-01-19,PC,1,1,0
U4882,2026-01-20,PC,3,0,0
U4882,2026-01-21,Mobile,5,2,1
U4882,2026-01-22,PC,3,1,2
U4882,2026-01-23,Mobile,1,1,0
U4882,2026-01-24,Mobile,3,0,0
U4882,2026-01-25,PC,5,2,2
U4882,2026-01-26,Mobile,1,0,0
U4882,2026-01-27,Mobile,5,2,3
U4882,2026-01-28,Mobile,1,0,0
U4883,2026-01-15,Mobile,4,0,2
U4883,2026-01-16,PC,4,0,0
U4883,2026-01-17,Mobile,1,1,0
U4883,2026-01-18,Mobile,5,0,2
U4883,2026-01-19,PC,1,0,0
U4883,2026-01-22,Mobile,3,0,2
U4883,2026-01-23,PC,4,0,2
U4883,2026-01-24,PC,4,0,2
U4883,2026-01-25,PC,5,0,1
U4883,2026-01-26,Mobile,2,0,1
U4883,2026-01-27,Mobile,3,0,0
U4883,2026-01-28,PC,2,0,1
U4884,2026-01-16,PC,5,2,3
U4884,2026-01-17,PC,5,2,3
U4884,2026-01-18,Mobile,4,2,0
U4884,2026-01-20,Mobile,2,1,0
U4884,2026-01-22,PC,5,2,1
U4884,2026-01-23,PC,1,0,0
U4884,2026-01-24,Mobile,1,0,0
U4884,2026-01-25,Mobile,5,4,1
U4884,2026-01-28,Mobile,4,1,1
U4885,2026-01-15,Mobile,3,0,0
U4885,2026-01-16,PC,3,1,1
U4885,2026-01-17,Mobile,4,1,0
U4885,2026-01-18,PC,1,0,1
U4885,2026-01-19,Mobile,1,0,1
U4885,2026-01-20,PC,1,0,0
U4885,2026-01-21,Mobile,4,1,2
U4885,2026-01-22,Mobile,1,0,0
U4885,2026-01-23,PC,2,0,1
U4885,2026-01-25,Mobile,4,1,1
U4885,2026-01-26,Mobile,2,0,0
U4885,2026-01-27,Mobile,4,0,0
U4885,2026-01-28,Mobile,3,0,0
U4886,2026-01-15,Mobile,1,0,1
U4886,2026-01-16,PC,3,0,1
U4886,2026-01-17,Mobile,1,0,0
U4886,2026-01-18,Mobile,4,0,1
U4886,2026-01-19,PC,4,2,0
U4886,2026-01-20,Mobile,4,0,0
U4886,2026-01-21,PC,2,0,0
U4886,2026-01-22,Mobile,1,1,0
U4886,2026-01-23,Mobile,1,0,0
U4886,2026-01-24,Mobile,1,1,0
U4886,2026-01-25,Mobile,1,0,0
U4886,2026-01-26,PC,3,0,1
U4886,2026-01-27,PC,3,2,1
U4886,2026-01-28,Mobile,1,0,0
U4887,2026-01-16,Mobile,3,0,0
U4887,2026-01-17,Mobile,3,2,1
U4887,2026-01-18,PC,5,0,0
U4887,2026-01-20,PC,2,0,0
U4887,2026-01-21,PC,3,0,0
U4887,2026-01-22,Mobile,4,1,3
U4887,2026-01-23,PC,4,0,3
U4887,2026-01-24,Mobile,2,0,1
U4887,2026-01-25,Mobile,4,0,2
U4887,2026-01-26,Mobile,2,0,1
U4887,2026-01-27,Mobile,1,0,0
U4887,2026-01-28,PC,4,0,4
U4888,2026-01-15,PC,4,1,2
U4888,2026-01-16,PC,4,1,2
U4888,2026-01-17,Mobile,2,0,1
U4888,2026-01-18,Mobile,2,2,0
U4888,2026-01-19,PC,1,0,1
U4888,2026-01-20,Mobile,3,1,0
U4888,2026-01-21,PC,5,2,3
U4888,2026-01-22,Mobile,5,1,0
U4888,2026-01-23,Mobile,1,1,0
U4888,2026-01-26,Mobile,2,0,0
U4888,2026-01-27,Mobile,4,0,2
U4888,2026-01-28,PC,1,0,0
U4889,2026-01-15,PC,2,0,1
U4889,2026-01-17,Mobile,3,0,0
U4889,2026-01-19,PC,3,0,3
U4889,2026-01-20,Mobile,5,0,4
U4889,2026-01-21,Mobile,1,0,1
U4889,2026-01-22,PC,2,1,1
U4889,2026-01-23,Mobile,5,0,3
U4889,2026-01-24,PC,2,1,1
U4889,2026-01-25,Mobile,5,1,3
U4889,2026-01-26,PC,2,0,1
U4889,2026-01-27,Mobile,1,0,1
U4889,2026-01-28,PC,1,1,0
U4890,2026-01-15,Mobile,4,2,2
U4890,2026-01-16,PC,3,0,2
U4890,2026-01-17,Mobile,3,0,2
U4890,2026-01-18,PC,1,0,0
U4890,2026-01-19,PC,5,1,4
U4890,2026-01-20,PC,2,0,0
U4890,2026-01-21,Mobile,1,0,0
U4890,2026-01-22,PC,4,1,3
U4890,2026-01-23,PC,4,1,3
U4890,2026-01-25,Mobile,3,0,3
U4890,2026-01-26,PC,4,1,1
U4890,2026-01-27,Mobile,5,1,2
U4890,2026-01-28,PC,2,0,1
U4891,2026-01-15,Mobile,1,0,1
U4891,2026-01-16,PC,3,0,2
U4891,2026-01-17,Mobile,1,0,0
U4891,2026-01-19,Mobile,4,0,4
U4891,2026-01-20,Mobile,1,0,1
U4891,2026-01-21,PC,1,0,1
U4891,2026-01-22,PC,2,0,0
U4891,2026-01-23,Mobile,1,0,0
U4891,2026-01-24,PC,2,0,0
U4891,2026-01-25,Mobile,5,1,1
U4891,2026-01-26,PC,5,3,0
U4891,2026-01-28,Mobile,2,0,1
U4892,2026-01-15,Mobile,3,0,1
U4892,2026-01-16,Mobile,4,0,3
U4892,2026-01-17,PC,5,1,4
U4892,2026-01-18,PC,4,0,3
U4892,2026-01-19,Mobile,4,0,0
U4892,2026-01-20,PC,3,0,2
U4892,2026-01-21,PC,3,0,0
U4892,2026-01-23,Mobile,2,0,0
U4892,2026-01-25,PC,5,1,0
U4892,2026-01-26,Mobile,3,1,2
U4892,2026-01-28,PC,2,0,1
U4893,2026-01-15,Mobile,4,1,0
U4893,2026-01-16,PC,3,0,0
U4893,2026-01-17,Mobile,3,1,1
U4893,2026-01-18,Mobile,5,0,3
U4893,2026-01-19,Mobile,2,0,2
U4893,2026-01-21,Mobile,1,0,1
U4893,2026-01-23,Mobile,2,0,1
U4893,2026-01-24,PC,5,1,1
U4893,2026-01-25,PC,5,3,2
U4893,2026-01-27,PC,2,0,0
U4893,2026-01-28,PC,3,0,0
U4894,2026-01-15,PC,1,1,0
U4894,2026-01-16,Mobile,2,1,0
U4894,2026-01-17,Mobile,3,0,0
U4894,2026-01-18,Mobile,1,0,0
U4894,2026-01-19,PC,4,0,1
U4894,2026-01-20,PC,4,1,3
U4894,2026-01-21,PC,4,0,1
U4894,2026-01-23,Mobile,2,0,0
U4894,2026-01-24,Mobile,3,1,1
U4894,2026-01-25,PC,2,0,0
U4894,2026-01-26,Mobile,5,0,0
U4894,2026-01-27,Mobile,4,0,0
U4894,2026-01-28,Mobile,1,1,0
U4895,2026-01-15,Mobile,3,1,2
U4895,2026-01-16,PC,3,0,0
U4895,2026-01-17,PC,1,0,0
U4895,2026-01-18,PC,3,0,3
U4895,2026-01-19,Mobile,4,1,3
U4895,2026-01-20,Mobile,3,1,0
U4895,2026-01-21,Mobile,1,0,1
U4895,2026-01-22,PC,5,0,1
U4895,2026-01-23,Mobile,3,0,3
U4895,2026-01-25,PC,2,0,1
U4895,2026-01-26,Mobile,4,0,1
U4895,2026-01-27,PC,3,1,0
U4895,2026-01-28,Mobile,1,0,1
U4896,2026-01-15,Mobile,5,0,0
U4896,2026-01-16,Mobile,3,0,1
U4896,2026-01-17,PC,1,0,1
U4896,2026-01-18,PC,2,0,2
U4896,2026-01-20,Mobile,1,0,1
U4896,2026-01-21,PC,5,0,3
U4896,2026-01-22,Mobile,2,0,0
U4896,2026-01-23,PC,2,1,1
U4896,2026-01-24,Mobile,1,0,1
U4896,2026-01-25,Mobile,4,0,3
U4896,2026-01-26,Mobile,1,0,0
U4896,2026-01-27,Mobile,1,0,0
U4896,2026-01-28,PC,1,0,1
U4897,2026-01-15,PC,5,2,1
U4897,2026-01-16,Mobile,4,0,1
U4897,2026-01-17,Mobile,2,0,1
U4897,2026-01-18,PC,2,1,0
U4897,2026-01-19,Mobile,4,1,0
U4897,2026-01-20,Mobile,1,0,1
U4897,2026-01-21,Mobile,4,0,1
U4897,2026-01-22,PC,1,0,0
U4897,2026-01-23,Mobile,2,0,0
U4897,2026-01-24,Mobile,2,0,1
U4897,2026-01-25,Mobile,2,0,0
U4897,2026-01-26,PC,2,0,0
U4897,2026-01-27,Mobile,4,1,3
U4897,2026-01-28,PC,4,1,1
U4898,2026-01-15,PC,2,0,0
U4898,2026-01-16,Mobile,4,0,0
U4898,2026-01-17,Mobile,4,0,4
U4898,2026-01-18,Mobile,3,1,0
U4898,2026-01-19,Mobile,4,1,1
U4898,2026-01-20,PC,5,0,3
U4898,2026-01-21,Mobile,5,0,0
U4898,2026-01-22,PC,4,1,1
U4898,2026-01-23,PC,1,0,1
U4898,2026-01-24,PC,5,1,4
U4898,2026-01-25,PC,1,0,0
U4898,2026-01-27,Mobile,1,1,0
U4898,2026-01-28,PC,5,0,0
U4899,2026-01-15,Mobile,1,1,0
U4899,2026-01-16,Mobile,1,0,1
U4899,2026-01-17,Mobile,3,1,0
U4899,2026-01-18,Mobile,4,2,0
U4899,2026-01-19,Mobile,1,1,0
U4899,2026-01-21,PC,3,0,0
U4899,2026-01-22,Mobile,1,0,0
U4899,2026-01-23,PC,4,2,2
U4899,2026-01-24,Mobile,2,1,0
U4899,2026-01-25,PC,1,1,0
U4899,2026-01-26,PC,4,2,0
U4899,2026-01-27,Mobile,3,0,1
U4899,2026-01-28,Mobile,2,1,1
U4900,2026-01-15,Mobile,1,0,1
U4900,2026-01-16,Mobile,5,0,0
U4900,2026-01-17,PC,2,1,0
U4900,2026-01-18,PC,5,3,2
U4900,2026-01-19,Mobile,3,0,0
U4900,2026-01-20,PC,4,0,0
U4900,2026-01-21,Mobile,4,2,0
U4900,2026-01-22,PC,5,0,0
U4900,2026-01-23,PC,4,0,0
U4900,2026-01-24,Mobile,1,0,1
U4900,2026-01-25,PC,5,3,1
U4900,2026-01-26,PC,2,0,2
U4900,2026-01-27,Mobile,5,1,2
U4900,2026-01-28,Mobile,5,1,2
U4901,2026-01-15,Mobile,3,1,2
U4901,2026-01-16,PC,2,0,0
U4901,2026-01-17,Mobile,5,1,2
U4901,2026-01-18,PC,5,0,0
U4901,2026-01-19,PC,2,1,0
U4901,2026-01-20,Mobile,5,2,0
U4901,2026-01-21,Mobile,1,0,0
U4901,2026-01-22,PC,3,2,0
U4901,2026-01-23,Mobile,2,0,1
U4901,2026-01-24,Mobile,3,0,2
U4901,2026-01-25,Mobile,2,0,2
U4901,2026-01-27,Mobile,5,0,3
U4902,2026-01-15,Mobile,2,0,0
U4902,2026-01-16,Mobile,2,0,0
U4902,2026-01-17,Mobile,2,0,0
U4902,2026-01-18,Mobile,3,1,2
U4902,2026-01-19,Mobile,5,0,0
U4902,2026-01-20,Mobile,2,1,1
U4902,2026-01-21,PC,4,0,2
U4902,2026-01-22,Mobile,5,0,0
U4902,2026-01-23,Mobile,5,0,1
U4902,2026-01-24,PC,3,0,0
U4902,2026-01-25,PC,3,1,1
U4902,2026-01-26,PC,3,0,0
U4902,2026-01-27,PC,3,0,1
U4902,2026-01-28,Mobile,2,0,2
U4903,2026-01-15,Mobile,5,1,3
U4903,2026-01-16,Mobile,2,0,0
U4903,2026-01-17,PC,4,1,0
U4903,2026-01-18,PC,2,0,0
U4903,2026-01-19,PC,2,1,1
U4903,2026-01-20,Mobile,1,1,0
U4903,2026-01-21,Mobile,3,3,0
U4903,2026-01-23,Mobile,5,1,0
U4903,2026-01-24,Mobile,1,0,0
U4903,2026-01-26,Mobile,3,0,1
U4903,2026-01-27,Mobile,1,1,0
U4903,2026-01-28,Mobile,3,0,1
U4904,2026-01-15,Mobile,4,2,1
U4904,2026-01-16,PC,2,0,0
U4904,2026-01-17,Mobile,4,3,0
U4904,2026-01-18,Mobile,4,0,0
U4904,2026-01-19,PC,3,0,1
U4904,2026-01-20,Mobile,5,3,1
U4904,2026-01-21,Mobile,1,0,1
U4904,2026-01-22,Mobile,3,0,1
U4904,2026-01-23,Mobile,2,0,0
U4904,2026-01-24,Mobile,2,0,0
U4904,2026-01-25,Mobile,4,4,0
U4904,2026-01-26,Mobile,1,1,0
U4904,2026-01-27,Mobile,2,0,0
U4904,2026-01-28,Mobile,1,0,0
U4905,2026-01-15,PC,3,0,0
U4905,2026-01-16,PC,2,1,1
U4905,2026-01-17,Mobile,2,0,0
U4905,2026-01-18,Mobile,3,1,2
U4905,2026-01-19,Mobile,4,0,0
U4905,2026-01-20,PC,1,0,0
U4905,2026-01-21,PC,4,1,3
U4905,2026-01-22,Mobile,3,0,2
U4905,2026-01-24,Mobile,1,1,0
U4905,2026-01-25,PC,4,0,1
U4905,2026-01-26,PC,2,0,0
U4905,2026-01-27,PC,3,1,0
U4906,2026-01-15,Mobile,2,0,2
U4906,2026-01-16,Mobile,1,0,0
U4906,2026-01-17,Mobile,5,1,3
U4906,2026-01-18,Mobile,3,0,2
U4906,2026-01-19,PC,5,1,1
U4906,2026-01-21,Mobile,5,0,5
U4906,2026-01-22,PC,4,0,3
U4906,2026-01-23,Mobile,4,0,0
U4906,2026-01-24,Mobile,5,0,0
U4906,2026-01-25,Mobile,4,1,2
U4906,2026-01-26,PC,4,0,1
U4906,2026-01-27,Mobile,2,0,1
U4906,2026-01-28,Mobile,4,2,1
U4907,2026-01-15,PC,5,1,0
U4907,2026-01-16,PC,1,0,0
U4907,2026-01-17,PC,2,0,0
U4907,2026-01-18,PC,1,1,0
U4907,2026-01-19,PC,4,1,1
U4907,2026-01-20,PC,5,4,0
U4907,2026-01-21,Mobile,5,2,1
U4907,2026-01-22,Mobile,1,0,0
U4907,2026-01-23,Mobile,3,0,0
U4907,2026-01-24,PC,1,0,1
U4907,2026-01-25,Mobile,2,0,2
U4907,2026-01-26,Mobile,3,3,0
U4907,2026-01-27,PC,1,0,0
U4907,2026-01-28,Mobile,5,2,3
U4908,2026-01-15,PC,1,0,1
U4908,2026-01-17,Mobile,2,1,0
U4908,2026-01-18,PC,1,0,0
U4908,2026-01-19,PC,1,1,0
U4908,2026-01-20,Mobile,1,0,1
U4908,2026-01-21,Mobile,5,1,2
U4908,2026-01-22,Mobile,1,0,0
U4908,2026-01-23,Mobile,3,0,1
U4908,2026-01-24,Mobile,1,0,0
U4908,2026-01-25,PC,1,0,0
U4908,2026-01-26,Mobile,2,0,0
U4908,2026-01-27,Mobile,3,0,1
U4909,2026-01-15,Mobile,4,2,2
U4909,2026-01-16,PC,3,0,2
U4909,2026-01-17,Mobile,1,0,1
U4909,2026-01-18,Mobile,2,0,2
U4909,2026-01-19,Mobile,1,0,0
U4909,2026-01-20,PC,2,0,0
U4909,2026-01-22,PC,5,1,4
U4909,2026-01-23,Mobile,3,0,1
U4909,2026-01-24,Mobile,3,0,0
U4909,2026-01-25,Mobile,4,1,1
U4909,2026-01-26,Mobile,2,0,2
U4909,2026-01-27,Mobile,5,1,0
U4909,2026-01-28,Mobile,2,0,0
U4910,2026-01-15,PC,2,0,2
U4910,2026-01-16,Mobile,5,0,3
U4910,2026-01-18,Mobile,3,0,1
U4910,2026-01-20,PC,1,1,0
U4910,2026-01-21,Mobile,3,1,1
U4910,2026-01-22,PC,3,0,0
U4910,2026-01-23,PC,5,0,4
U4910,2026-01-25,PC,2,0,2
U4910,2026-01-26,PC,4,0,4
U4910,2026-01-27,Mobile,3,1,2
U4910,2026-01-28,Mobile,5,0,1
U4911,2026-01-15,PC,5,3,2
U4911,2026-01-16,PC,1,1,0
U4911,2026-01-17,Mobile,5,1,4
U4911,2026-01-18,PC,3,1,0
U4911,2026-01-20,Mobile,3,0,0
U4911,2026-01-21,Mobile,1,0,0
U4911,2026-01-22,Mobile,3,2,1
U4911,2026-01-23,Mobile,1,1,0
U4911,2026-01-24,PC,5,1,2
U4911,2026-01-25,PC,5,2,2
U4911,2026-01-26,Mobile,3,0,3
U4911,2026-01-27,Mobile,1,0,0
U4911,2026-01-28,Mobile,3,1,2
U4912,2026-01-15,PC,3,0,0
U4912,2026-01-16,Mobile,5,0,3
U4912,2026-01-17,Mobile,3,0,0
U4912,2026-01-18,PC,5,0,0
U4912,2026-01-20,Mobile,5,0,2
U4912,2026-01-22,Mobile,2,0,2
U4912,2026-01-23,Mobile,3,1,2
U4912,2026-01-24,Mobile,3,0,3
U4912,2026-01-25,Mobile,5,0,1
U4912,2026-01-26,PC,1,0,1
U4912,2026-01-27,Mobile,2,2,0
U4912,2026-01-28,Mobile,1,0,0
U4913,2026-01-15,PC,4,1,0
U4913,2026-01-16,Mobile,5,0,1
U4913,2026-01-17,PC,5,3,1
U4913,2026-01-18,Mobile,3,1,2
U4913,2026-01-20,PC,5,0,3
U4913,2026-01-21,Mobile,2,1,0
U4913,2026-01-22,PC,1,1,0
U4913,2026-01-23,Mobile,3,0,2
U4913,2026-01-24,PC,5,1,4
U4913,2026-01-25,PC,1,1,0
U4913,2026-01-26,Mobile,3,3,0
U4913,2026-01-27,PC,5,0,2
U4913,2026-01-28,Mobile,3,1,0
U4914,2026-01-15,PC,4,0,1
U4914,2026-01-16,PC,4,0,0
U4914,2026-01-17,PC,5,0,0
U4914,2026-01-18,Mobile,5,0,0
U4914,2026-01-19,Mobile,2,0,1
U4914,2026-01-20,Mobile,3,1,2
U4914,2026-01-21,PC,3,0,0
U4914,2026-01-22,PC,5,0,2
U4914,2026-01-23,PC,3,2,1
U4914,2026-01-24,PC,1,0,0
U4914,2026-01-25,Mobile,2,1,1
U4914,2026-01-26,PC,4,1,3
U4914,2026-01-27,PC,5,0,1
U4914,2026-01-28,PC,3,0,1
U4915,2026-01-15,PC,1,0,1
U4915,2026-01-16,PC,4,1,3
U4915,2026-01-17,PC,4,0,3
U4915,2026-01-18,PC,4,1,3
U4915,2026-01-19,PC,3,0,1
U4915,2026-01-20,PC,2,1,1
U4915,2026-01-21,Mobile,2,0,0
U4915,2026-01-22,PC,1,0,1
U4915,2026-01-23,Mobile,2,0,0
U4915,2026-01-24,Mobile,3,0,2
U4915,2026-01-25,Mobile,1,1,0
U4915,2026-01-26,Mobile,1,1,0
U4915,2026-01-27,Mobile,5,0,2
U4915,2026-01-28,PC,1,0,0
U4916,2026-01-15,Mobile,3,0,2
U4916,2026-01-16,Mobile,2,0,0
U4916,2026-01-17,PC,1,1,0
U4916,2026-01-18,Mobile,1,0,0
U4916,2026-01-20,Mobile,2,0,1
U4916,2026-01-21,PC,5,1,0
U4916,2026-01-22,Mobile,2,0,0
U4916,2026-01-23,PC,5,1,1
U4916,2026-01-24,Mobile,2,0,1
U4916,2026-01-25,Mobile,2,1,0
U4916,2026-01-26,Mobile,3,0,2
U4916,2026-01-27,Mobile,1,0,1
U4916,2026-01-28,Mobile,3,0,1
U4917,2026-01-15,Mobile,2,0,0
U4917,2026-01-16,Mobile,5,2,3
U4917,2026-01-17,Mobile,2,0,0
U4917,2026-01-19,PC,1,0,1
U4917,2026-01-20,Mobile,2,0,0
U4917,2026-01-21,Mobile,4,2,2
U4917,2026-01-22,PC,1,0,0
U4917,2026-01-23,Mobile,3,0,0
U4917,2026-01-24,Mobile,1,0,0
U4917,2026-01-25,Mobile,1,0,0
U4917,2026-01-26,Mobile,3,1,2
U4917,2026-01-27,Mobile,5,3,0
U4917,2026-01-28,PC,1,0,1
U4918,2026-01-15,PC,2,0,0
U4918,2026-01-16,Mobile,3,2,1
U4918,2026-01-17,Mobile,5,1,1
U4918,2026-01-18,Mobile,4,3,1
U4918,2026-01-19,Mobile,1,0,0
U4918,2026-01-21,Mobile,2,1,1
U4918,2026-01-22,Mobile,4,0,0
U4918,2026-01-23,Mobile,3,1,1
U4918,2026-01-24,Mobile,1,0,0
U4918,2026-01-26,Mobile,5,0,0
U4918,2026-01-27,Mobile,5,0,1
U4918,2026-01-28,Mobile,4,2,1
U4919,2026-01-15,Mobile,2,1,1
U4919,2026-01-16,Mobile,4,3,0
U4919,2026-01-17,Mobile,3,0,0
U4919,2026-01-18,Mobile,2,0,0
U4919,2026-01-20,PC,1,1,0
U4919,2026-01-21,PC,3,1,1
U4919,2026-01-22,Mobile,3,2,1
U4919,2026-01-23,Mobile,4,4,0
U4919,2026-01-24,PC,4,1,0
U4919,2026-01-25,Mobile,1,1,0
U4919,2026-01-26,PC,5,2,3
U4919,2026-01-28,Mobile,3,1,1
U4920,2026-01-15,Mobile,2,1,0
U4920,2026-01-16,PC,1,0,0
U4920,2026-01-17,PC,2,1,0
U4920,2026-01-18,Mobile,3,1,2
U4920,2026-01-19,Mobile,5,2,3
U4920,2026-01-20,Mobile,4,0,1
U4920,2026-01-22,Mobile,3,0,2
U4920,2026-01-23,Mobile,3,0,0
U4920,2026-01-24,Mobile,2,0,2
U4920,2026-01-25,PC,5,1,2
U4920,2026-01-26,Mobile,5,1,0
U4920,2026-01-27,PC,2,0,0
U4920,2026-01-28,Mobile,2,0,0
U4921,2026-01-15,Mobile,1,0,0
U4921,2026-01-16,PC,5,0,5
U4921,2026-01-18,Mobile,2,0,0
U4921,2026-01-19,PC,4,1,2
U4921,2026-01-20,PC,3,0,1
U4921,2026-01-21,Mobile,5,1,2
U4921,2026-01-22,PC,1,0,0
U4921,2026-01-23,PC,3,0,0
U4921,2026-01-24,PC,2,0,1
U4921,2026-01-25,PC,5,3,1
U4921,2026-01-26,PC,2,0,2
U4921,2026-01-27,Mobile,4,0,1
U4921,2026-01-28,Mobile,2,0,1
U4922,2026-01-16,PC,2,0,0
U4922,2026-01-17,PC,5,1,2
U4922,2026-01-18,Mobile,5,1,2
U4922,2026-01-19,Mobile,5,1,2
U4922,2026-01-20,Mobile,2,0,0
U4922,2026-01-21,Mobile,2,0,0
U4922,2026-01-22,PC,1,0,1
U4922,2026-01-23,PC,1,1,0
U4922,2026-01-24,PC,4,0,3
U4922,2026-01-25,Mobile,2,0,0
U4922,2026-01-27,Mobile,4,1,1
U4923,2026-01-15,Mobile,2,0,1
U4923,2026-01-16,PC,2,0,0
U4923,2026-01-17,PC,4,0,2
U4923,2026-01-19,PC,3,0,0
U4923,2026-01-20,Mobile,4,0,0
U4923,2026-01-21,PC,3,0,3
U4923,2026-01-22,PC,1,0,1
U4923,2026-01-24,Mobile,4,0,0
U4923,2026-01-25,Mobile,5,1,3
U4923,2026-01-26,Mobile,5,0,0
U4923,2026-01-27,PC,2,0,0
U4923,2026-01-28,PC,2,0,1
U4924,2026-01-15,Mobile,5,3,1
U4924,2026-01-16,PC,2,0,0
U4924,2026-01-17,Mobile,5,2,2
U4924,2026-01-18,Mobile,2,0,0
U4924,2026-01-19,Mobile,2,0,0
U4924,2026-01-20,PC,4,2,2
U4924,2026-01-21,Mobile,1,1,0
U4924,2026-01-22,Mobile,1,0,1
U4924,2026-01-23,PC,3,0,1
U4924,2026-01-24,Mobile,1,0,0
U4924,2026-01-25,Mobile,3,0,0
U4924,2026-01-26,Mobile,4,2,1
U4924,2026-01-27,PC,4,4,0
U4924,2026-01-28,PC,2,1,0
U4925,2026-01-15,PC,4,0,0
U4925,2026-01-16,Mobile,4,0,1
U4925,2026-01-17,Mobile,5,1,3
U4925,2026-01-19,PC,1,0,0
U4925,2026-01-20,Mobile,1,0,0
U4925,2026-01-21,Mobile,3,0,1
U4925,2026-01-22,PC,2,0,2
U4925,2026-01-23,PC,4,1,0
U4925,2026-01-24,Mobile,4,1,1
U4925,2026-01-25,Mobile,2,1,1
U4925,2026-01-26,PC,1,0,1
U4925,2026-01-28,PC,5,1,3
U4926,2026-01-15,PC,1,0,0
U4926,2026-01-16,Mobile,2,1,1
U4926,2026-01-18,Mobile,4,2,1
U4926,2026-01-19,Mobile,4,0,0
U4926,2026-01-20,PC,5,0,2
U4926,2026-01-21,PC,5,1,3
U4926,2026-01-22,Mobile,1,0,0
U4926,2026-01-24,Mobile,5,3,2
U4926,2026-01-25,Mobile,5,1,1
U4926,2026-01-26,PC,2,0,1
U4926,2026-01-27,PC,1,0,1
U4926,2026-01-28,PC,3,0,2
U4927,2026-01-15,PC,1,0,1
U4927,2026-01-16,Mobile,1,0,0
U4927,2026-01-17,Mobile,3,1,0
U4927,2026-01-18,PC,1,0,1
U4927,2026-01-19,PC,3,0,3
U4927,2026-01-20,Mobile,4,0,1
U4927,2026-01-21,PC,1,0,0
U4927,2026-01-22,Mobile,5,1,4
U4927,2026-01-23,Mobile,4,1,2
U4927,2026-01-24,Mobile,3,0,3
U4927,2026-01-25,PC,3,0,1
U4927,2026-01-26,Mobile,2,0,1
U4927,2026-01-28,PC,4,1,2
U4928,2026-01-15,PC,1,0,0
U4928,2026-01-17,Mobile,2,0,1
U4928,2026-01-18,Mobile,1,0,1
U4928,2026-01-19,Mobile,3,0,0
U4928,2026-01-20,PC,4,0,4
U4928,2026-01-21,Mobile,3,0,0
U4928,2026-01-22,PC,2,1,1
U4928,2026-01-23,PC,1,0,0
U4928,2026-01-24,PC,3,1,2
U4928,2026-01-25,PC,3,0,2
U4928,2026-01-26,Mobile,5,0,1
U4928,2026-01-27,Mobile,1,0,1
U4928,2026-01-28,PC,3,0,3
U4929,2026-01-15,PC,5,3,2
U4929,2026-01-16,Mobile,2,0,0
U4929,2026-01-17,Mobile,4,0,0
U4929,2026-01-18,Mobile,4,1,0
U4929,2026-01-19,Mobile,4,1,3
U4929,2026-01-20,Mobile,2,1,1
U4929,2026-01-21,PC,2,1,1
U4929,2026-01-23,Mobile,4,0,2
U4929,2026-01-24,Mobile,3,0,3
U4929,2026-01-26,Mobile,3,0,3
U4929,2026-01-27,Mobile,5,0,0
U4929,2026-01-28,Mobile,1,0,1
U4930,2026-01-15,PC,1,0,0
U4930,2026-01-16,Mobile,3,0,0
U4930,2026-01-17,PC,1,0,0
U4930,2026-01-18,PC,2,0,1
U4930,2026-01-19,Mobile,5,1,4
U4930,2026-01-20,Mobile,2,2,0
U4930,2026-01-21,Mobile,5,0,0
U4930,2026-01-22,PC,2,0,1
U4930,2026-01-23,PC,2,1,0
U4930,2026-01-24,Mobile,5,3,1
U4930,2026-01-25,Mobile,4,1,0
U4930,2026-01-26,PC,3,2,0
U4930,2026-01-27,PC,5,2,1
U4930,2026-01-28,Mobile,4,0,0
U4931,2026-01-15,Mobile,3,1,1
U4931,2026-01-16,Mobile,5,0,0
U4931,2026-01-17,Mobile,5,2,3
U4931,2026-01-18,Mobile,5,0,2
U4931,2026-01-19,Mobile,2,0,2
U4931,2026-01-20,PC,1,0,0
U4931,2026-01-21,Mobile,4,1,0
U4931,2026-01-22,Mobile,1,0,0
U4931,2026-01-23,Mobile,3,2,0
U4931,2026-01-24,PC,4,1,2
U4931,2026-01-25,Mobile,4,1,0
U4931,2026-01-26,PC,4,2,0
U4931,2026-01-27,PC,4,1,0
U4931,2026-01-28,Mobile,1,0,1
U4932,2026-01-15,Mobile,2,0,0
U4932,2026-01-17,Mobile,3,1,0
U4932,2026-01-18,Mobile,2,0,0
U4932,2026-01-20,Mobile,2,0,1
U4932,2026-01-21,Mobile,5,0,0
U4932,2026-01-22,Mobile,1,1,0
U4932,2026-01-24,Mobile,5,0,0
U4932,2026-01-25,Mobile,5,0,0
U4932,2026-01-26,PC,3,0,2
U4932,2026-01-28,Mobile,5,3,2
U4933,2026-01-15,PC,3,0,1
U4933,2026-01-16,Mobile,3,2,1
U4933,2026-01-17,Mobile,4,1,0
U4933,2026-01-18,PC,3,0,1
U4933,2026-01-19,Mobile,5,1,3
U4933,2026-01-20,PC,3,1,2
U4933,2026-01-21,Mobile,5,0,0
U4933,2026-01-22,Mobile,2,2,0
U4933,2026-01-23,Mobile,2,1,0
U4933,2026-01-24,PC,1,0,0
U4933,2026-01-25,Mobile,2,1,1
U4933,2026-01-26,Mobile,2,1,0
U4933,2026-01-27,Mobile,1,0,0
U4933,2026-01-28,PC,4,1,1
U4934,2026-01-15,Mobile,3,1,1
U4934,2026-01-16,Mobile,3,0,1
U4934,2026-01-17,PC,4,0,2
U4934,2026-01-18,PC,1,0,0
U4934,2026-01-19,Mobile,4,4,0
U4934,2026-01-20,PC,4,0,4
U4934,2026-01-21,Mobile,4,1,2
U4934,2026-01-22,Mobile,2,0,0
U4934,2026-01-23,Mobile,5,3,1
U4934,2026-01-24,Mobile,3,0,3
U4934,2026-01-25,Mobile,2,2,0
U4934,2026-01-26,PC,2,1,1
U4934,2026-01-27,PC,4,0,3
U4934,2026-01-28,Mobile,5,4,1
U4935,2026-01-15,Mobile,4,0,0
U4935,2026-01-16,Mobile,2,0,1
U4935,2026-01-18,Mobile,3,0,1
U4935,2026-01-19,Mobile,5,0,1
U4935,2026-01-20,Mobile,4,0,0
U4935,2026-01-21,Mobile,3,0,2
U4935,2026-01-22,Mobile,5,1,2
U4935,2026-01-23,Mobile,3,0,0
U4935,2026-01-24,PC,4,0,0
U4935,2026-01-25,Mobile,4,1,1
U4935,2026-01-26,Mobile,1,0,0
U4935,2026-01-27,PC,2,0,2
U4935,2026-01-28,Mobile,1,0,0
U4936,2026-01-15,Mobile,1,0,0
U4936,2026-01-16,Mobile,2,0,0
U4936,2026-01-17,PC,1,0,0
U4936,2026-01-18,Mobile,3,1,1
U4936,2026-01-19,PC,4,2,1
U4936,2026-01-20,PC,1,0,0
U4936,2026-01-21,Mobile,5,0,0
U4936,2026-01-22,PC,4,0,0
U4936,2026-01-23,PC,2,0,2
U4936,2026-01-24,PC,4,0,0
U4936,2026-01-25,PC,1,0,1
U4936,2026-01-26,Mobile,3,0,3
U4936,2026-01-27,PC,5,0,0
U4937,2026-01-15,Mobile,4,0,2
U4937,2026-01-16,Mobile,5,0,0
U4937,2026-01-17,Mobile,1,0,1
U4937,2026-01-18,PC,5,0,5
U4937,2026-01-19,PC,3,0,0
U4937,2026-01-20,Mobile,2,0,1
U4937,2026-01-21,PC,3,0,0
U4937,2026-01-23,PC,3,1,0
U4937,2026-01-24,Mobile,5,0,0
U4937,2026-01-25,Mobile,3,0,3
U4937,2026-01-26,Mobile,2,1,0
U4937,2026-01-27,PC,4,0,3
U4937,2026-01-28,Mobile,2,0,2
U4938,2026-01-15,Mobile,5,4,1
U4938,2026-01-16,PC,4,2,0
U4938,2026-01-17,PC,5,2,2
U4938,2026-01-18,PC,5,2,0
U4938,2026-01-19,PC,4,0,0
U4938,2026-01-20,PC,3,1,0
U4938,2026-01-21,Mobile,2,0,0
U4938,2026-01-22,PC,3,0,1
U4938,2026-01-23,Mobile,3,1,0
U4938,2026-01-24,Mobile,4,1,1
U4938,2026-01-25,PC,2,0,1
U4938,2026-01-26,Mobile,4,0,1
U4938,2026-01-27,Mobile,3,0,0
U4938,2026-01-28,Mobile,3,0,0
U4939,2026-01-15,PC,1,0,0
U4939,2026-01-16,Mobile,2,0,0
U4939,2026-01-17,Mobile,3,2,0
U4939,2026-01-18,Mobile,5,2,3
U4939,2026-01-19,Mobile,1,1,0
U4939,2026-01-20,PC,2,1,0
U4939,2026-01-21,Mobile,3,1,0
U4939,2026-01-22,Mobile,3,1,0
U4939,2026-01-23,PC,5,1,1
U4939,2026-01-24,Mobile,4,0,0
U4939,2026-01-25,PC,1,0,1
U4939,2026-01-27,PC,5,2,2
U4939,2026-01-28,PC,2,0,0
U4940,2026-01-15,PC,4,0,1
U4940,2026-01-16,Mobile,3,1,2
U4940,2026-01-17,PC,4,0,4
U4940,2026-01-18,PC,2,1,1
U4940,2026-01-19,Mobile,1,0,0
U4940,2026-01-21,Mobile,1,0,1
U4940,2026-01-22,Mobile,5,0,1
U4940,2026-01-23,PC,4,0,1
U4940,2026-01-24,Mobile,1,0,0
U4940,2026-01-25,PC,5,0,5
U4940,2026-01-27,PC,5,0,0
U4940,2026-01-28,Mobile,1,0,0
U4941,2026-01-15,PC,2,0,0
U4941,2026-01-16,PC,5,2,3
U4941,2026-01-17,Mobile,5,1,2
U4941,2026-01-18,Mobile,5,2,3
U4941,2026-01-20,PC,3,1,0
U4941,2026-01-21,PC,2,1,0
U4941,2026-01-22,Mobile,1,0,0
U4941,2026-01-23,PC,5,3,2
U4941,2026-01-24,Mobile,1,0,1
U4941,2026-01-25,Mobile,2,2,0
U4941,2026-01-26,Mobile,4,2,2
U4941,2026-01-27,PC,5,2,3
U4941,2026-01-28,PC,5,4,1
U4942,2026-01-15,PC,2,1,1
U4942,2026-01-16,Mobile,2,0,2
U4942,2026-01-17,PC,3,2,1
U4942,2026-01-18,Mobile,3,0,1
U4942,2026-01-19,Mobile,2,0,2
U4942,2026-01-20,PC,1,0,0
U4942,2026-01-21,PC,5,0,0
U4942,2026-01-22,Mobile,3,0,2
U4942,2026-01-23,Mobile,5,0,0
U4942,2026-01-24,Mobile,2,0,1
U4942,2026-01-25,Mobile,2,0,1
U4942,2026-01-26,PC,4,0,4
U4942,2026-01-27,Mobile,2,0,0
U4942,2026-01-28,PC,4,1,2
U4943,2026-01-15,PC,5,2,2
U4943,2026-01-16,PC,3,1,0
U4943,2026-01-17,Mobile,2,2,0
U4943,2026-01-18,Mobile,5,3,0
U4943,2026-01-20,Mobile,1,0,1
U4943,2026-01-21,Mobile,2,0,0
U4943,2026-01-22,Mobile,5,2,2
U4943,2026-01-23,Mobile,1,1,0
U4943,2026-01-24,Mobile,1,1,0
U4943,2026-01-25,Mobile,1,1,0
U4943,2026-01-26,Mobile,3,3,0
U4943,2026-01-27,PC,2,2,0
U4943,2026-01-28,PC,5,0,0
U4944,2026-01-15,Mobile,1,1,0
U4944,2026-01-16,Mobile,2,1,0
U4944,2026-01-17,Mobile,4,0,1
U4944,2026-01-19,Mobile,4,1,0
U4944,2026-01-20,PC,2,0,1
U4944,2026-01-21,PC,1,0,0
U4944,2026-01-22,Mobile,5,3,1
U4944,2026-01-23,PC,3,2,1
U4944,2026-01-24,PC,2,1,0
U4944,2026-01-26,Mobile,5,2,2
U4944,2026-01-27,PC,5,4,0
U4944,2026-01-28,Mobile,4,0,0
U4945,2026-01-15,Mobile,4,3,1
U4945,2026-01-16,PC,5,1,0
U4945,2026-01-17,Mobile,4,0,0
U4945,2026-01-18,PC,1,0,1
U4945,2026-01-19,Mobile,4,0,0
U4945,2026-01-20,PC,1,0,0
U4945,2026-01-21,Mobile,5,0,0
U4945,2026-01-22,PC,5,0,4
U4945,2026-01-23,Mobile,4,0,0
U4945,2026-01-24,Mobile,3,0,3
U4945,2026-01-25,Mobile,2,1,1
U4945,2026-01-26,Mobile,2,0,0
U4945,2026-01-27,PC,5,1,3
U4945,2026-01-28,PC,3,2,1
U4946,2026-01-15,PC,1,0,1
U4946,2026-01-16,PC,2,2,0
U4946,2026-01-17,Mobile,2,0,0
U4946,2026-01-18,Mobile,5,1,0
U4946,2026-01-19,Mobile,1,1,0
U4946,2026-01-20,Mobile,3,2,1
U4946,2026-01-21,Mobile,3,1,1
U4946,2026-01-22,Mobile,2,0,1
U4946,2026-01-24,PC,1,0,1
U4946,2026-01-25,Mobile,1,0,0
U4946,2026-01-26,PC,2,0,1
U4946,2026-01-27,PC,4,3,1
U4946,2026-01-28,PC,5,1,2
U4947,2026-01-15,Mobile,2,0,0
U4947,2026-01-16,Mobile,5,1,3
U4947,2026-01-17,Mobile,1,0,0
U4947,2026-01-18,PC,2,0,0
U4947,2026-01-19,Mobile,3,0,1
U4947,2026-01-20,Mobile,4,1,1
U4947,2026-01-21,PC,3,1,0
U4947,2026-01-22,PC,1,0,1
U4947,2026-01-24,PC,5,2,3
U4947,2026-01-26,Mobile,2,0,2
U4947,2026-01-27,Mobile,2,0,1
U4947,2026-01-28,PC,3,0,0
U4948,2026-01-15,PC,3,0,0
U4948,2026-01-17,Mobile,2,0,1
U4948,2026-01-19,Mobile,2,1,0
U4948,2026-01-20,Mobile,5,1,1
U4948,2026-01-21,PC,5,1,1
U4948,2026-01-22,PC,2,0,1
U4948,2026-01-23,PC,3,0,0
U4948,2026-01-24,PC,4,0,1
U4948,2026-01-25,Mobile,3,0,0
U4948,2026-01-26,PC,5,1,1
U4948,2026-01-27,Mobile,3,0,0
U4948,2026-01-28,Mobile,5,1,2
U4949,2026-01-15,Mobile,2,1,0
U4949,2026-01-16,Mobile,5,1,4
U4949,2026-01-17,PC,2,0,1
U4949,2026-01-19,Mobile,2,0,0
U4949,2026-01-20,Mobile,2,0,1
U4949,2026-01-21,Mobile,1,0,0
U4949,2026-01-22,PC,4,1,1
U4949,2026-01-23,Mobile,1,0,0
U4949,2026-01-24,Mobile,3,0,1
U4949,2026-01-25,PC,2,0,0
U4949,2026-01-26,Mobile,5,0,1
U4949,2026-01-27,Mobile,1,0,1
U4949,2026-01-28,PC,3,0,3
U4950,2026-01-15,Mobile,4,0,1
U4950,2026-01-16,Mobile,2,0,0
U4950,2026-01-17,Mobile,4,1,3
U4950,2026-01-18,PC,3,1,2
U4950,2026-01-19,Mobile,3,0,0
U4950,2026-01-20,Mobile,4,1,0
U4950,2026-01-21,Mobile,5,0,0
U4950,2026-01-22,Mobile,1,0,0
U4950,2026-01-23,PC,2,0,0
U4950,2026-01-24,PC,1,0,1
U4950,2026-01-25,Mobile,2,0,1
U4950,2026-01-26,PC,1,0,0
U4950,2026-01-27,PC,5,0,1
U4950,2026-01-28,PC,2,0,1
U4951,2026-01-16,PC,1,0,0
U4951,2026-01-17,Mobile,4,0,0
U4951,2026-01-18,PC,1,0,1
U4951,2026-01-19,PC,4,1,3
U4951,2026-01-20,PC,4,0,2
U4951,2026-01-21,Mobile,4,0,0
U4951,2026-01-22,Mobile,3,0,2
U4951,2026-01-23,Mobile,4,2,0
U4951,2026-01-24,Mobile,1,1,0
U4951,2026-01-25,PC,4,1,3
U4951,2026-01-26,Mobile,2,1,1
U4951,2026-01-27,Mobile,5,0,1
U4951,2026-01-28,Mobile,2,1,0
U4952,2026-01-15,Mobile,1,0,0
U4952,2026-01-16,PC,3,1,2
U4952,2026-01-17,Mobile,3,1,2
U4952,2026-01-18,Mobile,4,0,3
U4952,2026-01-19,Mobile,5,1,2
U4952,2026-01-20,Mobile,1,1,0
U4952,2026-01-22,PC,2,0,0
U4952,2026-01-23,PC,3,1,0
U4952,2026-01-24,Mobile,2,0,1
U4952,2026-01-25,Mobile,3,1,1
U4952,2026-01-27,Mobile,2,0,0
U4952,2026-01-28,Mobile,4,0,0
U4953,2026-01-15,Mobile,2,1,0
U4953,2026-01-16,Mobile,5,2,1
U4953,2026-01-17,Mobile,3,2,0
U4953,2026-01-18,Mobile,3,0,1
U4953,2026-01-20,Mobile,5,2,2
U4953,2026-01-21,PC,3,0,0
U4953,2026-01-22,PC,1,0,1
U4953,2026-01-23,Mobile,3,0,0
U4953,2026-01-24,Mobile,2,1,0
U4953,2026-01-25,Mobile,1,0,0
U4953,2026-01-26,PC,3,1,2
U4953,2026-01-27,Mobile,2,0,0
U4953,2026-01-28,Mobile,4,0,0
U4954,2026-01-15,Mobile,4,0,1
U4954,2026-01-16,PC,1,0,0
U4954,2026-01-17,Mobile,1,0,1
U4954,2026-01-18,PC,3,0,1
U4954,2026-01-19,Mobile,3,0,1
U4954,2026-01-21,Mobile,2,0,2
U4954,2026-01-23,PC,4,2,0
U4954,2026-01-24,PC,5,1,1
U4954,2026-01-25,Mobile,3,0,1
U4954,2026-01-26,Mobile,4,1,3
U4954,2026-01-27,Mobile,1,0,1
U4954,2026-01-28,Mobile,2,1,1
U4955,2026-01-15,Mobile,2,0,0
U4955,2026-01-16,PC,3,0,0
U4955,2026-01-17,Mobile,4,0,0
U4955,2026-01-18,PC,2,0,1
U4955,2026-01-19,PC,1,0,1
U4955,2026-01-20,PC,3,0,0
U4955,2026-01-21,Mobile,5,1,2
U4955,2026-01-22,Mobile,4,1,0
U4955,2026-01-23,PC,3,0,0
U4955,2026-01-24,Mobile,4,1,3
U4955,2026-01-25,Mobile,5,0,0
U4955,2026-01-26,PC,3,0,3
U4955,2026-01-27,Mobile,1,0,0
U4955,2026-01-28,Mobile,2,0,2
U4956,2026-01-15,Mobile,4,2,0
U4956,2026-01-16,PC,4,1,3
U4956,2026-01-17,Mobile,2,0,0
U4956,2026-01-18,Mobile,4,0,0
U4956,2026-01-19,PC,2,0,2
U4956,2026-01-20,Mobile,4,1,2
U4956,2026-01-21,Mobile,3,0,3
U4956,2026-01-22,Mobile,2,0,0
U4956,2026-01-23,PC,5,1,1
U4956,2026-01-24,Mobile,1,0,1
U4956,2026-01-25,Mobile,3,1,2
U4956,2026-01-26,Mobile,3,1,0
U4956,2026-01-27,Mobile,5,0,0
U4957,2026-01-15,Mobile,2,1,1
U4957,2026-01-16,PC,5,0,0
U4957,2026-01-17,PC,1,0,1
U4957,2026-01-18,PC,3,1,2
U4957,2026-01-19,PC,4,0,4
U4957,2026-01-20,PC,5,2,1
U4957,2026-01-21,Mobile,1,0,0
U4957,2026-01-22,Mobile,3,1,2
U4957,2026-01-23,PC,5,1,1
U4957,2026-01-24,Mobile,2,0,1
U4957,2026-01-25,PC,1,0,0
U4957,2026-01-26,PC,5,1,4
U4957,2026-01-27,PC,4,1,3
U4957,2026-01-28,PC,5,1,4
U4958,2026-01-15,Mobile,1,0,0
U4958,2026-01-16,PC,5,1,4
U4958,2026-01-17,Mobile,3,0,3
U4958,2026-01-18,Mobile,5,1,3
U4958,2026-01-19,Mobile,5,0,1
U4958,2026-01-20,PC,3,0,2
U4958,2026-01-21,Mobile,2,0,1
U4958,2026-01-22,Mobile,2,1,1
U4958,2026-01-23,Mobile,2,0,2
U4958,2026-01-25,PC,4,0,1
U4958,2026-01-26,Mobile,2,0,0
U4958,2026-01-27,Mobile,4,0,1
U4958,2026-01-28,PC,4,0,1
U4959,2026-01-15,Mobile,3,1,0
U4959,2026-01-16,Mobile,3,2,1
U4959,2026-01-17,Mobile,4,2,1
U4959,2026-01-18,Mobile,4,1,1
U4959,2026-01-19,Mobile,1,0,1
U4959,2026-01-20,Mobile,5,0,0
U4959,2026-01-21,Mobile,1,1,0
U4959,2026-01-22,Mobile,5,1,3
U4959,2026-01-23,Mobile,4,0,0
U4959,2026-01-24,Mobile,4,0,0
U4959,2026-01-25,Mobile,4,0,0
U4959,2026-01-26,Mobile,5,2,2
U4959,2026-01-27,PC,5,0,0
U4959,2026-01-28,PC,3,1,1
U4960,2026-01-15,PC,1,1,0
U4960,2026-01-17,Mobile,2,0,0
U4960,2026-01-18,PC,3,0,0
U4960,2026-01-19,Mobile,1,0,1
U4960,2026-01-20,PC,3,0,2
U4960,2026-01-21,PC,4,0,0
U4960,2026-01-22,PC,5,1,1
U4960,2026-01-23,Mobile,2,1,0
U4960,2026-01-24,Mobile,2,1,1
U4960,2026-01-25,Mobile,5,3,2
U4961,2026-01-15,PC,5,2,3
U4961,2026-01-16,Mobile,5,3,2
U4961,2026-01-17,Mobile,1,1,0
U4961,2026-01-18,Mobile,1,0,0
U4961,2026-01-19,Mobile,5,2,2
U4961,2026-01-21,Mobile,3,0,0
U4961,2026-01-22,PC,3,0,0
U4961,2026-01-23,PC,1,0,0
U4961,2026-01-24,Mobile,4,2,2
U4961,2026-01-25,PC,2,0,0
U4961,2026-01-26,Mobile,4,2,2
U4961,2026-01-27,Mobile,1,0,0
U4961,2026-01-28,Mobile,3,0,0
U4962,2026-01-16,Mobile,3,1,0
U4962,2026-01-18,PC,3,1,1
U4962,2026-01-19,Mobile,3,1,0
U4962,2026-01-20,Mobile,4,0,0
U4962,2026-01-21,Mobile,3,1,1
U4962,2026-01-22,PC,2,0,2
U4962,2026-01-24,PC,4,1,3
U4962,2026-01-25,Mobile,3,0,0
U4962,2026-01-26,Mobile,3,3,0
U4962,2026-01-27,Mobile,2,0,0
U4962,2026-01-28,PC,1,1,0
U4963,2026-01-15,Mobile,4,0,1
U4963,2026-01-17,PC,3,1,0
U4963,2026-01-18,PC,5,0,0
U4963,2026-01-19,PC,1,0,0
U4963,2026-01-20,PC,4,2,0
U4963,2026-01-21,PC,3,2,1
U4963,2026-01-23,PC,5,1,2
U4963,2026-01-25,Mobile,2,0,0
U4963,2026-01-26,Mobile,2,0,0
U4963,2026-01-27,PC,1,0,0
U4963,2026-01-28,Mobile,3,0,3
U4964,2026-01-15,Mobile,1,0,0
U4964,2026-01-16,Mobile,3,2,0
U4964,2026-01-17,Mobile,1,0,1
U4964,2026-01-18,Mobile,5,2,2
U4964,2026-01-20,PC,4,2,1
U4964,2026-01-21,Mobile,3,0,2
U4964,2026-01-22,Mobile,2,0,2
U4964,2026-01-23,Mobile,4,0,2
U4964,2026-01-24,PC,5,2,3
U4964,2026-01-25,Mobile,5,0,1
U4964,2026-01-26,Mobile,2,0,0
U4964,2026-01-27,PC,1,0,0
U4964,2026-01-28,Mobile,5,1,4
U4965,2026-01-15,Mobile,3,0,0
U4965,2026-01-17,PC,5,2,3
U4965,2026-01-20,PC,1,0,1
U4965,2026-01-21,Mobile,1,0,0
U4965,2026-01-22,PC,3,0,0
U4965,2026-01-23,PC,4,0,2
U4965,2026-01-24,Mobile,4,1,1
U4965,2026-01-25,PC,3,1,2
U4965,2026-01-26,PC,1,0,1
U4965,2026-01-27,PC,2,0,1
U4965,2026-01-28,Mobile,1,0,0
U4966,2026-01-15,Mobile,2,1,0
U4966,2026-01-16,PC,3,3,0
U4966,2026-01-17,PC,5,0,0
U4966,2026-01-18,PC,4,3,0
U4966,2026-01-19,Mobile,5,4,1
U4966,2026-01-20,Mobile,4,1,1
U4966,2026-01-21,Mobile,2,1,1
U4966,2026-01-22,Mobile,3,0,1
U4966,2026-01-23,Mobile,2,1,0
U4966,2026-01-24,PC,5,0,0
U4966,2026-01-25,PC,3,2,1
U4966,2026-01-26,PC,4,0,0
U4966,2026-01-27,Mobile,3,1,1
U4966,2026-01-28,Mobile,5,1,1
U4967,2026-01-15,Mobile,5,0,0
U4967,2026-01-16,Mobile,3,3,0
U4967,2026-01-17,PC,3,1,1
U4967,2026-01-19,Mobile,5,2,1
U4967,2026-01-20,PC,5,1,0
U4967,2026-01-21,Mobile,1,0,1
U4967,2026-01-23,PC,2,2,0
U4967,2026-01-24,PC,4,2,2
U4967,2026-01-25,PC,5,2,1
U4967,2026-01-26,PC,2,1,0
U4967,2026-01-28,Mobile,4,0,0
U4968,2026-01-15,PC,5,2,1
U4968,2026-01-16,Mobile,1,0,1
U4968,2026-01-17,PC,2,0,0
U4968,2026-01-18,PC,4,0,4
U4968,2026-01-19,PC,5,0,0
U4968,2026-01-20,Mobile,2,0,2
U4968,2026-01-21,Mobile,4,0,4
U4968,2026-01-22,Mobile,4,1,2
U4968,2026-01-23,Mobile,1,0,1
U4968,2026-01-24,Mobile,2,0,2
U4968,2026-01-25,Mobile,5,0,0
U4968,2026-01-26,Mobile,5,0,1
U4968,2026-01-27,Mobile,5,1,0
U4968,2026-01-28,PC,5,1,4
U4969,2026-01-15,PC,4,2,1
U4969,2026-01-16,PC,3,1,1
U4969,2026-01-17,Mobile,4,0,0
U4969,2026-01-18,Mobile,3,0,0
U4969,2026-01-19,Mobile,4,1,1
U4969,2026-01-20,Mobile,1,0,1
U4969,2026-01-22,Mobile,4,0,2
U4969,2026-01-23,Mobile,1,1,0
U4969,2026-01-24,Mobile,5,1,1
U4969,2026-01-25,PC,1,0,1
U4969,2026-01-28,PC,1,1,0
U4970,2026-01-15,PC,5,2,2
U4970,2026-01-16,PC,2,0,1
U4970,2026-01-17,Mobile,4,2,1
U4970,2026-01-18,Mobile,3,0,0
U4970,2026-01-20,Mobile,1,1,0
U4970,2026-01-21,Mobile,5,3,1
U4970,2026-01-23,PC,2,2,0
U4970,2026-01-24,PC,5,1,0
U4970,2026-01-25,Mobile,5,1,0
U4970,2026-01-26,Mobile,3,1,2
U4970,2026-01-27,Mobile,2,0,0
U4971,2026-01-16,PC,3,2,1
U4971,2026-01-17,PC,3,0,3
U4971,2026-01-18,Mobile,2,0,0
U4971,2026-01-20,Mobile,4,1,0
U4971,2026-01-21,PC,4,0,2
U4971,2026-01-22,PC,3,0,2
U4971,2026-01-23,Mobile,1,0,1
U4971,2026-01-24,Mobile,3,0,0
U4971,2026-01-25,PC,2,0,1
U4971,2026-01-26,Mobile,5,0,3
U4971,2026-01-27,PC,4,1,3
U4971,2026-01-28,Mobile,2,0,2
U4972,2026-01-16,PC,4,0,0
U4972,2026-01-17,Mobile,1,0,1
U4972,2026-01-18,Mobile,1,1,0
U4972,2026-01-19,Mobile,1,0,0
U4972,2026-01-20,PC,5,5,0
U4972,2026-01-21,Mobile,3,0,0
U4972,2026-01-22,Mobile,5,0,0
U4972,2026-01-23,Mobile,4,2,1
U4972,2026-01-24,PC,5,0,0
U4972,2026-01-25,Mobile,3,0,0
U4972,2026-01-26,Mobile,4,2,0
U4972,2026-01-27,Mobile,5,2,1
U4972,2026-01-28,Mobile,3,0,3
U4973,2026-01-15,Mobile,1,1,0
U4973,2026-01-16,Mobile,3,0,0
U4973,2026-01-17,Mobile,4,2,2
U4973,2026-01-18,Mobile,5,0,1
U4973,2026-01-19,PC,2,1,0
U4973,2026-01-20,Mobile,1,1,0
U4973,2026-01-21,PC,4,1,1
U4973,2026-01-22,Mobile,2,0,0
U4973,2026-01-23,PC,4,1,1
U4973,2026-01-24,Mobile,2,0,0
U4973,2026-01-25,Mobile,5,0,0
U4973,2026-01-26,PC,1,0,0
U4973,2026-01-27,Mobile,3,0,1
U4973,2026-01-28,PC,1,0,1
U4974,2026-01-15,PC,5,1,2
U4974,2026-01-18,Mobile,5,3,0
U4974,2026-01-19,Mobile,1,0,0
U4974,2026-01-21,Mobile,2,0,0
U4974,2026-01-22,PC,2,0,0
U4974,2026-01-25,Mobile,3,2,0
U4974,2026-01-26,Mobile,3,0,0
U4974,2026-01-27,Mobile,5,1,1
U4974,2026-01-28,PC,2,2,0
U4975,2026-01-15,Mobile,5,1,0
U4975,2026-01-16,Mobile,2,0,0
U4975,2026-01-18,Mobile,4,0,0
U4975,2026-01-19,PC,4,1,0
U4975,2026-01-20,Mobile,3,0,2
U4975,2026-01-21,Mobile,3,0,2
U4975,2026-01-22,PC,2,0,0
U4975,2026-01-23,Mobile,1,1,0
U4975,2026-01-24,PC,2,1,1
U4975,2026-01-25,Mobile,1,0,0
U4975,2026-01-27,Mobile,3,0,0
U4975,2026-01-28,PC,1,0,1
U4976,2026-01-15,PC,3,0,3
U4976,2026-01-16,PC,4,0,1
U4976,2026-01-17,PC,2,0,2
U4976,2026-01-18,Mobile,4,3,0
U4976,2026-01-19,Mobile,1,0,1
U4976,2026-01-20,PC,3,0,0
U4976,2026-01-21,PC,1,0,0
U4976,2026-01-22,Mobile,1,0,0
U4976,2026-01-23,Mobile,1,0,1
U4976,2026-01-24,PC,1,0,1
U4976,2026-01-25,Mobile,1,0,0
U4976,2026-01-26,PC,3,1,0
U4976,2026-01-27,Mobile,2,0,0
U4976,2026-01-28,PC,5,1,3
U4977,2026-01-15,PC,2,0,2
U4977,2026-01-16,PC,3,0,1
U4977,2026-01-17,Mobile,5,0,0
U4977,2026-01-18,PC,1,0,0
U4977,2026-01-19,Mobile,2,0,2
U4977,2026-01-20,Mobile,4,0,3
U4977,2026-01-21,Mobile,5,0,2
U4977,2026-01-23,Mobile,5,2,2
U4977,2026-01-24,Mobile,5,0,2
U4977,2026-01-25,PC,1,0,0
U4977,2026-01-26,Mobile,2,0,1
U4977,2026-01-27,Mobile,4,1,0
U4978,2026-01-15,PC,3,0,1
U4978,2026-01-16,Mobile,3,1,0
U4978,2026-01-17,PC,3,0,0
U4978,2026-01-18,PC,2,0,0
U4978,2026-01-19,Mobile,3,1,2
U4978,2026-01-20,PC,2,0,1
U4978,2026-01-21,Mobile,1,0,0
U4978,2026-01-22,PC,5,1,3
U4978,2026-01-24,Mobile,4,0,0
U4978,2026-01-25,Mobile,3,0,2
U4978,2026-01-26,PC,2,0,1
U4978,2026-01-27,Mobile,4,0,1
U4978,2026-01-28,Mobile,1,0,0
U4979,2026-01-16,Mobile,3,0,0
U4979,2026-01-17,Mobile,5,1,1
U4979,2026-01-18,Mobile,4,1,2
U4979,2026-01-19,PC,4,3,1
U4979,2026-01-20,Mobile,2,0,1
U4979,2026-01-21,Mobile,4,0,4
U4979,2026-01-22,Mobile,4,1,3
U4979,2026-01-24,Mobile,1,0,1
U4979,2026-01-25,PC,4,0,4
U4979,2026-01-26,PC,4,0,1
U4979,2026-01-28,PC,3,1,1
U4980,2026-01-15,PC,5,0,1
U4980,2026-01-16,Mobile,2,0,0
U4980,2026-01-18,Mobile,2,1,0
U4980,2026-01-20,PC,2,0,2
U4980,2026-01-21,PC,1,0,1
U4980,2026-01-22,PC,2,1,0
U4980,2026-01-23,Mobile,1,0,1
U4980,2026-01-24,PC,5,1,4
U4980,2026-01-25,Mobile,4,0,3
U4980,2026-01-26,Mobile,2,0,0
U4980,2026-01-27,PC,4,1,2
U4980,2026-01-28,PC,1,0,1
U4981,2026-01-16,Mobile,2,0,0
U4981,2026-01-17,Mobile,2,0,1
U4981,2026-01-19,PC,1,0,1
U4981,2026-01-20,Mobile,2,0,0
U4981,2026-01-21,Mobile,1,0,1
U4981,2026-01-22,Mobile,3,0,2
U4981,2026-01-23,PC,2,2,0
U4981,2026-01-24,Mobile,2,0,0
U4981,2026-01-26,Mobile,4,0,0
U4981,2026-01-27,Mobile,1,0,0
U4981,2026-01-28,Mobile,2,0,0
U4982,2026-01-15,Mobile,4,0,1
U4982,2026-01-16,Mobile,1,0,0
U4982,2026-01-17,Mobile,1,1,0
U4982,2026-01-18,PC,3,1,2
U4982,2026-01-19,Mobile,4,4,0
U4982,2026-01-20,PC,3,0,1
U4982,2026-01-21,Mobile,2,0,1
U4982,2026-01-22,PC,3,0,1
U4982,2026-01-23,PC,4,1,0
U4982,2026-01-24,PC,4,0,1
U4982,2026-01-28,Mobile,5,0,0
U4983,2026-01-15,PC,4,0,1
U4983,2026-01-16,Mobile,2,0,0
U4983,2026-01-17,PC,1,0,0
U4983,2026-01-18,Mobile,2,1,0
U4983,2026-01-19,Mobile,5,1,1
U4983,2026-01-20,Mobile,1,0,0
U4983,2026-01-21,Mobile,3,2,1
U4983,2026-01-22,PC,1,0,1
U4983,2026-01-23,PC,2,1,1
U4983,2026-01-24,PC,3,0,1
U4983,2026-01-25,PC,2,0,1
U4983,2026-01-26,Mobile,4,3,1
U4983,2026-01-27,Mobile,3,2,1
U4984,2026-01-15,Mobile,2,0,1
U4984,2026-01-16,Mobile,1,0,1
U4984,2026-01-17,Mobile,2,0,0
U4984,2026-01-18,Mobile,2,1,1
U4984,2026-01-19,Mobile,5,0,1
U4984,2026-01-20,Mobile,4,1,2
U4984,2026-01-21,Mobile,4,1,1
U4984,2026-01-22,PC,2,0,2
U4984,2026-01-24,PC,5,1,4
U4984,2026-01-25,Mobile,2,1,1
U4984,2026-01-26,Mobile,1,1,0
U4984,2026-01-27,Mobile,5,1,0
U4984,2026-01-28,Mobile,3,0,2
U4985,2026-01-17,Mobile,1,0,0
U4985,2026-01-18,Mobile,2,0,0
U4985,2026-01-19,PC,1,1,0
U4985,2026-01-20,Mobile,3,0,2
U4985,2026-01-21,Mobile,2,0,2
U4985,2026-01-22,PC,1,0,0
U4985,2026-01-24,Mobile,5,1,2
U4985,2026-01-25,Mobile,4,0,0
U4985,2026-01-27,Mobile,4,3,0
U4985,2026-01-28,Mobile,3,0,2
U4986,2026-01-15,PC,4,2,1
U4986,2026-01-16,Mobile,1,0,0
U4986,2026-01-17,Mobile,4,1,2
U4986,2026-01-18,Mobile,2,0,0
U4986,2026-01-19,Mobile,4,2,1
U4986,2026-01-20,Mobile,2,1,0
U4986,2026-01-21,Mobile,2,1,1
U4986,2026-01-22,Mobile,3,1,0
U4986,2026-01-23,Mobile,2,0,0
U4986,2026-01-24,PC,1,0,1
U4986,2026-01-25,Mobile,3,1,1
U4986,2026-01-26,Mobile,3,1,1
U4986,2026-01-27,Mobile,1,1,0
U4986,2026-01-28,Mobile,4,0,0
U4987,2026-01-15,Mobile,4,1,2
U4987,2026-01-16,PC,1,0,0
U4987,2026-01-17,PC,4,0,1
U4987,2026-01-18,PC,1,0,0
U4987,2026-01-20,PC,3,1,0
U4987,2026-01-21,PC,5,2,3
U4987,2026-01-22,Mobile,5,0,4
U4987,2026-01-23,PC,2,0,0
U4987,2026-01-24,PC,3,0,0
U4987,2026-01-25,Mobile,2,1,1
U4987,2026-01-26,PC,1,0,1
U4988,2026-01-16,Mobile,2,0,0
U4988,2026-01-17,Mobile,4,2,0
U4988,2026-01-19,Mobile,2,0,0
U4988,2026-01-20,Mobile,1,0,1
U4988,2026-01-21,Mobile,1,0,1
U4988,2026-01-22,Mobile,4,3,1
U4988,2026-01-23,PC,2,2,0
U4988,2026-01-25,PC,2,1,1
U4988,2026-01-26,PC,1,1,0
U4988,2026-01-27,Mobile,5,1,2
U4988,2026-01-28,Mobile,4,1,2
U4989,2026-01-15,Mobile,3,0,2
U4989,2026-01-16,PC,1,0,1
U4989,2026-01-17,Mobile,2,1,0
U4989,2026-01-18,PC,4,0,0
U4989,2026-01-19,PC,2,0,2
U4989,2026-01-20,Mobile,2,1,0
U4989,2026-01-21,PC,1,0,1
U4989,2026-01-22,Mobile,5,1,1
U4989,2026-01-23,Mobile,3,1,1
U4989,2026-01-24,PC,3,1,0
U4989,2026-01-25,Mobile,1,0,1
U4989,2026-01-26,Mobile,4,1,1
U4989,2026-01-27,PC,1,0,1
U4989,2026-01-28,PC,3,1,0
U4990,2026-01-15,Mobile,2,0,2
U4990,2026-01-16,PC,2,1,0
U4990,2026-01-17,PC,1,0,1
U4990,2026-01-18,Mobile,5,1,2
U4990,2026-01-19,Mobile,5,1,3
U4990,2026-01-20,Mobile,5,0,5
U4990,2026-01-21,Mobile,4,1,3
U4990,2026-01-23,PC,2,0,0
U4990,2026-01-24,Mobile,3,1,1
U4990,2026-01-25,PC,4,0,0
U4990,2026-01-26,PC,2,0,2
U4990,2026-01-27,PC,4,0,1
U4990,2026-01-28,Mobile,4,0,1
U4991,2026-01-15,PC,1,0,1
U4991,2026-01-16,PC,4,1,1
U4991,2026-01-17,Mobile,2,0,0
U4991,2026-01-18,PC,1,0,1
U4991,2026-01-19,PC,5,1,0
U4991,2026-01-20,Mobile,4,0,2
U4991,2026-01-21,PC,2,0,0
U4991,2026-01-22,Mobile,1,0,1
U4991,2026-01-23,Mobile,2,0,0
U4991,2026-01-24,PC,1,0,0
U4991,2026-01-25,PC,2,0,0
U4991,2026-01-26,Mobile,1,0,0
U4991,2026-01-27,Mobile,1,0,0
U4992,2026-01-15,Mobile,5,1,4
U4992,2026-01-16,PC,1,0,1
U4992,2026-01-17,PC,5,1,2
U4992,2026-01-19,PC,3,0,0
U4992,2026-01-20,Mobile,4,0,2
U4992,2026-01-21,Mobile,5,0,1
U4992,2026-01-25,PC,1,0,0
U4992,2026-01-26,Mobile,3,0,0
U4992,2026-01-27,Mobile,5,0,1
U4992,2026-01-28,PC,2,0,0
U4993,2026-01-15,PC,5,2,1
U4993,2026-01-16,Mobile,1,0,1
U4993,2026-01-17,Mobile,4,2,1
U4993,2026-01-18,Mobile,5,1,0
U4993,2026-01-19,Mobile,4,0,3
U4993,2026-01-20,Mobile,3,0,0
U4993,2026-01-21,Mobile,5,1,1
U4993,2026-01-22,Mobile,2,0,0
U4993,2026-01-23,PC,5,0,0
U4993,2026-01-24,Mobile,3,0,0
U4993,2026-01-25,Mobile,3,2,0
U4993,2026-01-26,Mobile,1,1,0
U4993,2026-01-27,PC,2,1,0
U4993,2026-01-28,Mobile,4,2,2
U4994,2026-01-15,Mobile,4,1,2
U4994,2026-01-16,PC,2,1,0
U4994,2026-01-17,PC,5,2,3
U4994,2026-01-18,Mobile,2,1,0
U4994,2026-01-19,Mobile,3,1,0
U4994,2026-01-20,Mobile,4,0,1
U4994,2026-01-22,Mobile,5,3,1
U4994,2026-01-23,PC,4,0,1
U4994,2026-01-24,Mobile,1,0,0
U4994,2026-01-25,Mobile,1,0,0
U4994,2026-01-27,PC,4,0,1
U4994,2026-01-28,Mobile,5,1,1
U4995,2026-01-15,Mobile,3,1,1
U4995,2026-01-16,Mobile,4,2,2
U4995,2026-01-17,Mobile,4,0,4
U4995,2026-01-18,Mobile,2,0,2
U4995,2026-01-20,Mobile,1,0,1
U4995,2026-01-21,Mobile,1,1,0
U4995,2026-01-22,Mobile,5,0,0
U4995,2026-01-23,Mobile,4,1,3
U4995,2026-01-24,PC,3,0,0
U4995,2026-01-25,Mobile,3,1,1
U4995,2026-01-26,Mobile,5,0,0
U4995,2026-01-27,PC,3,0,2
U4995,2026-01-28,Mobile,3,0,3
U4996,2026-01-15,PC,2,0,0
U4996,2026-01-16,PC,1,0,0
U4996,2026-01-17,PC,4,0,2
U4996,2026-01-18,Mobile,5,0,2
U4996,2026-01-19,Mobile,1,0,1
U4996,2026-01-20,Mobile,5,1,4
U4996,2026-01-21,PC,2,0,0
U4996,2026-01-22,Mobile,2,0,2
U4996,2026-01-23,PC,1,1,0
U4996,2026-01-24,PC,3,0,3
U4996,2026-01-25,Mobile,5,0,5
U4996,2026-01-26,Mobile,5,0,2
U4996,2026-01-27,Mobile,1,0,0
U4997,2026-01-15,Mobile,2,0,1
U4997,2026-01-16,Mobile,4,0,0
U4997,2026-01-17,Mobile,2,0,1
U4997,2026-01-18,Mobile,5,2,3
U4997,2026-01-19,PC,3,1,2
U4997,2026-01-20,PC,3,0,1
U4997,2026-01-21,PC,4,3,0
U4997,2026-01-22,PC,5,1,0
U4997,2026-01-23,PC,5,0,0
U4997,2026-01-24,PC,5,4,1
U4997,2026-01-25,Mobile,3,1,2
U4997,2026-01-27,PC,1,1,0
U4997,2026-01-28,Mobile,1,0,0
U4998,2026-01-15,Mobile,1,0,0
U4998,2026-01-17,PC,1,1,0
U4998,2026-01-18,Mobile,3,1,2
U4998,2026-01-19,PC,2,0,2
U4998,2026-01-20,PC,5,0,4
U4998,2026-01-21,Mobile,2,1,1
U4998,2026-01-22,Mobile,4,1,1
U4998,2026-01-23,PC,2,1,1
U4998,2026-01-25,PC,3,0,1
U4998,2026-01-26,Mobile,3,1,1
U4998,2026-01-27,Mobile,3,0,0
U4998,2026-01-28,Mobile,2,0,1
U4999,2026-01-15,Mobile,4,1,0
U4999,2026-01-17,Mobile,4,2,2
U4999,2026-01-18,Mobile,1,0,0
U4999,2026-01-19,PC,3,2,1
U4999,2026-01-20,Mobile,5,0,5
U4999,2026-01-21,Mobile,2,0,1
U4999,2026-01-22,PC,2,0,2
U4999,2026-01-23,Mobile,1,1,0
U4999,2026-01-24,PC,1,0,0
U4999,2026-01-26,Mobile,1,0,1
U4999,2026-01-28,Mobile,4,0,4
U5000,2026-01-15,PC,1,1,0
U5000,2026-01-16,Mobile,2,1,1
U5000,2026-01-17,Mobile,3,0,1
U5000,2026-01-18,Mobile,3,1,0
U5000,2026-01-19,Mobile,2,0,0
U5000,2026-01-20,Mobile,3,1,2
U5000,2026-01-21,Mobile,2,1,1
U5000,2026-01-22,Mobile,3,1,0
U5000,2026-01-23,Mobile,3,0,2
U5000,2026-01-24,Mobile,4,1,2
U5000,2026-01-25,PC,4,1,3
U5000,2026-01-26,Mobile,5,1,2
U5000,2026-01-27,Mobile,3,1,1
U5000,2026-01-28,PC,4,0,2
